Datum,Latitude,Longitude,UUID,MOVEMENT_C,MOVEMENT_D,Rainfall_7d_mm,Rainfall_14d_mm,Rainfall_21d_mm
2024-10-02 00:00:00,46.70025318766257,12.370473526391768,88312458-fa9c-11ef-b94d-ea6559d31cf8,2.0,Gleitung rotational/translational,1.66436767578125,0.64,0.2
2024-03-02 00:00:00,46.72475733759582,11.882005300940516,f1cb0346-bd1d-11ef-84d1-0242ac120012,2.0,Gleitung rotational/translational,22.8045654296875,36.76,7.48
2024-07-20 17:00:00,46.52610318791323,11.734756064414018,0271563c-0f99-11f0-82ec-c270514588df,5.0,Schnelles Fliessen (Mure),0.3100000023841858,0.26,0.39
2024-03-11 00:00:00,46.566466465786434,11.521634676710686,c307625e-0afa-11f0-84e3-c270514588df,5.0,Schnelles Fliessen (Mure),39.49749755859375,25.58,38.1
2024-06-04 00:00:00,46.75969287038833,11.870043963369994,9b9cd8de-0afa-11f0-abb1-c270514588df,5.0,Schnelles Fliessen (Mure),4.6910400390625,0.0,0.55
2024-04-01 00:00:00,46.94767585473534,11.378002835421038,b5222930-1388-11f0-9c02-c270514588df,2.0,Gleitung rotational/translational,32.7593994140625,11.38,4.21
2024-04-01 00:00:00,46.9473952832723,11.3779352366532,a7a0417a-1388-11f0-9c02-c270514588df,2.0,Gleitung rotational/translational,32.7593994140625,11.38,4.21
2024-04-01 00:00:00,46.94709615408428,11.378690394948324,9a30eb98-1388-11f0-895b-c270514588df,5.0,Schnelles Fliessen (Mure),32.7593994140625,11.38,4.21
2024-04-01 00:00:00,46.946773040112575,11.379843171799802,868dfa7c-1388-11f0-895b-c270514588df,5.0,Schnelles Fliessen (Mure),32.7593994140625,11.38,4.21
2024-07-11 09:00:00,46.75993691280068,11.847925174873554,37a0dbcc-0afb-11f0-9778-c270514588df,5.0,Schnelles Fliessen (Mure),0.1199999973177909,0.04,0.52
2024-07-13 03:00:00,46.56029869252121,11.626056480960663,b050dfb0-dc82-11ef-9444-0242ac12000f,5.0,Schnelles Fliessen (Mure),0.449999988079071,0.61,0.12
2024-07-11 23:00:00,46.87445344187565,11.632217912804444,71103b34-dc82-11ef-ad9c-0242ac12000f,5.0,Schnelles Fliessen (Mure),0.3300000131130218,0.0,0.34
2024-07-15 20:00:00,46.48011221071735,11.262021555596016,66957c4c-d96b-11ef-b0e8-0242ac12000f,2.0,Gleitung rotational/translational,0.0399999991059303,0.03,1.45
2024-07-18 04:00:00,46.68544408885043,11.857774480107144,519dec02-d96b-11ef-b0e8-0242ac12000f,5.0,Schnelles Fliessen (Mure),0.3199999928474426,0.01,0.02
2024-07-17 18:00:00,46.7067818047877,11.92565708488216,a5216174-f2b1-11ef-8b28-0242ac120004,5.0,Schnelles Fliessen (Mure),0.0199999995529651,0.0,0.02
2024-07-12 10:00:00,46.27249442627869,11.257424672285998,773063b4-f2b1-11ef-a786-0242ac120004,5.0,Schnelles Fliessen (Mure),0.0,0.1,0.24
2024-07-21 17:00:00,46.708081720083406,11.92627983272834,648daf50-f2b1-11ef-a284-0242ac120004,5.0,Schnelles Fliessen (Mure),0.2300000041723251,0.02,0.01
2024-10-09 21:00:00,46.55358509632782,11.758732545912777,f89c5246-81b3-11f0-9d27-b2374db36148,2.0,Gleitung rotational/translational,15.920000076293944,1.48,0.07
2020-10-01 00:00:00,46.65523772300796,11.90360360247025,04e6d318-6897-11f0-bea8-b2374db36148,2.0,Gleitung rotational/translational,32.8955078125,32.63,44.67
2020-12-07 00:00:00,46.42706997495975,11.347703441683286,62ff62ec-f88a-11ec-a2b8-0242ac13000d,5.0,Schnelles Fliessen (Mure),144.54443359375,0.0,4.17
2020-12-07 00:00:00,46.602179328322414,11.200975361133583,18ad6a22-f88a-11ec-b4f3-0242ac13000d,2.0,Gleitung rotational/translational,140.94189453125,0.0,8.17
2021-06-18 00:00:00,46.57658896543343,11.382062629554724,0bb2d894-562a-11ee-aa67-0242ac13000b,5.0,Schnelles Fliessen (Mure),12.38531494140625,22.85,7.29
2021-06-18 00:00:00,46.593661967163,11.426217980144369,2fec1204-f887-11ec-8f15-0242ac13000d,2.0,Gleitung rotational/translational,12.38531494140625,22.85,7.29
2021-06-18 00:00:00,46.599732907509264,11.419727224932666,8952a19c-f886-11ec-abd1-0242ac13000d,2.0,Gleitung rotational/translational,12.38531494140625,22.85,7.29
2021-06-18 00:00:00,46.57947246653492,11.413999309044732,df391e98-f885-11ec-accc-0242ac13000d,2.0,Gleitung rotational/translational,12.38531494140625,22.85,7.29
2021-06-18 00:00:00,46.56895393793644,11.404111130242566,8a231b7a-f885-11ec-b340-0242ac13000d,2.0,Gleitung rotational/translational,12.38531494140625,22.85,7.29
2021-06-18 00:00:00,46.563171896007695,11.388440045121506,3dd7adb2-f885-11ec-933a-0242ac13000d,2.0,Gleitung rotational/translational,12.38531494140625,22.85,7.29
2021-06-18 00:00:00,46.55797584744096,11.38475725050779,335d9f0a-f884-11ec-8050-0242ac13000d,2.0,Gleitung rotational/translational,12.38531494140625,22.85,7.29
2022-07-01 00:00:00,46.29067917124432,11.209115251713408,cf2d2d2a-b9f8-11ed-aac4-0242ac130003,2.0,Gleitung rotational/translational,12.81298828125,5.91,1.54
2021-07-06 00:00:00,46.59823943319239,11.547703792171662,bd494554-f88c-11ec-858d-0242ac13000d,2.0,Gleitung rotational/translational,44.3934326171875,11.82,18.9
2022-05-19 00:00:00,46.81995606438851,11.76253150038226,d485c23e-b9f1-11ed-beb0-0242ac130003,2.0,Gleitung rotational/translational,31.680450439453125,11.6,15.46
2022-04-19 00:00:00,46.62033102857871,11.556723197137508,3d498a4a-b9f1-11ed-a8bd-0242ac130003,2.0,Gleitung rotational/translational,0.1384897232055664,3.3,10.28
2022-03-14 00:00:00,46.31551177362087,11.301302511742763,f9e8b58a-b9e8-11ed-8ebb-0242ac130003,2.0,Gleitung rotational/translational,0.023529052734375,0.0,0.0
2021-06-17 00:00:00,46.56778460464475,11.540068770566688,d79aca54-cae7-11ec-a82e-0242ac13000d,5.0,Schnelles Fliessen (Mure),3.14581298828125,9.43,2.34
2021-06-17 00:00:00,46.577920496571245,11.38305556409154,55151b5e-cafe-11ec-a5fe-0242ac13000d,5.0,Schnelles Fliessen (Mure),7.53546142578125,20.45,10.51
2021-08-05 00:00:00,46.84585337775442,11.977607920007484,c33e0ce4-cafe-11ec-9be2-0242ac13000d,2.0,Gleitung rotational/translational,31.19879150390625,17.35,8.26
2021-06-18 04:00:00,46.56351540398156,11.535036509633755,54fe5cfc-cae5-11ec-baee-0242ac13000d,2.0,Gleitung rotational/translational,5.16729736328125,9.97,2.02
2021-06-18 00:00:00,46.577628994736166,11.43701524099499,d9ff7544-cae5-11ec-a4b9-0242ac13000d,2.0,Gleitung rotational/translational,12.38531494140625,22.85,7.29
2021-06-18 00:00:00,46.59309452609384,11.405581659695024,35dc4920-cae4-11ec-8a8f-0242ac13000d,2.0,Gleitung rotational/translational,12.38531494140625,22.85,7.29
2021-06-18 00:00:00,46.59887056218217,11.411622135332376,6d733fba-cb02-11ec-bb84-0242ac13000d,2.0,Gleitung rotational/translational,12.38531494140625,22.85,7.29
2021-08-04 00:00:00,46.83778337652303,11.774752995740135,9d5b59f2-7321-11ed-a180-0242ac13000b,5.0,Schnelles Fliessen (Mure),19.80792236328125,7.53,9.92
2015-09-14 15:30:00,46.72101069462556,11.328381045912938,5b06d8c4-7321-11ed-b705-0242ac13000b,2.0,Gleitung rotational/translational,39.93962097167969,33.24,4.52
2015-09-14 15:30:00,46.72111417785404,11.32990261030352,29fbd932-7321-11ed-b705-0242ac13000b,2.0,Gleitung rotational/translational,39.93962097167969,33.24,4.52
2021-06-18 00:00:00,46.59728364257735,11.432862241925898,3ce3b582-cb02-11ec-9cae-0242ac13000d,2.0,Gleitung rotational/translational,12.38531494140625,22.85,7.29
2021-06-18 00:00:00,46.59965871775758,11.43278984344614,2951106c-cae6-11ec-99ea-0242ac13000d,2.0,Gleitung rotational/translational,12.38531494140625,22.85,7.29
2021-06-18 00:00:00,46.605993225706406,11.436878943488692,056ccd32-cb02-11ec-9e5b-0242ac13000d,2.0,Gleitung rotational/translational,34.91668701171875,101.39,10.73
2021-06-18 00:00:00,46.60144960649895,11.45015609788701,a71f272a-cae3-11ec-8855-0242ac13000d,2.0,Gleitung rotational/translational,12.38531494140625,22.85,7.29
2020-08-11 00:00:00,46.83717751481528,11.746833948494643,fcac6b12-cae3-11ec-8d2f-0242ac13000d,2.0,Gleitung rotational/translational,12.2213134765625,82.01,9.87
2020-08-11 00:00:00,46.80178212056506,11.79549913232638,02c59a42-cb01-11ec-801d-0242ac13000d,2.0,Gleitung rotational/translational,14.612060546875,77.29,5.36
2020-12-06 00:00:00,46.651279591892994,11.056340299887038,5a343280-cb00-11ec-b654-0242ac13000d,2.0,Gleitung rotational/translational,92.494384765625,0.0,7.87
2019-11-16 00:00:00,46.70221017921288,11.620871683956446,b9768842-cae2-11ec-84ed-0242ac13000d,2.0,Gleitung rotational/translational,103.45648193359376,33.13,25.07
2017-12-27 00:00:00,46.62652354124516,10.943841935189424,864bf798-4e46-11ee-a00a-0242ac13000b,2.0,Gleitung rotational/translational,1.94512939453125,0.76,55.87
2016-06-28 03:00:00,46.52151048099524,11.264253569060376,9742ad98-0447-11ed-9000-0242ac13000d,2.0,Gleitung rotational/translational,9.360748291015623,36.04,15.09
2016-04-15 00:00:00,46.64861464532045,11.854056145315123,2b81ea80-0459-11ed-929d-0242ac13000d,2.0,Gleitung rotational/translational,49.147216796875,14.6,9.24
2016-04-15 00:00:00,46.64787034984689,11.852191378140448,de5e6e34-045a-11ed-9f68-0242ac13000d,2.0,Gleitung rotational/translational,49.147216796875,14.6,9.24
2016-07-12 17:30:00,46.58106323102008,11.912079676236733,aa117746-0448-11ed-8c62-0242ac13000d,2.0,Gleitung rotational/translational,79.417724609375,108.62,59.83
2021-01-24 00:00:00,46.672142602768986,11.169187763553072,65b6bcec-f88f-11ec-9bf8-0242ac13000d,2.0,Gleitung rotational/translational,21.292144775390625,5.13,1.3
2021-01-26 00:00:00,46.65029430118548,11.135805778161394,304ac8fc-f892-11ec-b21d-0242ac13000d,2.0,Gleitung rotational/translational,21.291778564453125,5.13,0.37
2021-02-27 00:30:00,46.76298064219909,12.066583086650136,460ad1c4-f8b4-11ec-b985-0242ac13000d,2.0,Gleitung rotational/translational,0.0,1.84,35.02
2021-02-26 00:00:00,46.56474211054189,11.336796933951172,7c7a31b4-f8b9-11ec-965e-0242ac13000d,2.0,Gleitung rotational/translational,0.0,0.07,23.85
2015-09-14 15:30:00,46.721186155253,11.328648971632836,4e886a3c-3031-11ed-9617-0242ac13000d,2.0,Gleitung rotational/translational,39.93962097167969,33.24,4.52
2016-08-30 00:00:00,46.60242389448595,11.915646191873424,b1bdbda0-3031-11ed-a080-0242ac13000d,2.0,Gleitung rotational/translational,40.72021484375,85.17,111.59
2022-08-01 00:00:00,46.63163640711229,10.715930680815411,348bbee0-a2e6-11ed-acab-0242ac13000f,2.0,Gleitung rotational/translational,7.9906005859375,9.79,5.56
2022-09-06 00:00:00,46.46832642739838,11.2306621940898,f107daa6-c03a-11ed-8172-0242ac130003,2.0,Gleitung rotational/translational,18.074676513671875,0.53,17.05
2022-08-31 00:00:00,46.72296137453804,11.955631857260682,e587c12c-c03b-11ed-b80b-0242ac130003,2.0,Gleitung rotational/translational,10.34130859375,22.48,13.24
2022-08-31 00:00:00,46.72296708943532,11.951003130370454,627b2642-c03c-11ed-b5f8-0242ac130003,2.0,Gleitung rotational/translational,10.34130859375,22.48,13.24
2022-12-04 00:00:00,46.50540291235454,11.502401596184503,200586a6-c35f-11ed-9244-0242ac130003,2.0,Gleitung rotational/translational,11.178253173828123,14.82,4.34
2019-11-15 00:00:00,46.75554984880892,12.239903279222483,b51f4d48-1b3a-11ee-b7b8-0242ac13000b,5.0,Schnelles Fliessen (Mure),102.05877685546876,37.66,17.78
2019-11-15 00:00:00,46.758055890427954,12.24458847920171,28321066-1b3d-11ee-9f49-0242ac13000b,5.0,Schnelles Fliessen (Mure),102.05877685546876,37.66,17.78
2019-11-30 00:00:00,46.76013471607765,12.23768784317942,e96ceff8-1be7-11ee-a75c-0242ac13000b,2.0,Gleitung rotational/translational,13.5567626953125,97.83,160.82
2019-11-30 00:00:00,46.74363326221582,12.228961150062972,fd7b3a94-1cc9-11ee-bf5a-0242ac13000b,2.0,Gleitung rotational/translational,17.891860961914062,100.84,167.8
2021-06-24 00:00:00,46.63204000438768,10.714924020369716,d7ddf050-a2e5-11ed-ba1b-0242ac13000f,11.0,Gebiete mit diffus verteilten Oberfl√§chenrutschungen,19.296875,1.56,9.21
2019-07-01 00:00:00,46.759081908167865,12.26130706815689,0508ba4a-1efd-11ee-847e-0242ac13000b,2.0,Gleitung rotational/translational,26.32107734680176,35.47,41.88
2019-07-01 00:00:00,46.7613255142583,12.240269943451406,3631d7ec-1f29-11ee-a347-0242ac13000b,2.0,Gleitung rotational/translational,26.32107734680176,35.47,41.88
2019-11-01 00:00:00,46.741654780876345,12.22789888865138,07b20b46-1cca-11ee-8395-0242ac13000b,2.0,Gleitung rotational/translational,22.9063720703125,2.17,14.23
2019-12-01 00:00:00,46.743625325976645,12.220102462111294,6b0d0c08-5c6d-11ee-baa5-0242ac13000b,2.0,Gleitung rotational/translational,7.3860015869140625,103.35,162.76
2022-06-14 00:00:00,46.76034609015564,11.783954816123524,b5b07212-c362-11ed-b4e5-0242ac130003,7.0,Komplexe Rutschung,33.96063232421875,54.98,25.89
2022-08-05 17:30:00,46.686077656924304,11.892476423846905,3df94fa4-c363-11ed-9a4b-0242ac130003,5.0,Schnelles Fliessen (Mure),32.38818359375,41.25,24.99
2022-08-05 17:30:00,46.68471838140809,11.89388406720843,832947aa-c363-11ed-a9d2-0242ac130003,5.0,Schnelles Fliessen (Mure),32.38818359375,41.25,24.99
2021-08-16 00:00:00,46.95368408625623,11.362479254241515,8f0e7d28-c41d-11ed-9f4d-0242ac130003,2.0,Gleitung rotational/translational,10.8106689453125,49.85,20.71
2021-03-19 00:00:00,46.788499996499816,11.950766690415678,6f0c903e-179c-11ec-bd5d-0242ac130002,2.0,Gleitung rotational/translational,7.3275146484375,0.09,0.0
2021-08-05 00:00:00,46.9189940225061,11.798804122252683,f2923a9c-47b9-11ec-8af6-0242ac13000d,2.0,Gleitung rotational/translational,48.1851806640625,18.41,9.64
2021-08-05 00:00:00,46.92023130520921,11.790426888456318,33508812-47bb-11ec-b403-0242ac13000d,2.0,Gleitung rotational/translational,48.1851806640625,18.41,9.64
2021-08-05 00:00:00,46.92170271868026,11.790269396827457,744c7fe2-47bb-11ec-a6b8-0242ac13000d,2.0,Gleitung rotational/translational,48.1851806640625,18.41,9.64
2021-08-05 00:00:00,46.835484134011736,11.478829872683807,6f743094-47bd-11ec-a502-0242ac13000d,5.0,Schnelles Fliessen (Mure),91.45904541015624,19.11,20.2
2021-05-27 00:00:00,47.02531923200996,12.041348479971282,49bda84e-4c90-11ec-834d-0242ac13000d,2.0,Gleitung rotational/translational,46.12028503417969,55.33,35.26
2021-05-30 00:00:00,46.89561728436122,11.86658447423014,ced9d286-4c91-11ec-9861-0242ac13000d,2.0,Gleitung rotational/translational,23.871978759765625,31.46,23.35
2021-05-28 10:45:00,46.60366455436444,11.613648663238902,4a4218b0-4c93-11ec-b587-0242ac13000d,2.0,Gleitung rotational/translational,26.451736450195312,20.75,36.19
2021-05-25 00:00:00,46.58786135945356,11.208976376164053,39277596-5294-11ec-8087-0242ac13000d,2.0,Gleitung rotational/translational,18.45831298828125,27.43,10.72
2021-05-04 00:00:00,46.70418478455445,11.872162419463695,8751ee12-5295-11ec-8250-0242ac13000d,2.0,Gleitung rotational/translational,77.38556671142578,14.67,7.27
2021-06-04 00:00:00,46.72314481161225,11.954156204614048,5e63b688-5296-11ec-9454-0242ac13000d,2.0,Gleitung rotational/translational,9.057037353515623,33.18,53.04
2021-10-05 00:00:00,46.54268073532477,11.326379904082538,243e2de6-b04a-11ec-a59c-0242ac13000d,2.0,Gleitung rotational/translational,10.2701416015625,0.34,41.65
2021-08-05 00:00:00,46.866192728605895,11.513296249032315,e6c36268-47be-11ec-ab1e-0242ac13000d,2.0,Gleitung rotational/translational,91.45904541015624,19.11,20.2
2021-06-10 00:00:00,46.61713294732987,11.866765119131644,c28cea70-585d-11ee-8594-0242ac13000b,2.0,Gleitung rotational/translational,43.3756103515625,18.05,35.12
2018-01-09 06:10:00,46.60975414430544,10.781621323699676,acf80e96-c566-11ec-8cc0-0242ac13000d,5.0,Schnelles Fliessen (Mure),35.72039794921875,29.72,0.09
2021-04-13 00:00:00,46.72649965208715,11.21345889358257,97e2b12c-bb17-11ec-a54d-0242ac13000d,2.0,Gleitung rotational/translational,7.130645751953125,0.41,1.33
2021-06-09 00:00:00,46.54774589060285,11.69544092799202,f4dd460c-d361-11ef-b025-0242ac120003,2.0,Gleitung rotational/translational,69.6680908203125,6.36,36.24
2021-08-15 19:00:00,46.74039941434829,11.43577304101998,b9f3c8d0-38c4-11ec-8e0a-0242ac130002,2.0,Gleitung rotational/translational,42.18878173828125,88.26,47.88
2021-08-05 00:00:00,46.56569779003112,11.52480224307359,d60a9f16-3e60-11ec-a759-0242ac13000d,2.0,Gleitung rotational/translational,38.97125244140625,3.35,5.62
2021-07-13 00:00:00,46.25263267528175,11.253602783375406,4e5f49b6-25bc-11ec-abbc-0242ac130002,2.0,Gleitung rotational/translational,49.2066650390625,30.13,13.08
2021-08-05 00:00:00,46.91499097215181,11.69023325235342,2565a18a-25db-11ec-a20e-0242ac130002,2.0,Gleitung rotational/translational,67.61761474609375,15.23,24.92
2021-08-05 00:00:00,46.88300081672436,11.719059773228317,4047b88c-25de-11ec-823f-0242ac130002,2.0,Gleitung rotational/translational,30.9354248046875,9.95,4.22
2021-08-09 00:00:00,46.8920815335991,11.407146326332382,ad6bea96-25de-11ec-83a5-0242ac130002,2.0,Gleitung rotational/translational,49.849151611328125,20.71,3.37
2021-08-05 00:00:00,46.439694016427765,11.479957914985633,7bad5f94-3899-11ec-b20a-0242ac130002,2.0,Gleitung rotational/translational,128.3056640625,63.43,33.54
2021-08-05 00:00:00,46.87713260842906,11.492272443680095,fc0d508c-2786-11ec-9924-0242ac130002,2.0,Gleitung rotational/translational,91.45904541015624,19.11,20.2
2021-08-09 00:00:00,46.89012953717707,11.455083352876368,22ceb5e8-389a-11ec-82e3-0242ac130002,2.0,Gleitung rotational/translational,49.849151611328125,20.71,3.37
2021-08-05 00:00:00,46.48512789628533,11.438533921734685,aaa42eb6-389b-11ec-aac5-0242ac130002,2.0,Gleitung rotational/translational,35.90875244140625,6.54,4.14
2021-08-05 00:00:00,46.53931421594158,11.388833833101238,a1bf39c0-389c-11ec-8aad-0242ac130002,2.0,Gleitung rotational/translational,41.92352294921875,15.79,12.72
2021-08-08 00:00:00,46.87557337934325,11.49720301415909,e7f7b3e0-389c-11ec-aba8-0242ac130002,2.0,Gleitung rotational/translational,74.5445785522461,38.26,11.44
2020-12-08 00:00:00,46.48833504854909,11.24696177673015,4a2cd72a-4860-11ec-8b77-0242ac13000d,2.0,Gleitung rotational/translational,159.4520263671875,0.0,3.27
2020-12-05 00:00:00,46.48020445847947,11.26211888112004,959df324-4879-11ec-9060-0242ac13000d,2.0,Gleitung rotational/translational,50.274169921875,0.0,6.37
2021-08-01 00:00:00,46.65019664168008,11.361238427619169,801b88e4-389e-11ec-9225-0242ac130002,2.0,Gleitung rotational/translational,31.05487060546875,23.38,63.93
2021-08-08 00:00:00,46.87631852966007,11.424746909111176,f74a9b4e-389e-11ec-a2e0-0242ac130002,2.0,Gleitung rotational/translational,73.52741241455078,34.03,11.43
2021-08-08 00:00:00,46.86259739826822,11.484053217456225,43c20818-389f-11ec-8478-0242ac130002,2.0,Gleitung rotational/translational,74.5445785522461,38.26,11.44
2021-08-15 19:00:00,46.74019373594007,11.437264466866798,1c90eb22-38c4-11ec-9e7a-0242ac130002,2.0,Gleitung rotational/translational,42.18878173828125,88.26,47.88
2020-12-05 00:00:00,46.56460914288428,11.52396537711623,9b0dbf88-3e60-11ec-855a-0242ac13000d,2.0,Gleitung rotational/translational,39.641357421875,0.0,4.62
2020-12-05 00:00:00,46.26870126445248,11.241097905787203,81004bd0-487c-11ec-87fd-0242ac13000d,2.0,Gleitung rotational/translational,65.9501953125,0.0,4.28
2020-06-22 00:00:00,46.92747877937543,11.98977417877497,583b2802-a14e-11ec-ba7c-0242ac13000d,5.0,Schnelles Fliessen (Mure),13.0703125,62.16,35.86
2021-08-05 00:00:00,46.9021462855348,11.878095559361151,ecaae614-4175-11ec-8520-0242ac13000d,2.0,Gleitung rotational/translational,38.66162109375,17.75,9.42
2021-08-05 00:00:00,46.89989438416883,11.852021483227515,6c0edb86-4176-11ec-8167-0242ac13000d,2.0,Gleitung rotational/translational,38.66162109375,17.75,9.42
2021-08-05 00:00:00,46.89643407515389,11.865901557067136,a9036e6c-4176-11ec-a51f-0242ac13000d,2.0,Gleitung rotational/translational,38.66162109375,17.75,9.42
2021-08-05 00:00:00,46.89646703882785,11.867395073291538,f647f378-4176-11ec-a2a7-0242ac13000d,2.0,Gleitung rotational/translational,38.66162109375,17.75,9.42
2021-08-05 00:00:00,46.89637252373677,11.844160396863264,2b9ddec0-4177-11ec-a300-0242ac13000d,2.0,Gleitung rotational/translational,38.66162109375,17.75,9.42
2021-04-01 17:00:00,46.67603277951456,11.895321555901058,c30a7a68-4887-11ec-a1e7-0242ac13000d,2.0,Gleitung rotational/translational,0.313934326171875,0.02,9.25
2021-02-08 00:00:00,46.24790657535332,11.230960311297313,9b9802f6-4888-11ec-aeb1-0242ac13000d,2.0,Gleitung rotational/translational,23.788818359375,2.5,47.19
2021-04-15 00:00:00,46.560657823103696,11.339124968962542,78df5fa0-4876-11ec-b78c-0242ac13000d,2.0,Gleitung rotational/translational,8.4854736328125,0.7,0.25
2021-02-04 00:00:00,46.74787409260564,11.197447381450196,08468b20-4889-11ec-ab4f-0242ac13000d,2.0,Gleitung rotational/translational,4.860565185546875,21.4,11.2
2020-12-07 00:00:00,46.56973848954456,11.06542309194517,d0b4fd04-488d-11ec-9dbe-0242ac13000d,2.0,Gleitung rotational/translational,175.528076171875,0.0,10.0
2021-08-17 00:00:00,46.64849782638517,11.22636687849305,10ee6caa-4714-11ec-b947-0242ac13000d,2.0,Gleitung rotational/translational,25.014892578125,45.68,29.32
2021-02-12 00:00:00,46.66144823083201,11.550094220510193,55b78492-488c-11ec-969f-0242ac13000d,2.0,Gleitung rotational/translational,27.71026611328125,0.93,26.88
2024-06-13 00:00:00,46.468636679615486,11.576134001648716,bd9806b2-f5b4-11ef-9ed6-0242ac120004,5.0,Schnelles Fliessen (Mure),0.883544921875,2.08,4.8
2024-05-31 00:00:00,46.44344118495835,11.54741290211031,090ea63a-0afc-11f0-9e60-c270514588df,5.0,Schnelles Fliessen (Mure),2.8614501953125,0.55,3.79
2024-06-17 08:00:00,46.63950116804336,11.82720584631784,8d859964-6899-11f0-9cc6-b2374db36148,7.0,Komplexe Rutschung,2.319999933242798,1.43,3.03
2024-06-14 12:00:00,46.42571258112106,11.518282439974453,14d7d47e-1389-11f0-bc40-c270514588df,5.0,Schnelles Fliessen (Mure),0.7400000095367432,4.8,6.0
2024-04-01 00:00:00,46.52595188593724,11.254519342555655,d35f0848-0afd-11f0-9666-c270514588df,2.0,Gleitung rotational/translational,54.38427734375,10.88,1.34
2024-04-01 00:00:00,46.53001328128115,11.260522868319416,573a2088-0afb-11f0-8720-c270514588df,2.0,Gleitung rotational/translational,54.38427734375,10.88,1.34
2023-10-31 00:00:00,46.54784487281458,11.526224242529624,b00b3896-acb4-11ef-8f32-0242ac120012,5.0,Schnelles Fliessen (Mure),63.129150390625,30.69,0.87
2023-10-31 00:00:00,46.57324028392899,11.530836104275089,3e93dbb6-b2f2-11ef-a893-0242ac120012,2.0,Gleitung rotational/translational,63.129150390625,30.69,0.87
2024-04-01 11:00:00,46.58330328739591,11.167226915109625,3ddf370c-0bad-11ef-b4aa-0242ac120003,2.0,Gleitung rotational/translational,62.4786376953125,11.88,4.63
2023-08-27 00:00:00,46.39199813061816,11.482740839096952,f72975e8-96c1-11ef-837a-0242ac120010,2.0,Gleitung rotational/translational,46.41656494140625,84.81,6.38
2024-04-02 00:00:00,46.38303068367002,11.272011655078606,1e9c745e-f2b6-11ef-9170-0242ac120004,2.0,Gleitung rotational/translational,64.69818115234375,4.29,1.07
2024-05-22 00:00:00,46.413875918142,11.494176214619394,461c69ca-df07-11ef-9e26-0242ac12000f,5.0,Schnelles Fliessen (Mure),0.63623046875,1.33,1.61
2024-02-12 00:00:00,46.66155396550288,11.187660233289549,02257356-0f9a-11f0-b85e-c270514588df,7.0,Komplexe Rutschung,15.680084228515623,0.0,0.0
2024-04-03 18:00:00,46.38311065436588,11.282819980970345,8f58c23c-d96c-11ef-bdf0-0242ac12000f,2.0,Gleitung rotational/translational,36.63714599609375,32.35,1.07
2024-03-02 00:00:00,46.72428011180981,11.880097661211282,b8d53206-bd1c-11ef-8969-0242ac120012,2.0,Gleitung rotational/translational,22.8045654296875,36.76,7.48
2024-03-05 00:00:00,46.480319154985,11.262216920293232,87b91e36-6950-11f0-bd0c-b2374db36148,2.0,Gleitung rotational/translational,32.1629638671875,44.47,0.0
2024-06-02 05:00:00,46.68658413249887,10.607653928695283,faecc6a0-6865-11f0-bda7-b2374db36148,2.0,Gleitung rotational/translational,1.25,0.53,0.01
2023-10-30 00:00:00,46.57910727148798,11.611715682593298,adb9c158-96a6-11ef-958f-0242ac120010,2.0,Gleitung rotational/translational,42.788970947265625,25.04,0.66
2023-10-30 00:00:00,46.53716167219623,11.777808740454702,f3e3e35c-96a6-11ef-af7f-0242ac120010,2.0,Gleitung rotational/translational,60.7149658203125,35.22,0.38
2023-10-31 00:00:00,46.350618864502486,11.33670232844682,ab0983e0-b2f2-11ef-9067-0242ac120012,2.0,Gleitung rotational/translational,95.97869873046876,39.75,3.1
2023-10-30 00:00:00,46.57215506266891,10.553655035937254,3054da62-96a7-11ef-958f-0242ac120010,2.0,Gleitung rotational/translational,41.766845703125,47.11,2.56
2023-11-03 00:00:00,46.60912322891836,11.379946604604308,60e16308-96a7-11ef-958f-0242ac120010,2.0,Gleitung rotational/translational,78.58624267578125,50.76,13.3
2023-10-31 12:00:00,46.806483191776536,11.98692750772681,a196bfd8-96a7-11ef-958f-0242ac120010,2.0,Gleitung rotational/translational,51.81005859375,22.85,0.27
2023-11-03 00:00:00,46.601681612032486,11.585994101332837,d0fbad10-96a7-11ef-958f-0242ac120010,2.0,Gleitung rotational/translational,87.29428100585938,44.68,5.96
2023-11-03 00:00:00,46.56545600844298,11.552435850506996,fad1cade-96a7-11ef-958f-0242ac120010,2.0,Gleitung rotational/translational,87.29428100585938,44.68,5.96
2023-11-03 00:00:00,46.42576986456934,11.349238433020709,26a88c10-96a8-11ef-924e-0242ac120010,5.0,Schnelles Fliessen (Mure),87.4542236328125,53.05,8.91
2023-11-03 11:00:00,46.31443709945472,11.278788704654216,496eccaa-96a8-11ef-99f8-0242ac120010,2.0,Gleitung rotational/translational,96.72955322265624,67.71,16.48
2023-11-03 11:00:00,46.22945353763133,11.212943563568222,0dc32258-b2f2-11ef-a893-0242ac120012,2.0,Gleitung rotational/translational,110.0179443359375,63.68,20.55
2023-11-02 00:00:00,46.69561174491313,10.50051741685961,52fa8a82-96aa-11ef-9d2c-0242ac120010,2.0,Gleitung rotational/translational,37.75567626953125,38.59,0.8
2023-11-03 00:00:00,46.80109409501621,11.662994011523448,991f20c2-96aa-11ef-924e-0242ac120010,2.0,Gleitung rotational/translational,66.28173828125,32.77,1.57
2023-11-03 00:00:00,46.58257215415532,11.170930925684006,06872b2c-0633-11ef-af62-0242ac120003,2.0,Gleitung rotational/translational,94.29974365234376,101.89,22.79
2023-11-03 00:00:00,46.52411707917843,10.93426944572017,dcf2d8b0-b2f3-11ef-bb54-0242ac120012,2.0,Gleitung rotational/translational,111.82162475585938,120.43,15.19
2024-03-13 11:30:00,46.59762968705877,11.570508785365918,f39c98dc-0f99-11f0-8c4c-c270514588df,7.0,Komplexe Rutschung,22.993408203125,37.34,59.97
2024-03-12 05:00:00,46.59691874403544,11.094513914729603,b070fca0-f2b2-11ef-a967-0242ac120004,2.0,Gleitung rotational/translational,44.455078125,35.92,52.68
2024-04-02 05:00:00,46.43282911967888,11.472422927143343,e5cda810-df09-11ef-9618-0242ac12000f,2.0,Gleitung rotational/translational,65.36541748046875,7.0,0.58
2024-05-21 10:00:00,46.84324955842111,11.968106683310827,a0b0aba2-f4f7-11ef-8272-0242ac120004,2.0,Gleitung rotational/translational,0.5799999833106995,0.02,0.9
2024-05-24 06:45:00,46.68640672813834,10.607550741604877,c3296dce-0f99-11f0-8c42-c270514588df,2.0,Gleitung rotational/translational,0.5299999713897705,0.01,0.69
2024-06-03 04:00:00,46.754869616944674,11.874286525138874,1e4adb3a-f513-11ef-979e-0242ac120004,7.0,Komplexe Rutschung,4.690000057220459,0.0,0.55
2024-06-02 00:00:00,46.439498128533565,11.47761402508884,42691fd6-f513-11ef-bd00-0242ac120004,2.0,Gleitung rotational/translational,9.2938232421875,0.64,0.67
2023-11-03 00:00:00,46.52901221123396,11.27997003803938,d6e19702-96c1-11ef-9efe-0242ac120010,2.0,Gleitung rotational/translational,58.47662353515625,40.41,9.22
2023-11-03 16:00:00,46.455476878802,11.25440447063902,1053efe6-b2f4-11ef-b57a-0242ac120012,2.0,Gleitung rotational/translational,91.948486328125,44.61,36.13
2024-04-01 08:00:00,46.23927659586938,11.225513058209712,7c84bd1c-df09-11ef-b544-0242ac12000f,2.0,Gleitung rotational/translational,73.6964111328125,5.88,0.21
2024-04-01 02:00:00,46.3156339924021,11.299530249305365,5ea758b8-df09-11ef-9716-0242ac12000f,2.0,Gleitung rotational/translational,72.50567626953125,7.2,1.02
2024-04-01 02:00:00,46.322935119263136,11.303619659671783,413c329e-df09-11ef-a08b-0242ac12000f,2.0,Gleitung rotational/translational,72.50567626953125,7.2,1.02
2024-04-01 02:00:00,46.33341453789939,11.307651372181276,f7b6931a-0bd3-11f0-bc6c-c270514588df,5.0,Schnelles Fliessen (Mure),64.69818115234375,4.95,0.42
2024-04-01 02:00:00,46.57356282312112,11.355977499842693,8f3b63ce-0bb5-11f0-b60f-c270514588df,2.0,Gleitung rotational/translational,54.77130126953125,20.84,8.74
2024-04-01 02:00:00,46.542999464422834,11.328247680633824,0e379888-d96f-11ef-9924-0242ac12000f,2.0,Gleitung rotational/translational,45.179443359375,15.12,2.21
2024-04-01 02:00:00,46.94452006902365,11.378661593727273,6416a3ae-1388-11f0-864d-c270514588df,5.0,Schnelles Fliessen (Mure),32.7593994140625,11.35,4.21
2024-04-01 02:00:00,46.623146051905536,11.51199615031822,8a2e3628-d96e-11ef-bd60-0242ac12000f,7.0,Komplexe Rutschung,47.8145751953125,19.58,16.55
2024-06-13 00:00:00,46.48020777168455,11.50337838596804,d0049c34-f5b4-11ef-9ed6-0242ac120004,2.0,Gleitung rotational/translational,0.34228515625,2.01,3.94
2024-05-21 00:00:00,46.68193824552701,10.916725614609456,cd92099a-0afa-11f0-96b9-c270514588df,7.0,Komplexe Rutschung,1.169921875,1.34,0.5
2023-07-18 00:00:00,46.71520152862446,11.9028489381328,aaa60ae0-acad-11ef-baee-0242ac120012,2.0,Gleitung rotational/translational,52.44532775878906,39.85,38.04
2023-07-27 00:00:00,46.278591685425845,11.28441497185749,ebcbeb1e-acb4-11ef-b860-0242ac120012,5.0,Schnelles Fliessen (Mure),45.520263671875,35.52,45.4
2023-08-07 00:00:00,46.61926955856876,11.553090970041982,23919444-96a4-11ef-870d-0242ac120010,5.0,Schnelles Fliessen (Mure),28.666748046875,16.67,7.06
2023-07-03 21:00:00,46.43799841700511,11.47776059362148,6dfbac5c-b087-11ef-b4f7-0242ac120012,5.0,Schnelles Fliessen (Mure),91.0323486328125,16.16,61.01
2023-08-28 00:00:00,46.60710453296572,11.139770722003448,a0c467a4-06f6-11ef-a2e5-0242ac120003,2.0,Gleitung rotational/translational,51.48046875,14.13,0.33
2023-08-31 00:00:00,46.451371049023166,11.466460364625348,c91bb566-b085-11ef-b5c4-0242ac120012,2.0,Gleitung rotational/translational,73.940673828125,3.71,15.66
2023-09-04 00:00:00,46.5587549670059,10.56120267449884,2d851874-06f6-11ef-b897-0242ac120003,2.0,Gleitung rotational/translational,62.91339111328125,35.34,27.13
2019-09-29 14:00:00,46.98609443925796,11.200891000363136,random-0001-no-landslide,99.0,No Rutschung,25.140533447265625,1.89,9.58
2019-12-03 09:00:00,46.35362342124306,11.61998250690712,random-0002-no-landslide,99.0,No Rutschung,9.3662109375,41.65,224.8
2018-02-18 19:00:00,46.59495397592836,10.687466121493449,random-0003-no-landslide,99.0,No Rutschung,12.699920654296877,1.19,6.41
2024-05-08 20:00:00,46.24583603047749,11.824582059701507,random-0004-no-landslide,99.0,No Rutschung,3.119999885559082,0.95,1.06
2023-08-26 22:00:00,46.37416179141298,10.897582234165078,random-0005-no-landslide,99.0,No Rutschung,32.885498046875,31.52,12.09
2016-08-30 21:00:00,46.71624730492222,11.6551807383111,random-0006-no-landslide,99.0,No Rutschung,2.054931640625,20.02,10.3
2019-02-01 11:00:00,46.46123281951834,11.308235643451416,random-0007-no-landslide,99.0,No Rutschung,5.07208251953125,0.0,0.5
2020-06-28 06:00:00,46.46196144119681,10.761364813828123,random-0008-no-landslide,99.0,No Rutschung,83.896240234375,123.1,105.72
2022-01-09 16:00:00,46.53384191588461,11.656872113061226,random-0009-no-landslide,99.0,No Rutschung,18.2049560546875,3.18,0.0
2024-07-22 09:00:00,46.77088696922051,12.10856823426976,random-0010-no-landslide,99.0,No Rutschung,0.2800000011920929,0.01,0.88
2024-04-25 17:00:00,46.979319592164224,10.52532231202321,random-0011-no-landslide,99.0,No Rutschung,1.590000033378601,0.88,0.0
2023-10-07 03:00:00,46.47188518655179,12.01218497689958,random-0012-no-landslide,99.0,No Rutschung,11.983047485351562,5.66,50.36
2020-05-20 02:00:00,46.77323953248494,10.951224459607786,random-0013-no-landslide,99.0,No Rutschung,93.10049438476562,53.13,49.87
2023-06-29 20:00:00,46.54068525962174,10.824701709863394,random-0014-no-landslide,99.0,No Rutschung,8.52734375,17.56,36.09
2018-06-08 05:00:00,46.47753368964874,11.73940501018854,random-0015-no-landslide,99.0,No Rutschung,194.15118408203125,127.2,197.52
2019-12-19 05:00:00,46.681266753230766,10.889359199766256,random-0016-no-landslide,99.0,No Rutschung,7.2813720703125,3.56,5.79
2024-06-24 21:00:00,46.84635516033129,12.31359811525641,random-0017-no-landslide,99.0,No Rutschung,0.3600000143051147,1.22,1.7
2022-01-30 18:00:00,46.96694953930842,11.239431014854278,random-0018-no-landslide,99.0,No Rutschung,2.81976318359375,4.69,0.3
2018-07-16 07:00:00,46.68345032742559,11.11113432249941,random-0019-no-landslide,99.0,No Rutschung,26.282958984375,23.32,14.1
2017-07-25 13:00:00,46.488372787226666,10.585090462075447,random-0020-no-landslide,99.0,No Rutschung,33.78546142578125,41.2,48.52
2019-11-30 09:00:00,46.658975991325846,11.89797322258725,random-0021-no-landslide,99.0,No Rutschung,19.632339477539062,98.15,161.64
2021-12-31 21:00:00,46.44911181827963,11.635644817016583,random-0022-no-landslide,99.0,No Rutschung,1.292938232421875,0.0,0.0
2022-04-16 16:00:00,46.28878583742991,12.000590562068878,random-0023-no-landslide,99.0,No Rutschung,2.11941909790039,10.3,34.71
2016-06-15 03:00:00,46.38760453149945,11.944581241260146,random-0024-no-landslide,99.0,No Rutschung,69.2353515625,49.47,47.39
2021-03-03 18:00:00,46.38770538563338,10.526846067366812,random-0025-no-landslide,99.0,No Rutschung,0.07318115234375,0.0,0.91
2019-04-02 22:00:00,46.2883831357987,11.94275911374598,random-0026-no-landslide,99.0,No Rutschung,2.073638916015625,1.38,12.94
2024-05-09 03:00:00,46.91636794498638,10.717187472624373,random-0027-no-landslide,99.0,No Rutschung,1.6699999570846558,0.87,2.19
2021-04-09 21:00:00,46.761761345611525,11.193931273083797,random-0028-no-landslide,99.0,No Rutschung,4.5026397705078125,2.93,0.2
2017-05-13 17:00:00,46.73686365727773,11.864848947595284,random-0029-no-landslide,99.0,No Rutschung,16.378662109375,48.03,66.3
2017-03-03 18:00:00,46.5342119007035,11.550017989958278,random-0030-no-landslide,99.0,No Rutschung,28.9093017578125,0.02,3.66
2016-07-12 07:00:00,46.41726583965022,11.850119944391585,random-0031-no-landslide,99.0,No Rutschung,115.56170654296876,141.85,41.56
2022-11-08 11:00:00,46.64547866386194,11.423893509141278,random-0032-no-landslide,99.0,No Rutschung,22.538818359375,0.11,37.52
2019-12-24 23:00:00,46.57910638775461,10.70787838472773,random-0033-no-landslide,99.0,No Rutschung,35.6221923828125,10.59,0.48
2024-04-25 02:00:00,46.60778439039109,12.1755560252858,random-0034-no-landslide,99.0,No Rutschung,1.100000023841858,0.0,0.0
2020-07-08 12:00:00,46.95175455959729,11.451522287932038,random-0035-no-landslide,99.0,No Rutschung,11.283203125,52.58,8.18
2024-12-08 15:00:00,46.391063000256246,11.50999656371568,random-0036-no-landslide,99.0,No Rutschung,6.579999923706055,0.0,0.22
2020-08-19 05:00:00,46.460056778901766,10.644466469555196,random-0037-no-landslide,99.0,No Rutschung,72.4276123046875,48.09,119.96
2021-11-30 02:00:00,46.72635550568744,12.146953631672767,random-0038-no-landslide,99.0,No Rutschung,36.309326171875,3.01,3.85
2023-01-03 16:00:00,46.92301912536469,11.684954641146897,random-0039-no-landslide,99.0,No Rutschung,0.04302978515625,1.17,10.55
2016-10-30 06:00:00,46.56093951650879,10.908991447002103,random-0040-no-landslide,99.0,No Rutschung,18.11126708984375,11.64,49.0
2018-07-29 02:00:00,46.872067457390166,11.509063737258552,random-0041-no-landslide,99.0,No Rutschung,15.7581787109375,55.32,20.69
2018-09-18 20:00:00,46.95116718494444,11.16677873598475,random-0042-no-landslide,99.0,No Rutschung,50.16485595703125,41.84,37.49
2024-12-16 16:00:00,46.56937397440089,10.92674616663212,random-0043-no-landslide,99.0,No Rutschung,0.1800000071525573,6.04,0.1
2021-02-05 22:00:00,46.472018485288864,11.159805703792456,random-0044-no-landslide,99.0,No Rutschung,1.01171875,16.74,24.69
2024-11-17 21:00:00,46.56165663549361,11.455592455741598,random-0045-no-landslide,99.0,No Rutschung,0.0,0.0,0.0
2024-12-11 10:00:00,46.49814987045324,10.724660392826546,random-0046-no-landslide,99.0,No Rutschung,4.929999828338623,11.53,1.08
2023-08-11 21:00:00,46.40356047514705,10.815214279350416,random-0047-no-landslide,99.0,No Rutschung,27.21737670898437,92.03,77.71
2016-03-27 06:00:00,46.51885386362555,11.815132014162584,random-0048-no-landslide,99.0,No Rutschung,7.22991943359375,12.47,41.2
2022-08-17 19:00:00,46.42983842933063,12.30025161613931,random-0049-no-landslide,99.0,No Rutschung,33.3922119140625,91.07,16.92
2017-12-26 20:00:00,47.02352096157448,10.77743347626783,random-0050-no-landslide,99.0,No Rutschung,18.60653686523437,12.05,35.25
2022-09-16 16:00:00,46.62951852750294,11.64037596733822,random-0051-no-landslide,99.0,No Rutschung,2.0001220703125,19.47,11.55
2016-12-22 12:00:00,46.50408390605219,10.562320836771509,random-0052-no-landslide,99.0,No Rutschung,1.215576171875,0.01,0.0
2022-11-25 23:00:00,46.34477039562012,10.94848763792339,random-0053-no-landslide,99.0,No Rutschung,10.23681640625,4.73,5.55
2017-04-14 06:00:00,46.76438316178408,10.953150150667003,random-0054-no-landslide,99.0,No Rutschung,40.31027221679688,28.2,0.31
2022-12-08 05:00:00,46.42218032505918,11.19175502538742,random-0055-no-landslide,99.0,No Rutschung,20.34344482421875,6.47,11.34
2016-11-11 15:00:00,46.73268405655634,11.188255732870854,random-0056-no-landslide,99.0,No Rutschung,17.73260498046875,0.0,10.96
2022-04-13 21:00:00,46.87922365732392,11.246301619639558,random-0057-no-landslide,99.0,No Rutschung,7.04986572265625,8.86,1.88
2024-01-28 17:00:00,46.48475138678288,12.062496421794163,random-0058-no-landslide,99.0,No Rutschung,0.617034912109375,10.58,0.03
2022-11-09 15:00:00,46.912591863850416,11.80165682600894,random-0059-no-landslide,99.0,No Rutschung,25.042022705078125,0.88,25.86
2023-10-20 11:00:00,46.79543305407216,10.91235850932457,random-0060-no-landslide,99.0,No Rutschung,35.8555908203125,0.04,10.37
2022-06-03 15:00:00,46.74292442846475,10.924054575474216,random-0061-no-landslide,99.0,No Rutschung,55.104270935058594,32.15,65.19
2018-02-13 01:00:00,46.54586747025967,12.259254641449076,random-0062-no-landslide,99.0,No Rutschung,20.1317138671875,30.17,1.43
2022-06-19 22:00:00,46.33890173933568,12.252161382279857,random-0063-no-landslide,99.0,No Rutschung,8.921661376953125,15.37,40.98
2020-06-18 17:00:00,46.783204471753926,11.513001363512275,random-0064-no-landslide,99.0,No Rutschung,27.83465576171875,111.5,14.37
2017-12-19 14:00:00,47.01112762819192,10.82767545167541,random-0065-no-landslide,99.0,No Rutschung,15.94573974609375,31.35,23.36
2018-09-22 23:00:00,46.42193547906588,11.490940751773666,random-0066-no-landslide,99.0,No Rutschung,23.0806884765625,39.61,23.84
2024-05-16 13:00:00,46.93191352378753,11.54450167134401,random-0067-no-landslide,99.0,No Rutschung,1.1799999475479126,0.98,0.03
2018-09-17 18:00:00,46.5073774582141,11.13448824594454,random-0068-no-landslide,99.0,No Rutschung,58.9188232421875,22.84,25.38
2017-06-10 10:00:00,46.55138767910523,12.101806258197849,random-0069-no-landslide,99.0,No Rutschung,54.09027099609375,81.92,33.48
2020-09-08 11:00:00,46.29641764929711,11.70108841609881,random-0070-no-landslide,99.0,No Rutschung,37.75311279296875,35.59,106.42
2016-12-14 20:00:00,46.76187833950062,11.969069965474093,random-0071-no-landslide,99.0,No Rutschung,0.06610107421875,0.0,1.4
2016-05-23 06:00:00,46.97767349262156,11.196669850665277,random-0072-no-landslide,99.0,No Rutschung,32.92529296875,56.37,11.84
2024-10-22 00:00:00,46.47248215838246,11.03143717819426,random-0073-no-landslide,99.0,No Rutschung,4.646053314208984,0.0,1.21
2022-08-20 03:00:00,47.0209081166421,11.339050882698466,random-0074-no-landslide,99.0,No Rutschung,19.9742431640625,3.46,33.48
2023-01-11 04:00:00,46.41827194739267,11.83226130290029,random-0075-no-landslide,99.0,No Rutschung,28.462646484375,0.37,0.38
2020-02-21 20:00:00,46.74647407592275,11.896423580573304,random-0076-no-landslide,99.0,No Rutschung,0.57672119140625,1.23,4.51
2016-11-25 19:00:00,46.661242694950246,11.0765775766913,random-0077-no-landslide,99.0,No Rutschung,14.7261962890625,3.55,11.04
2018-03-02 06:00:00,46.4405190041372,11.188129829362122,random-0078-no-landslide,99.0,No Rutschung,6.178497314453125,2.91,6.2
2023-10-15 03:00:00,46.95058647849459,11.41070387955298,random-0079-no-landslide,99.0,No Rutschung,1.79345703125,0.51,0.14
2021-09-06 02:00:00,46.62948515675595,11.986779669842534,random-0080-no-landslide,99.0,No Rutschung,18.0068359375,8.55,51.01
2019-11-22 08:00:00,46.38484073368778,11.421503887468884,random-0081-no-landslide,99.0,No Rutschung,121.073974609375,91.15,50.67
2021-08-21 04:00:00,46.84111931189471,11.570140163848873,random-0082-no-landslide,99.0,No Rutschung,59.0174560546875,20.72,64.95
2019-09-23 02:00:00,46.97793226190171,10.831706613880211,random-0083-no-landslide,99.0,No Rutschung,0.6094970703125,5.69,72.53
2017-10-21 23:00:00,46.52405014864042,12.211273672745753,random-0084-no-landslide,99.0,No Rutschung,0.0,3.07,1.86
2022-11-19 14:00:00,46.49268635852387,12.28271994002515,random-0085-no-landslide,99.0,No Rutschung,9.87432861328125,3.49,44.94
2021-10-02 05:00:00,46.99636561981459,12.308119501539023,random-0086-no-landslide,99.0,No Rutschung,29.24542236328125,20.62,27.81
2018-03-21 00:00:00,46.38139307800234,11.072157425741446,random-0087-no-landslide,99.0,No Rutschung,35.8134765625,26.13,5.02
2023-06-08 06:00:00,46.3643470001648,11.093147656646774,random-0088-no-landslide,99.0,No Rutschung,18.53558349609375,30.92,17.01
2023-03-11 13:00:00,46.90133381507904,11.238573136600191,random-0089-no-landslide,99.0,No Rutschung,7.31732177734375,1.38,1.66
2021-12-25 10:00:00,46.30679297532348,11.56650678467527,random-0090-no-landslide,99.0,No Rutschung,0.0,0.0,34.76
2018-03-13 19:00:00,46.34094159968889,12.351874662627912,random-0091-no-landslide,99.0,No Rutschung,28.14544677734375,14.93,12.02
2017-04-14 08:00:00,46.48616062558444,11.05269785676095,random-0092-no-landslide,99.0,No Rutschung,13.58807373046875,14.83,4.78
2021-08-20 14:00:00,46.51556021231981,11.814131821560409,random-0093-no-landslide,99.0,No Rutschung,81.98916625976562,54.89,104.62
2016-07-19 04:00:00,46.5635427204338,11.05497837151207,random-0094-no-landslide,99.0,No Rutschung,97.90411376953124,80.44,95.78
2017-03-31 11:00:00,46.95627036412641,12.121904596394687,random-0095-no-landslide,99.0,No Rutschung,0.0074462890625,19.58,0.24
2021-12-08 00:00:00,46.78812489383083,11.715921440193029,random-0097-no-landslide,99.0,No Rutschung,6.5933685302734375,15.93,0.12
2019-06-18 11:00:00,46.93508171052895,10.595452341648704,random-0098-no-landslide,99.0,No Rutschung,37.985107421875,30.64,28.83
2022-02-07 07:00:00,46.30425053944183,11.2028410537848,random-0099-no-landslide,99.0,No Rutschung,4.12017822265625,0.0,0.0
2021-07-04 12:00:00,46.60000702763364,10.567727891336306,random-0100-no-landslide,99.0,No Rutschung,44.61322021484375,44.12,30.2
2019-11-08 19:00:00,46.89713193179326,12.336516784544369,random-0101-no-landslide,99.0,No Rutschung,72.34088134765625,26.47,2.11
2022-12-14 11:00:00,46.26036077051401,10.968476477374985,random-0102-no-landslide,99.0,No Rutschung,11.969970703125,31.7,6.68
2018-09-24 08:00:00,46.33057664076113,11.174058107362908,random-0103-no-landslide,99.0,No Rutschung,2.022705078125,31.06,4.98
2022-09-26 18:00:00,46.44556522888381,12.048596118384513,random-0104-no-landslide,99.0,No Rutschung,13.9320068359375,47.1,86.14
2017-05-24 12:00:00,46.55683599891462,10.863999548999391,random-0105-no-landslide,99.0,No Rutschung,34.1995849609375,43.31,19.32
2017-12-02 22:00:00,46.33510106528031,10.759231627298943,random-0106-no-landslide,99.0,No Rutschung,4.650390625,5.92,5.57
2018-12-11 18:00:00,46.2621377653802,11.83677889776268,random-0107-no-landslide,99.0,No Rutschung,5.4945068359375,0.26,29.75
2015-10-27 10:00:00,46.5788158321836,11.006961839765474,random-0108-no-landslide,99.0,No Rutschung,0.0,69.48,18.68
2022-12-16 22:00:00,46.99559238662147,10.547922194390528,random-0109-no-landslide,99.0,No Rutschung,16.70233154296875,7.99,17.36
2022-04-11 08:00:00,46.55492515670578,11.801958635621316,random-0110-no-landslide,99.0,No Rutschung,5.9114990234375,78.32,0.16
2022-05-27 17:00:00,46.58150650210621,12.211926918362447,random-0111-no-landslide,99.0,No Rutschung,60.9324951171875,63.5,44.33
2023-10-26 01:00:00,46.374990311397376,10.676056349169006,random-0112-no-landslide,99.0,No Rutschung,126.74081420898438,1.6,0.0
2020-01-27 21:00:00,46.98939805726439,11.023981517718822,random-0113-no-landslide,99.0,No Rutschung,0.0,6.57,0.94
2021-10-09 17:00:00,46.71630109409895,11.537135164197217,random-0114-no-landslide,99.0,No Rutschung,43.718505859375,7.88,16.06
2020-04-13 05:00:00,46.67994313520534,10.589744481359826,random-0115-no-landslide,99.0,No Rutschung,0.0433197021484375,1.67,2.59
2021-12-18 10:00:00,46.24090882145418,11.91765638120764,random-0116-no-landslide,99.0,No Rutschung,0.0,43.55,30.3
2022-07-21 13:00:00,46.47729670734878,10.676586852327551,random-0117-no-landslide,99.0,No Rutschung,121.4210205078125,23.05,41.04
2023-06-13 19:00:00,46.30731638983179,11.387201665541712,random-0118-no-landslide,99.0,No Rutschung,59.220458984375,133.56,34.77
2023-09-18 04:00:00,46.36729896409494,11.385888847321738,random-0119-no-landslide,99.0,No Rutschung,39.5023193359375,0.03,72.19
2017-01-28 09:00:00,46.26770198670849,11.715565684530656,random-0120-no-landslide,99.0,No Rutschung,0.0,0.83,3.68
2017-10-14 10:00:00,46.43708982233114,12.158570824289937,random-0121-no-landslide,99.0,No Rutschung,3.113983154296875,2.44,19.1
2021-01-23 02:00:00,46.62988242543324,11.670847989960729,random-0122-no-landslide,99.0,No Rutschung,17.2259521484375,12.97,8.39
2017-04-03 12:00:00,46.98095099064548,12.26555328954411,random-0124-no-landslide,99.0,No Rutschung,2.656494140625,10.23,10.77
2017-06-30 07:00:00,46.68745369380349,12.258706701179106,random-0125-no-landslide,99.0,No Rutschung,56.85321044921875,29.02,35.18
2024-01-13 02:00:00,46.33172256048574,11.572688619438422,random-0126-no-landslide,99.0,No Rutschung,20.300048828125,22.91,0.0
2017-03-19 13:00:00,46.97873308140131,11.520796865504265,random-0127-no-landslide,99.0,No Rutschung,1.5869140625,39.06,45.14
2016-01-04 22:00:00,46.40023765639413,11.012812700668082,random-0129-no-landslide,99.0,No Rutschung,4.5062255859375,0.0,0.01
2023-08-07 04:00:00,46.30461745017252,10.534591431063555,random-0130-no-landslide,99.0,No Rutschung,39.633331298828125,10.93,1.82
2017-02-12 11:00:00,46.75132068815841,11.129859027179585,random-0131-no-landslide,99.0,No Rutschung,7.17822265625,15.42,0.0
2024-06-23 09:00:00,46.247974872925255,12.080397166399823,random-0132-no-landslide,99.0,No Rutschung,3.950000047683716,0.58,2.11
2024-12-10 11:00:00,46.62423273063036,10.98800474265594,random-0133-no-landslide,99.0,No Rutschung,1.5,2.35,0.02
2016-01-15 12:00:00,46.730007573108274,11.803385335970422,random-0134-no-landslide,99.0,No Rutschung,16.7501220703125,5.38,0.02
2020-01-24 02:00:00,46.56208244637544,10.57379412783686,random-0135-no-landslide,99.0,No Rutschung,2.6939697265625,0.0,0.01
2020-10-27 15:00:00,47.0177626002553,12.009262966935216,random-0137-no-landslide,99.0,No Rutschung,51.60870361328125,8.75,23.59
2023-04-17 08:00:00,46.42843305259279,10.739291606517655,random-0138-no-landslide,99.0,No Rutschung,25.394683837890625,22.57,35.81
2023-03-02 23:00:00,46.41934459312493,11.551183470576484,random-0139-no-landslide,99.0,No Rutschung,18.39227294921875,7.47,0.0
2016-01-28 07:00:00,46.829968326053184,11.904613357547255,random-0140-no-landslide,99.0,No Rutschung,0.3476409912109375,0.74,17.49
2017-09-10 07:00:00,46.631566567866,12.188251738881071,random-0141-no-landslide,99.0,No Rutschung,43.38079833984375,88.41,15.58
2017-08-20 14:00:00,46.94216975371065,11.098996123660132,random-0142-no-landslide,99.0,No Rutschung,76.16935729980469,42.43,109.28
2016-08-19 12:00:00,46.768071487550536,12.289693077607604,random-0144-no-landslide,99.0,No Rutschung,22.006378173828125,96.83,56.11
2023-01-05 05:00:00,46.3024377224666,10.656255610402974,random-0145-no-landslide,99.0,No Rutschung,0.80096435546875,0.42,18.38
2021-05-12 13:00:00,46.82824261493504,11.758097412574005,random-0146-no-landslide,99.0,No Rutschung,24.5447998046875,49.13,8.97
2023-04-25 21:00:00,46.31975612190334,11.96150673979158,random-0147-no-landslide,99.0,No Rutschung,51.914093017578125,38.02,5.29
2022-06-11 17:00:00,46.27526258013955,11.425061686314953,random-0148-no-landslide,99.0,No Rutschung,50.50927734375,39.9,32.37
2021-12-14 03:00:00,46.81603485281855,10.604994023895138,random-0149-no-landslide,99.0,No Rutschung,20.28021240234375,20.0,10.82
2018-02-25 00:00:00,46.32262315994932,11.156713088507924,random-0150-no-landslide,99.0,No Rutschung,4.23370361328125,4.6,0.97
2022-08-28 10:00:00,46.89556437257109,11.787103337927896,random-0151-no-landslide,99.0,No Rutschung,31.482666015625,37.31,30.35
2017-07-08 02:00:00,46.34613128584651,12.168325490499589,random-0153-no-landslide,99.0,No Rutschung,37.44313049316406,62.63,23.07
2016-06-07 02:00:00,47.01468613087661,10.659160218631955,random-0154-no-landslide,99.0,No Rutschung,32.177490234375,52.67,51.01
2016-02-29 13:00:00,46.9833361844201,12.020416933477872,random-0155-no-landslide,99.0,No Rutschung,19.58502197265625,20.2,18.59
2019-05-26 03:00:00,46.79307065660005,11.155410166946504,random-0156-no-landslide,99.0,No Rutschung,51.54290771484375,4.6,50.65
2019-12-21 06:00:00,46.79060599481781,11.207337620336055,random-0157-no-landslide,99.0,No Rutschung,14.9849853515625,2.38,3.11
2016-03-15 16:00:00,46.575218856519065,11.11807515118732,random-0158-no-landslide,99.0,No Rutschung,0.0440673828125,48.45,20.67
2023-05-14 11:00:00,46.60244446489992,10.521748234257904,random-0159-no-landslide,99.0,No Rutschung,93.8101806640625,53.09,26.35
2018-12-31 03:00:00,46.8400376021243,11.886106015073146,random-0160-no-landslide,99.0,No Rutschung,14.1309814453125,3.24,2.88
2019-02-19 11:00:00,46.77146945417704,11.89216055154578,random-0161-no-landslide,99.0,No Rutschung,0.0,3.97,38.38
2019-07-25 22:00:00,46.45684198557241,11.201508947323822,random-0162-no-landslide,99.0,No Rutschung,14.328857421875,20.35,31.98
2017-05-10 20:00:00,46.99604931282438,10.918631821165029,random-0163-no-landslide,99.0,No Rutschung,71.32510375976562,60.04,17.72
2017-11-25 02:00:00,46.67195887378863,12.329148746912242,random-0164-no-landslide,99.0,No Rutschung,0.293975830078125,15.8,89.82
2021-09-15 15:00:00,46.96534544369231,10.581674976746507,random-0165-no-landslide,99.0,No Rutschung,5.6712646484375,2.47,26.91
2018-11-05 20:00:00,46.67024716227097,10.638513753949054,random-0166-no-landslide,99.0,No Rutschung,26.980224609375,112.95,0.0
2021-10-04 10:00:00,46.4020044677924,10.811332979256845,random-0167-no-landslide,99.0,No Rutschung,29.29864501953125,13.43,54.99
2016-12-15 01:00:00,46.72890548480036,11.35048925795536,random-0168-no-landslide,99.0,No Rutschung,0.01055908203125,0.0,1.89
2019-12-01 20:00:00,46.26562275267878,12.18564334423108,random-0169-no-landslide,99.0,No Rutschung,11.302886962890623,118.21,340.69
2018-05-12 01:00:00,46.27550542879972,12.2932488408151,random-0170-no-landslide,99.0,No Rutschung,58.35400390625,46.01,15.99
2019-06-06 18:00:00,46.72299579818748,11.35257554558084,random-0171-no-landslide,99.0,No Rutschung,11.5460205078125,68.54,80.46
2017-07-05 05:00:00,46.74425795814849,10.817811389813953,random-0172-no-landslide,99.0,No Rutschung,59.1904296875,82.59,34.09
2017-01-21 06:00:00,46.69396541436786,11.161270574473727,random-0173-no-landslide,99.0,No Rutschung,0.062225341796875,4.59,4.94
2020-08-13 00:00:00,46.78509649494823,12.344688223785502,random-0174-no-landslide,99.0,No Rutschung,26.42706298828125,90.67,19.84
2023-10-31 21:00:00,46.55671886007144,11.023662896314324,random-0175-no-landslide,99.0,No Rutschung,89.55999755859375,130.44,8.26
2024-08-15 06:00:00,46.33545100979843,11.007196315905208,random-0176-no-landslide,99.0,No Rutschung,0.0,0.0,0.0
2021-09-18 16:00:00,46.80702879809896,12.276601567552955,random-0177-no-landslide,99.0,No Rutschung,10.2279052734375,3.66,21.32
2022-09-22 02:00:00,46.9717801397026,11.282613537840533,random-0178-no-landslide,99.0,No Rutschung,46.49407958984375,28.67,17.7
2015-11-26 09:00:00,46.25043810809825,10.585074345289598,random-0179-no-landslide,99.0,No Rutschung,8.8428955078125,0.0,0.01
2019-03-01 03:00:00,46.61176360639462,11.954599558116454,random-0180-no-landslide,99.0,No Rutschung,0.03778076171875,0.0,7.91
2018-02-24 21:00:00,46.82601719183294,11.205002755393917,random-0181-no-landslide,99.0,No Rutschung,1.5015869140625,10.73,0.46
2024-05-06 20:00:00,46.899667099142114,12.314214770776232,random-0182-no-landslide,99.0,No Rutschung,0.0299999993294477,0.02,1.14
2018-11-21 05:00:00,46.55959414890109,11.376953054514146,random-0183-no-landslide,99.0,No Rutschung,4.240478515625,0.38,21.44
2024-10-13 00:00:00,46.28942922852647,10.526083391017163,random-0184-no-landslide,99.0,No Rutschung,43.484161376953125,0.0,0.96
2020-11-23 21:00:00,47.02509453786379,12.020606625327256,random-0185-no-landslide,99.0,No Rutschung,13.00115966796875,5.89,5.11
2016-04-08 09:00:00,46.53017182740205,11.916226036030851,random-0187-no-landslide,99.0,No Rutschung,11.5477294921875,7.39,0.55
2016-02-21 17:00:00,46.448103150039245,10.970703742820367,random-0188-no-landslide,99.0,No Rutschung,25.843536376953125,33.85,15.8
2018-03-30 20:00:00,46.7214005989384,11.756568215441272,random-0189-no-landslide,99.0,No Rutschung,24.1309814453125,43.26,24.81
2018-06-20 03:00:00,46.76393560526787,10.712865130177068,random-0190-no-landslide,99.0,No Rutschung,63.49462890625,76.54,63.91
2023-07-26 18:00:00,46.89111358585652,11.391010518744793,random-0191-no-landslide,99.0,No Rutschung,9.909423828125,14.8,5.76
2023-12-30 21:00:00,46.6686972571049,12.094059419810543,random-0192-no-landslide,99.0,No Rutschung,0.0,18.2,19.75
2016-12-05 19:00:00,46.85963419226222,10.665836914275085,random-0193-no-landslide,99.0,No Rutschung,0.0,4.45,12.39
2020-06-03 00:00:00,46.56414353712967,11.39818230574208,random-0194-no-landslide,99.0,No Rutschung,7.90679931640625,15.18,27.86
2019-07-15 01:00:00,46.789806471167566,11.660469052214172,random-0195-no-landslide,99.0,No Rutschung,2.122802734375,1.87,4.26
2017-04-15 11:00:00,46.241029138072605,10.755526090799004,random-0196-no-landslide,99.0,No Rutschung,30.1116943359375,32.77,5.22
2019-09-03 03:00:00,46.57762482022098,11.233996565421462,random-0197-no-landslide,99.0,No Rutschung,16.95361328125,14.99,7.82
2020-04-13 13:00:00,46.66514727280661,11.858847986009934,random-0198-no-landslide,99.0,No Rutschung,0.0,9.46,22.09
2018-11-30 22:00:00,46.46658924342944,12.203058746463364,random-0199-no-landslide,99.0,No Rutschung,19.56591796875,18.05,2.16
2018-09-15 22:00:00,46.98514442810545,12.113099702669397,random-0200-no-landslide,99.0,No Rutschung,35.4139404296875,50.86,52.07
2018-04-12 01:00:00,46.89964520637548,11.35947578677265,random-0201-no-landslide,99.0,No Rutschung,8.295135498046875,17.74,4.78
2016-11-05 06:00:00,46.59486393508395,10.983423088511644,random-0202-no-landslide,99.0,No Rutschung,0.537353515625,19.33,21.22
2020-10-10 00:00:00,46.50129197929552,11.584437353214952,random-0203-no-landslide,99.0,No Rutschung,40.121337890625,14.76,122.96
2019-05-13 23:00:00,46.33136082816575,10.741516840241234,random-0204-no-landslide,99.0,No Rutschung,25.246368408203125,39.26,71.36
2023-03-14 01:00:00,46.78470322561709,11.2490617617461,random-0205-no-landslide,99.0,No Rutschung,3.47381591796875,0.8,0.5
2018-09-01 18:00:00,46.50455827009785,10.840625191884016,random-0206-no-landslide,99.0,No Rutschung,86.42190551757812,75.85,97.67
2022-02-21 22:00:00,46.639512238204745,12.13545296372865,random-0207-no-landslide,99.0,No Rutschung,24.02032470703125,0.35,24.56
2022-10-13 02:00:00,46.45117403125218,10.816418570165604,random-0209-no-landslide,99.0,No Rutschung,16.9007568359375,14.42,37.8
2020-05-21 20:00:00,46.66615722820987,10.55999077531452,random-0210-no-landslide,99.0,No Rutschung,14.12176513671875,17.73,12.05
2016-03-18 23:00:00,46.39366746570408,11.362153489285106,random-0211-no-landslide,99.0,No Rutschung,1.466064453125,52.71,65.84
2021-01-19 20:00:00,46.778915097313856,11.441885618138654,random-0212-no-landslide,99.0,No Rutschung,22.97616577148437,1.86,7.64
2024-03-31 16:00:00,46.61238065076902,10.673096762430358,random-0213-no-landslide,99.0,No Rutschung,36.2314453125,6.17,6.62
2021-12-11 23:00:00,46.9247047959004,10.653403218161838,random-0214-no-landslide,99.0,No Rutschung,29.9066162109375,21.99,3.62
2023-05-09 10:00:00,46.231518828514346,11.206025612604762,random-0215-no-landslide,99.0,No Rutschung,8.94610595703125,15.68,31.16
2020-09-06 13:00:00,46.70480667330269,10.658560511731478,random-0216-no-landslide,99.0,No Rutschung,8.22015380859375,25.77,10.33
2017-01-21 12:00:00,46.61506875968279,11.19328398888558,random-0217-no-landslide,99.0,No Rutschung,0.000244140625,2.81,2.38
2024-03-09 15:00:00,46.59756905066086,11.19036973106285,random-0218-no-landslide,99.0,No Rutschung,32.70721435546875,36.43,40.44
2024-02-29 21:00:00,46.4303594416285,10.569113396222091,random-0219-no-landslide,99.0,No Rutschung,65.73974609375,4.11,21.6
2020-01-28 00:00:00,46.6366800603986,12.174514912287751,random-0220-no-landslide,99.0,No Rutschung,1.742523193359375,6.02,0.0
2020-02-22 01:00:00,46.91964019071992,10.557499005034392,random-0221-no-landslide,99.0,No Rutschung,4.562957763671875,6.0,24.68
2016-01-06 04:00:00,46.31291530967261,11.243196351935826,random-0222-no-landslide,99.0,No Rutschung,1.80072021484375,0.0,0.2
2020-07-06 04:00:00,46.67829400719621,10.841380269084944,random-0223-no-landslide,99.0,No Rutschung,64.58547973632812,42.12,43.55
2023-01-25 02:00:00,46.9381936502805,10.724467346945614,random-0224-no-landslide,99.0,No Rutschung,13.22747802734375,16.49,19.02
2020-10-02 05:00:00,46.7458293779487,11.164546878297909,random-0225-no-landslide,99.0,No Rutschung,13.9349365234375,25.07,6.56
2023-06-01 04:00:00,46.67334147340629,11.878343106364936,random-0226-no-landslide,99.0,No Rutschung,38.53564453125,36.2,49.68
2019-01-21 20:00:00,46.53090567659567,11.55603011702744,random-0227-no-landslide,99.0,No Rutschung,1.5345458984375,13.97,1.54
2023-09-10 05:00:00,46.68371640941291,11.708354308539796,random-0228-no-landslide,99.0,No Rutschung,0.0,53.02,29.19
2019-06-30 12:00:00,46.310458715878944,10.944121105411046,random-0229-no-landslide,99.0,No Rutschung,9.533447265625,106.85,103.36
2024-01-31 03:00:00,46.61768462347668,11.183718633968354,random-0230-no-landslide,99.0,No Rutschung,0.00372314453125,1.46,0.02
2023-04-12 04:00:00,46.87081375529293,10.66486341732072,random-0231-no-landslide,99.0,No Rutschung,14.400726318359377,20.32,23.11
2019-01-15 02:00:00,46.29330882333493,12.177429401456994,random-0232-no-landslide,99.0,No Rutschung,2.313720703125,0.01,0.0
2018-08-23 21:00:00,46.78414125583273,10.5346300564596,random-0233-no-landslide,99.0,No Rutschung,9.0263671875,14.08,21.18
2016-06-04 02:00:00,47.00102179718959,11.244489925006771,random-0234-no-landslide,99.0,No Rutschung,120.0457763671875,67.52,44.54
2021-12-12 17:00:00,46.43470955015966,12.028406327859308,random-0235-no-landslide,99.0,No Rutschung,27.65374755859375,17.24,33.6
2023-06-06 08:00:00,46.88274902395119,11.852301389294448,random-0236-no-landslide,99.0,No Rutschung,20.3463134765625,12.5,5.92
2018-05-10 15:00:00,46.60877863431998,11.50101262277111,random-0237-no-landslide,99.0,No Rutschung,18.9835205078125,13.14,4.83
2022-07-26 20:00:00,46.99984680752412,10.88400345338904,random-0238-no-landslide,99.0,No Rutschung,66.42236328125,4.86,18.55
2019-10-07 00:00:00,46.81540741371984,10.87358661452989,random-0239-no-landslide,99.0,No Rutschung,29.938720703125,18.58,6.37
2020-12-16 23:00:00,46.71542508171065,10.715257238879955,random-0240-no-landslide,99.0,No Rutschung,0.3853912353515625,152.6,4.08
2023-06-18 20:00:00,46.63224431428704,10.663746221485484,random-0241-no-landslide,99.0,No Rutschung,0.866943359375,2.07,6.73
2022-10-03 19:00:00,46.65332319618772,11.40022828986395,random-0242-no-landslide,99.0,No Rutschung,22.5286865234375,23.92,34.19
2022-04-26 17:00:00,46.590989832775456,11.19096221158454,random-0243-no-landslide,99.0,No Rutschung,28.26046371459961,0.37,5.87
2023-10-23 23:00:00,47.01732892538959,10.619025830086583,random-0244-no-landslide,99.0,No Rutschung,15.121337890625,6.48,3.4
2023-05-24 09:00:00,46.43211329915192,12.014947084839456,random-0245-no-landslide,99.0,No Rutschung,35.11175537109375,97.27,45.31
2020-09-19 00:00:00,46.3223279317507,10.505586679781764,random-0246-no-landslide,99.0,No Rutschung,16.50323486328125,27.8,67.78
2020-04-06 20:00:00,46.31437181041254,11.985803826561334,random-0247-no-landslide,99.0,No Rutschung,4.0701904296875,49.48,12.28
2024-04-28 07:00:00,46.81112588828304,10.732947769314288,random-0248-no-landslide,99.0,No Rutschung,0.0,0.85,0.0
2022-09-15 05:00:00,46.53126855873177,10.883861804033812,random-0249-no-landslide,99.0,No Rutschung,74.022216796875,54.67,59.81
2019-12-29 05:00:00,46.68665698075412,11.886380502899996,random-0250-no-landslide,99.0,No Rutschung,3.647430419921875,26.07,3.55
2022-06-12 03:00:00,46.86237950900133,10.76188562647577,random-0251-no-landslide,99.0,No Rutschung,58.0447998046875,37.26,22.68
2024-06-28 16:00:00,46.36018705096434,10.80654684708258,random-0252-no-landslide,99.0,No Rutschung,0.0299999993294477,0.01,1.74
2020-03-05 10:00:00,46.733840237014896,10.941250637380158,random-0253-no-landslide,99.0,No Rutschung,19.4267578125,1.28,5.6
2018-01-28 20:00:00,46.92758735515487,11.171514672932735,random-0254-no-landslide,99.0,No Rutschung,17.5439453125,28.17,17.19
2015-12-20 07:00:00,46.58914392502764,11.777663899047356,random-0255-no-landslide,99.0,No Rutschung,1.546539306640625,0.5,0.0
2021-02-12 04:00:00,46.72615454645438,12.182856052730898,random-0256-no-landslide,99.0,No Rutschung,46.718841552734375,4.17,43.56
2019-01-18 06:00:00,46.62955144997058,11.89851414486374,random-0257-no-landslide,99.0,No Rutschung,27.05499267578125,7.4,8.17
2024-10-08 07:00:00,46.65274066001383,11.23257178060345,random-0258-no-landslide,99.0,No Rutschung,16.31999969482422,0.74,1.44
2023-05-25 16:00:00,46.726263143706944,12.195580478878275,random-0259-no-landslide,99.0,No Rutschung,17.20281982421875,42.63,52.65
2020-04-04 00:00:00,46.86139094624406,10.76095008002372,random-0261-no-landslide,99.0,No Rutschung,19.594268798828125,7.83,11.31
2019-05-02 15:00:00,46.685604636259264,11.887016777623348,random-0262-no-landslide,99.0,No Rutschung,39.44781494140625,8.19,14.87
2019-08-04 23:00:00,46.79211503333098,11.907478228007264,random-0263-no-landslide,99.0,No Rutschung,16.22747802734375,9.94,5.08
2016-05-02 01:00:00,46.62259645689692,11.835785910011133,random-0265-no-landslide,99.0,No Rutschung,44.95368957519531,26.56,26.72
2016-03-22 14:00:00,46.883064052677646,11.140195272830368,random-0266-no-landslide,99.0,No Rutschung,1.20880126953125,0.44,55.29
2018-09-26 13:00:00,46.33091739040358,12.083346051216068,random-0267-no-landslide,99.0,No Rutschung,4.1822509765625,40.47,23.98
2020-04-28 13:00:00,46.65911009845483,11.43977458094398,random-0268-no-landslide,99.0,No Rutschung,21.31968688964844,10.71,2.11
2017-11-25 08:00:00,46.802505915767554,11.851098019751518,random-0269-no-landslide,99.0,No Rutschung,0.9647979736328124,9.76,37.41
2015-12-13 01:00:00,46.67952223115044,11.619579002183253,random-0270-no-landslide,99.0,No Rutschung,0.00115966796875,0.0,0.95
2020-04-03 11:00:00,46.88747436083704,11.62067603731414,random-0271-no-landslide,99.0,No Rutschung,16.86053466796875,11.25,10.47
2022-04-26 09:00:00,46.41039438560816,11.141022744233592,random-0272-no-landslide,99.0,No Rutschung,30.01302719116211,1.81,0.56
2019-07-25 00:00:00,46.9833638504848,11.36444799202327,random-0273-no-landslide,99.0,No Rutschung,14.84326171875,20.32,17.03
2016-07-09 16:00:00,46.34017134408231,12.205641399767128,random-0274-no-landslide,99.0,No Rutschung,53.46673583984375,67.76,24.98
2023-06-24 00:00:00,46.92354703800738,10.53438266574014,random-0275-no-landslide,99.0,No Rutschung,14.560302734375,7.33,11.54
2021-02-27 06:00:00,46.96065555999111,10.691650612799082,random-0276-no-landslide,99.0,No Rutschung,0.04644775390625,7.49,19.54
2019-06-14 14:00:00,46.79232050442056,12.22555077073173,random-0277-no-landslide,99.0,No Rutschung,42.42550659179688,19.15,50.4
2023-10-13 19:00:00,46.81556424058794,11.293623156901482,random-0279-no-landslide,99.0,No Rutschung,0.2318954467773437,1.41,3.89
2021-03-20 22:00:00,46.95423744116715,12.07210264137436,random-0280-no-landslide,99.0,No Rutschung,21.79461669921875,1.46,1.72
2021-12-10 11:00:00,46.32866828897027,12.06922001888402,random-0281-no-landslide,99.0,No Rutschung,40.42266845703125,50.55,13.38
2018-12-20 19:00:00,46.47732134309626,11.121616630462904,random-0282-no-landslide,99.0,No Rutschung,0.383575439453125,4.5,4.07
2022-11-24 00:00:00,46.821776303586645,11.20980242493603,random-0283-no-landslide,99.0,No Rutschung,10.13214111328125,5.88,15.35
2018-11-09 08:00:00,46.709934793693066,11.973649932288934,random-0284-no-landslide,99.0,No Rutschung,9.7017822265625,124.85,0.01
2022-03-25 18:00:00,46.91669800221881,11.27562279652027,random-0285-no-landslide,99.0,No Rutschung,0.056640625,0.91,0.01
2021-08-13 19:00:00,46.50558168857536,11.148169225036227,random-0286-no-landslide,99.0,No Rutschung,10.99237060546875,147.66,69.32
2020-11-03 04:00:00,46.408208811001245,11.346145118266556,random-0287-no-landslide,99.0,No Rutschung,0.14306640625,50.35,11.47
2021-03-20 13:00:00,46.36983388912646,10.763913862689312,random-0288-no-landslide,99.0,No Rutschung,2.63531494140625,3.17,0.28
2019-11-08 14:00:00,46.95754800593434,11.283889620599146,random-0289-no-landslide,99.0,No Rutschung,60.6005859375,21.39,4.61
2017-06-26 13:00:00,46.732650994167216,11.586192149585234,random-0290-no-landslide,99.0,No Rutschung,37.958251953125,19.33,16.49
2018-12-03 22:00:00,46.63946259810562,10.898221148918578,random-0291-no-landslide,99.0,No Rutschung,2.07159423828125,9.55,2.76
2020-06-22 23:00:00,46.91440103615442,11.542653996290628,random-0292-no-landslide,99.0,No Rutschung,32.22015380859375,57.54,50.79
2023-11-11 03:00:00,46.62913331824209,12.36462851453424,random-0293-no-landslide,99.0,No Rutschung,31.5018310546875,174.26,75.36
2022-06-24 07:00:00,46.8263213481621,10.625947485557996,random-0294-no-landslide,99.0,No Rutschung,11.8343505859375,7.28,55.88
2024-08-23 00:00:00,46.39271714004813,12.179839522090834,random-0295-no-landslide,99.0,No Rutschung,0.726806640625,3.3,0.0
2024-07-11 21:00:00,46.53007266107563,11.669195082156616,random-0296-no-landslide,99.0,No Rutschung,0.0099999997764825,0.4,0.18
2019-06-20 00:00:00,46.46347361043787,11.599029873163804,random-0297-no-landslide,99.0,No Rutschung,63.61376953125,60.98,12.97
2019-03-18 08:00:00,46.58024148727956,11.481104204767933,random-0298-no-landslide,99.0,No Rutschung,9.85833740234375,8.31,0.01
2023-06-14 13:00:00,46.83857434570916,11.429907947068388,random-0299-no-landslide,99.0,No Rutschung,32.4725341796875,58.18,33.67
2016-02-23 00:00:00,46.28954407469303,11.125761198669997,random-0300-no-landslide,99.0,No Rutschung,11.742034912109377,22.77,28.19
2018-04-16 02:00:00,46.44492993492204,11.198589453582208,random-0301-no-landslide,99.0,No Rutschung,27.1993408203125,6.0,24.29
2019-12-11 05:00:00,46.86674281053866,11.485196037737232,random-0302-no-landslide,99.0,No Rutschung,1.8154296875,8.34,8.02
2020-03-11 07:00:00,46.919464128464845,12.070885725317469,random-0303-no-landslide,99.0,No Rutschung,22.380828857421875,27.54,9.45
2022-06-30 23:00:00,46.24514047844778,11.756927357702375,random-0305-no-landslide,99.0,No Rutschung,53.96490478515625,34.85,59.11
2023-06-04 06:00:00,46.935752890780535,11.565351801934952,random-0306-no-landslide,99.0,No Rutschung,105.09991455078124,42.56,21.68
2023-06-10 16:00:00,46.308595530729725,10.945908763463295,random-0307-no-landslide,99.0,No Rutschung,69.40362548828125,40.24,37.42
2021-07-26 10:00:00,46.54555828322688,12.052992124861618,random-0308-no-landslide,99.0,No Rutschung,79.79557800292969,66.14,81.71
2018-08-10 06:00:00,46.55288723424557,10.764334281925588,random-0309-no-landslide,99.0,No Rutschung,44.882568359375,31.45,31.87
2019-04-25 13:00:00,46.73342814666471,10.66306337963719,random-0310-no-landslide,99.0,No Rutschung,6.015960693359375,16.46,40.23
2018-02-21 17:00:00,46.92698531066186,10.730104811793748,random-0311-no-landslide,99.0,No Rutschung,21.933670043945312,12.74,11.16
2024-11-18 06:00:00,46.93990032881977,11.288562829946896,random-0312-no-landslide,99.0,No Rutschung,0.0,0.0,0.0
2016-05-04 21:00:00,46.49675765124996,11.668793572646011,random-0313-no-landslide,99.0,No Rutschung,50.31675720214844,64.55,25.4
2020-05-21 06:00:00,46.25669451681678,11.179422208825752,random-0314-no-landslide,99.0,No Rutschung,27.2584228515625,26.8,7.33
2021-10-03 01:00:00,46.51816010136098,11.94755401128686,random-0315-no-landslide,99.0,No Rutschung,16.5650634765625,11.6,48.84
2019-10-02 23:00:00,47.00506227355363,10.91099246434136,random-0316-no-landslide,99.0,No Rutschung,28.26263427734375,19.0,0.66
2018-05-13 14:00:00,46.92063740631493,10.76252290591004,random-0317-no-landslide,99.0,No Rutschung,26.72808837890625,5.65,6.83
2018-10-05 14:00:00,46.37438636212087,11.38138913811394,random-0318-no-landslide,99.0,No Rutschung,4.330596923828125,1.79,34.0
2016-11-09 02:00:00,46.81973673251144,11.458790741352535,random-0319-no-landslide,99.0,No Rutschung,22.482666015625,5.85,11.49
2018-06-07 13:00:00,46.4029706494677,11.25326833027622,random-0320-no-landslide,99.0,No Rutschung,9.12591552734375,11.56,6.4
2019-03-14 17:00:00,47.0129054627248,12.06180031419559,random-0321-no-landslide,99.0,No Rutschung,11.66571044921875,18.99,6.04
2023-08-15 23:00:00,46.77957330130753,12.184548093632024,random-0322-no-landslide,99.0,No Rutschung,16.254852294921875,54.18,26.26
2024-07-22 12:00:00,46.95711259218416,10.534907174827977,random-0323-no-landslide,99.0,No Rutschung,0.0299999993294477,0.13,3.55
2023-01-28 20:00:00,46.44756468614164,11.578577922493436,random-0324-no-landslide,99.0,No Rutschung,14.50189208984375,24.84,22.91
2017-03-14 06:00:00,46.62536878090763,11.258313554943213,random-0325-no-landslide,99.0,No Rutschung,5.5938568115234375,42.27,1.03
2017-12-12 18:00:00,46.43931043031153,10.762345938675482,random-0326-no-landslide,99.0,No Rutschung,92.6885986328125,5.79,8.41
2016-10-21 04:00:00,46.70491413102099,12.134653506457166,random-0327-no-landslide,99.0,No Rutschung,43.29925537109375,12.08,36.63
2021-01-24 19:00:00,46.36902552206705,11.74410680949033,random-0328-no-landslide,99.0,No Rutschung,39.966552734375,6.0,10.43
2018-07-20 03:00:00,46.55128690215552,12.067740653096308,random-0329-no-landslide,99.0,No Rutschung,68.76556396484375,92.94,107.83
2021-04-27 20:00:00,46.26683213939092,11.47087075019766,random-0330-no-landslide,99.0,No Rutschung,15.506755828857422,9.54,35.85
2018-07-23 20:00:00,46.37618802844072,12.293108163840037,random-0331-no-landslide,99.0,No Rutschung,36.223876953125,68.77,39.16
2020-12-20 02:00:00,46.5392805618194,10.959309483476472,random-0332-no-landslide,99.0,No Rutschung,3.1689605712890625,109.5,141.64
2022-02-12 01:00:00,46.95807946612239,11.318049879424953,random-0333-no-landslide,99.0,No Rutschung,23.25726318359375,36.8,4.93
2018-08-25 20:00:00,46.98497425085007,11.641947353218082,random-0334-no-landslide,99.0,No Rutschung,108.106201171875,98.05,87.24
2018-05-31 10:00:00,46.97504418863358,11.74155336724982,random-0335-no-landslide,99.0,No Rutschung,53.25445556640625,37.33,50.91
2022-09-14 00:00:00,46.43818049335856,10.558828510781826,random-0336-no-landslide,99.0,No Rutschung,25.66766357421875,14.87,56.52
2019-09-28 15:00:00,46.989693348952684,12.08326294584134,random-0337-no-landslide,99.0,No Rutschung,19.200439453125,3.07,33.25
2020-11-05 08:00:00,46.84299611397046,11.125538822566586,random-0338-no-landslide,99.0,No Rutschung,1.758056640625,36.69,12.42
2023-11-05 16:00:00,46.77732938887621,11.427064430819522,random-0339-no-landslide,99.0,No Rutschung,96.64794921875,38.04,22.72
2022-06-06 02:00:00,46.289886334001686,11.360101670086271,random-0340-no-landslide,99.0,No Rutschung,45.23372650146485,32.28,43.48
2016-06-01 19:00:00,46.99961228317654,10.504891974652866,random-0341-no-landslide,99.0,No Rutschung,103.75119018554688,59.61,77.02
2023-07-09 12:00:00,46.51674027877206,11.6042228584047,random-0342-no-landslide,99.0,No Rutschung,86.964599609375,51.29,8.36
2024-08-16 15:00:00,46.33834279233158,12.215853541652018,random-0343-no-landslide,99.0,No Rutschung,3.299999952316284,0.0,0.06
2021-05-28 13:00:00,46.37679448459383,11.334528636888953,random-0344-no-landslide,99.0,No Rutschung,16.324920654296875,16.72,31.64
2017-08-08 01:00:00,46.8330320427677,12.292254745212585,random-0345-no-landslide,99.0,No Rutschung,81.89654541015625,34.49,66.69
2024-11-09 23:00:00,46.75375661922365,12.008751363014396,random-0346-no-landslide,99.0,No Rutschung,0.0,0.0,2.36
2019-07-25 14:00:00,47.00986097359815,11.69211250267379,random-0347-no-landslide,99.0,No Rutschung,65.0767822265625,59.88,17.33
2022-09-22 11:00:00,46.405506543648194,11.415720617781655,random-0348-no-landslide,99.0,No Rutschung,1.3115234375,1.98,24.07
2022-07-17 12:00:00,46.26083198423826,12.265866946867488,random-0349-no-landslide,99.0,No Rutschung,33.52726745605469,30.11,80.96
2021-03-19 07:00:00,46.67180092850705,12.369264598955086,random-0350-no-landslide,99.0,No Rutschung,11.5289306640625,9.26,0.02
2022-02-23 09:00:00,46.32537332348552,11.08554226717904,random-0351-no-landslide,99.0,No Rutschung,0.197021484375,15.34,6.6
2022-01-25 05:00:00,46.32120254352067,10.860669145557305,random-0352-no-landslide,99.0,No Rutschung,0.0001220703125,0.0,8.16
2023-03-04 21:00:00,46.60686436445564,12.266254307203756,random-0353-no-landslide,99.0,No Rutschung,5.758544921875,9.06,0.0
2018-05-13 07:00:00,46.48341465734563,12.079787724451974,random-0354-no-landslide,99.0,No Rutschung,42.862548828125,34.47,35.99
2023-12-17 22:00:00,46.70400427850651,10.56972006949518,random-0355-no-landslide,99.0,No Rutschung,14.20623779296875,8.44,54.15
2019-09-19 09:00:00,46.58045590528434,11.492089941302122,random-0357-no-landslide,99.0,No Rutschung,1.5563831329345703,30.06,15.97
2021-01-28 18:00:00,46.48038230127976,10.622730905633258,random-0358-no-landslide,99.0,No Rutschung,52.04095458984375,10.55,20.3
2015-10-28 22:00:00,46.75604219298602,11.507304573178384,random-0359-no-landslide,99.0,No Rutschung,0.2821044921875,32.64,52.92
2015-12-06 10:00:00,46.5691425907986,11.47320895191114,random-0360-no-landslide,99.0,No Rutschung,0.0,0.63,0.78
2018-08-06 22:00:00,46.24887328258821,10.93614140994857,random-0361-no-landslide,99.0,No Rutschung,128.0521240234375,130.89,132.72
2016-12-03 05:00:00,46.37706506360004,10.500961575521494,random-0362-no-landslide,99.0,No Rutschung,4.41973876953125,16.59,13.98
2016-12-29 04:00:00,46.86517771222835,12.256532796958105,random-0363-no-landslide,99.0,No Rutschung,0.1326904296875,2.61,0.07
2019-05-15 09:00:00,46.84003237792066,11.15633311884865,random-0364-no-landslide,99.0,No Rutschung,46.09835815429688,56.43,39.0
2018-08-27 17:00:00,46.61129503647988,10.570821732615352,random-0365-no-landslide,99.0,No Rutschung,6.589111328125,6.1,4.42
2021-07-10 14:00:00,46.84089599162926,12.340710312378434,random-0366-no-landslide,99.0,No Rutschung,66.05911254882812,45.77,31.68
2016-02-27 23:00:00,46.6453086369077,11.129515420761734,random-0367-no-landslide,99.0,No Rutschung,0.64837646484375,8.58,25.56
2020-10-08 19:00:00,46.51168514736416,10.707099159654808,random-0368-no-landslide,99.0,No Rutschung,143.99261474609375,40.05,64.83
2021-06-07 02:00:00,46.798937873725166,12.095256792674723,random-0369-no-landslide,99.0,No Rutschung,4.881591796875,11.42,27.88
2021-11-03 14:00:00,46.95396119921037,11.01899200499367,random-0370-no-landslide,99.0,No Rutschung,39.572265625,5.71,0.12
2023-02-21 04:00:00,46.53532593154128,11.300434401782702,random-0371-no-landslide,99.0,No Rutschung,0.0,0.0,0.53
2022-03-27 04:00:00,46.99063198088409,10.733210187382126,random-0372-no-landslide,99.0,No Rutschung,0.1021728515625,4.4,0.01
2021-07-01 08:00:00,46.30061268707166,11.970948080766124,random-0373-no-landslide,99.0,No Rutschung,47.7174072265625,8.92,5.56
2019-08-12 12:00:00,46.93315717133083,12.33743236511348,random-0374-no-landslide,99.0,No Rutschung,35.74737548828125,64.87,34.0
2024-07-19 03:00:00,46.3623901251227,11.64756979177078,random-0375-no-landslide,99.0,No Rutschung,0.1099999994039535,0.0,2.83
2019-01-21 20:00:00,46.97974141566618,10.93373333026729,random-0376-no-landslide,99.0,No Rutschung,3.8270263671875,101.53,63.41
2022-02-03 07:00:00,46.890533421801344,10.93167169322512,random-0377-no-landslide,99.0,No Rutschung,65.67364501953125,3.09,0.54
2024-01-24 18:00:00,46.40493094751388,10.830617088811998,random-0378-no-landslide,99.0,No Rutschung,10.99383544921875,0.41,25.28
2022-08-12 10:00:00,46.88700230741398,12.290570793598736,random-0379-no-landslide,99.0,No Rutschung,47.892822265625,61.96,38.35
2016-11-24 09:00:00,47.0007290752925,10.608680683291023,random-0380-no-landslide,99.0,No Rutschung,8.833984375,15.46,30.4
2019-02-09 23:00:00,46.70480348202046,11.469641555854508,random-0381-no-landslide,99.0,No Rutschung,7.054718017578125,47.59,0.29
2016-10-28 04:00:00,46.54480896714728,10.825693900556209,random-0382-no-landslide,99.0,No Rutschung,19.333251953125,42.09,20.64
2018-10-03 22:00:00,47.02240300167802,11.419014315885644,random-0383-no-landslide,99.0,No Rutschung,15.25640869140625,20.2,8.72
2020-09-25 15:00:00,46.40807808918285,12.026089553294527,random-0384-no-landslide,99.0,No Rutschung,51.0201416015625,4.42,30.17
2016-01-14 23:00:00,46.941690811868455,10.565713736248668,random-0385-no-landslide,99.0,No Rutschung,18.2969970703125,15.59,0.01
2017-07-29 01:00:00,46.446692540038505,11.231987710805882,random-0386-no-landslide,99.0,No Rutschung,35.7548828125,6.74,35.24
2020-07-10 12:00:00,46.90768513579353,10.583499829954238,random-0387-no-landslide,99.0,No Rutschung,3.58062744140625,48.61,12.3
2022-08-16 18:00:00,46.75093815153864,12.014276946555889,random-0388-no-landslide,99.0,No Rutschung,4.138916015625,28.61,17.15
2016-01-24 07:00:00,46.45340294986323,11.875332811991097,random-0389-no-landslide,99.0,No Rutschung,0.06182861328125,22.82,8.95
2022-05-05 16:00:00,46.43618266311122,11.197428586199266,random-0390-no-landslide,99.0,No Rutschung,7.98583984375,23.95,0.84
2023-08-19 16:00:00,46.29395544053143,11.427783277238907,random-0391-no-landslide,99.0,No Rutschung,46.47760009765625,4.17,83.83
2024-01-28 16:00:00,47.01853474369583,12.173155628627253,random-0392-no-landslide,99.0,No Rutschung,19.57574462890625,4.47,0.01
2019-12-29 04:00:00,46.61193590770445,11.42641969016302,random-0393-no-landslide,99.0,No Rutschung,3.791778564453125,31.28,1.98
2022-12-02 02:00:00,46.50626295438969,12.042634627506224,random-0394-no-landslide,99.0,No Rutschung,12.074432373046877,28.32,10.49
2016-03-13 02:00:00,46.917473764102525,11.517360108104072,random-0395-no-landslide,99.0,No Rutschung,4.00775146484375,48.51,9.52
2020-02-08 07:00:00,46.920392938780125,11.475251322278018,random-0396-no-landslide,99.0,No Rutschung,8.2208251953125,7.98,0.94
2023-03-15 04:00:00,46.79321532996676,12.122319506706203,random-0397-no-landslide,99.0,No Rutschung,10.10040283203125,1.7,0.3
2016-01-27 16:00:00,46.72178511170508,11.772350808354702,random-0398-no-landslide,99.0,No Rutschung,0.01861572265625,1.39,17.32
2019-09-07 12:00:00,46.93111828649359,10.854353391235664,random-0399-no-landslide,99.0,No Rutschung,67.4591064453125,77.11,92.52
2020-07-27 06:00:00,46.821186252301096,11.12717496580091,random-0401-no-landslide,99.0,No Rutschung,45.159423828125,40.29,57.93
2016-08-09 12:00:00,46.67209950038946,10.502611976165198,random-0402-no-landslide,99.0,No Rutschung,38.900238037109375,13.55,7.83
2020-09-28 19:00:00,46.23453583385946,11.449459805996124,random-0403-no-landslide,99.0,No Rutschung,59.8145751953125,19.61,15.28
2023-11-06 12:00:00,46.48925082266362,10.657777405504325,random-0404-no-landslide,99.0,No Rutschung,134.122314453125,61.4,64.33
2016-12-05 07:00:00,46.43622229507701,11.68198098178949,random-0405-no-landslide,99.0,No Rutschung,0.100860595703125,9.89,5.65
2016-03-04 01:00:00,46.88101240310093,10.51748241536812,random-0406-no-landslide,99.0,No Rutschung,26.48150634765625,20.91,10.2
2021-04-27 00:00:00,46.83512953769762,10.700566516035732,random-0407-no-landslide,99.0,No Rutschung,9.7603759765625,15.85,13.74
2018-01-14 05:00:00,46.89807742077289,11.308788711488384,random-0408-no-landslide,99.0,No Rutschung,21.20513916015625,25.95,31.14
2020-12-25 18:00:00,46.971222733003465,11.683492590949236,random-0409-no-landslide,99.0,No Rutschung,9.010467529296877,2.49,179.53
2024-12-07 20:00:00,46.77691818566341,12.253093552594994,random-0410-no-landslide,99.0,No Rutschung,3.9800000190734863,0.51,0.47
2018-07-23 18:00:00,46.361867751384224,12.27192289055146,random-0411-no-landslide,99.0,No Rutschung,36.245361328125,68.74,39.16
2023-08-02 21:00:00,46.69278303516625,10.626460085556806,random-0412-no-landslide,99.0,No Rutschung,4.08380126953125,5.26,1.81
2022-08-26 11:00:00,46.26585805313382,11.661602182812228,random-0413-no-landslide,99.0,No Rutschung,60.276611328125,66.44,132.49
2016-05-24 11:00:00,46.826075713243625,12.312276481741502,random-0414-no-landslide,99.0,No Rutschung,36.33619689941406,56.53,10.86
2024-08-19 22:00:00,46.53475737563121,11.612011585304645,random-0415-no-landslide,99.0,No Rutschung,0.0900000035762786,3.02,0.0
2020-12-16 15:00:00,46.58869698518297,11.297457746744138,random-0419-no-landslide,99.0,No Rutschung,0.3941497802734375,139.29,3.52
2022-04-15 08:00:00,46.8867755414064,11.486029345441644,random-0420-no-landslide,99.0,No Rutschung,7.1151885986328125,10.8,9.17
2023-04-04 12:00:00,46.29501778570402,10.913346903093002,random-0421-no-landslide,99.0,No Rutschung,2.039459228515625,7.23,4.28
2019-04-01 23:00:00,46.33397865920743,10.930707706964617,random-0422-no-landslide,99.0,No Rutschung,0.0595703125,0.04,7.16
2020-05-26 20:00:00,46.81144629726165,10.55905136969427,random-0423-no-landslide,99.0,No Rutschung,5.333038330078125,29.92,32.1
2018-10-11 19:00:00,46.73763443434778,11.285389077483153,random-0424-no-landslide,99.0,No Rutschung,7.871826171875,6.49,2.27
2024-02-19 07:00:00,46.581463949276426,11.921859982654144,random-0425-no-landslide,99.0,No Rutschung,0.1006622314453125,33.63,0.3
2019-12-10 07:00:00,46.9410364212108,11.2659540428077,random-0426-no-landslide,99.0,No Rutschung,4.7861328125,9.96,12.42
2024-03-29 23:00:00,46.79843705531487,12.123868975770474,random-0427-no-landslide,99.0,No Rutschung,28.14324951171875,2.7,20.51
2020-05-13 00:00:00,46.60606506860725,12.116829406971762,random-0428-no-landslide,99.0,No Rutschung,40.01715087890625,36.16,10.35
2019-04-28 18:00:00,46.92076091834969,10.847441988422766,random-0429-no-landslide,99.0,No Rutschung,45.1259765625,8.23,56.38
2019-11-01 13:00:00,46.59053273717163,10.78785120409771,random-0430-no-landslide,99.0,No Rutschung,7.87841796875,19.19,10.95
2016-07-21 01:00:00,46.72784080874053,11.923598878224016,random-0431-no-landslide,99.0,No Rutschung,2.5965576171875,95.01,61.1
2023-12-07 01:00:00,46.95515255675416,11.05059861584194,random-0432-no-landslide,99.0,No Rutschung,59.63720703125,49.93,46.85
2015-09-23 21:00:00,46.612680658276695,11.990007190590706,random-0433-no-landslide,99.0,No Rutschung,37.749267578125,35.78,32.59
2023-08-27 08:00:00,46.42646209628406,11.636153820146667,random-0434-no-landslide,99.0,No Rutschung,48.60174560546875,55.85,20.38
2024-06-10 11:00:00,46.62069677292645,10.87548985466517,random-0435-no-landslide,99.0,No Rutschung,0.0,1.15,0.02
2022-03-05 19:00:00,46.48884643331522,11.71883022428564,random-0436-no-landslide,99.0,No Rutschung,0.0150146484375,1.43,27.19
2019-01-18 13:00:00,47.01286505399663,11.310669822034102,random-0437-no-landslide,99.0,No Rutschung,58.5924072265625,50.64,23.94
2018-01-31 06:00:00,46.28711153029152,10.522247316456824,random-0438-no-landslide,99.0,No Rutschung,0.1781005859375,19.6,3.0
2021-05-16 16:00:00,47.00518371205115,11.240169363056369,random-0439-no-landslide,99.0,No Rutschung,43.037353515625,12.37,27.43
2019-10-07 13:00:00,46.83197103733451,11.729048395176338,random-0440-no-landslide,99.0,No Rutschung,25.58343505859375,5.44,1.04
2018-07-20 16:00:00,46.8058873673116,12.198098453355492,random-0441-no-landslide,99.0,No Rutschung,28.0277099609375,25.22,37.02
2018-01-31 08:00:00,47.01470444753931,10.953130973053552,random-0442-no-landslide,99.0,No Rutschung,0.0,71.46,8.1
2023-10-27 19:00:00,46.61334443417285,10.534864091774242,random-0443-no-landslide,99.0,No Rutschung,27.66510009765625,24.81,0.0
2018-02-11 02:00:00,46.97855217751245,11.95123822235963,random-0444-no-landslide,99.0,No Rutschung,2.1490478515625,14.38,26.58
2020-03-22 04:00:00,46.93183166313554,11.4995268938952,random-0445-no-landslide,99.0,No Rutschung,3.815521240234375,13.18,26.07
2016-10-02 04:00:00,46.51421535823747,12.04232249624943,random-0446-no-landslide,99.0,No Rutschung,6.5733489990234375,28.79,31.01
2024-12-25 14:00:00,46.389310396656846,12.328336657811263,random-0447-no-landslide,99.0,No Rutschung,9.979999542236328,0.0,4.32
2021-06-26 11:00:00,46.38874625074728,11.997579406068825,random-0448-no-landslide,99.0,No Rutschung,38.269287109375,9.38,44.18
2018-08-04 13:00:00,46.9867595187076,11.75410880045096,random-0449-no-landslide,99.0,No Rutschung,115.87396240234376,65.5,114.72
2022-10-11 03:00:00,46.97455274707384,10.559582121352888,random-0450-no-landslide,99.0,No Rutschung,21.4256591796875,37.5,16.35
2023-11-24 07:00:00,46.46728676781643,11.646696121451695,random-0451-no-landslide,99.0,No Rutschung,0.0048828125,0.31,39.96
2022-09-29 01:00:00,46.79777082971961,12.129191451022471,random-0452-no-landslide,99.0,No Rutschung,17.8797607421875,6.11,30.3
2020-07-30 06:00:00,46.7167286647035,11.96548352958047,random-0453-no-landslide,99.0,No Rutschung,18.44207763671875,2.41,40.06
2024-11-11 00:00:00,46.66526352431537,12.173785289771129,random-0454-no-landslide,99.0,No Rutschung,0.0004730224609375,0.0,0.96
2021-04-01 13:00:00,46.61218839937682,11.966249888975405,random-0455-no-landslide,99.0,No Rutschung,0.221832275390625,1.79,6.74
2023-12-01 18:00:00,46.81170054036327,11.48486728875108,random-0456-no-landslide,99.0,No Rutschung,30.152099609375,1.37,11.21
2023-06-23 23:00:00,46.74700037142189,11.609922449922207,random-0457-no-landslide,99.0,No Rutschung,2.984283447265625,38.7,31.78
2021-08-24 01:00:00,46.57458494111153,12.130806448390798,random-0458-no-landslide,99.0,No Rutschung,59.71197509765625,50.35,74.08
2019-07-20 14:00:00,46.671448335730894,11.432121540583909,random-0459-no-landslide,99.0,No Rutschung,93.7642822265625,89.27,60.52
2019-02-24 14:00:00,47.02240152156681,10.92771775616366,random-0460-no-landslide,99.0,No Rutschung,3.160926818847656,16.13,7.97
2021-08-11 01:00:00,46.55039542081822,10.65296837408688,random-0461-no-landslide,99.0,No Rutschung,45.22113037109375,43.58,16.9
2022-05-26 01:00:00,46.4345345086258,10.557836250631803,random-0462-no-landslide,99.0,No Rutschung,17.6099853515625,60.11,36.35
2022-07-29 16:00:00,46.80818245427156,12.124148893086804,random-0463-no-landslide,99.0,No Rutschung,12.8568115234375,16.83,2.26
2018-02-11 16:00:00,46.81469361369049,11.676280030122694,random-0464-no-landslide,99.0,No Rutschung,0.806884765625,8.17,9.87
2017-08-10 09:00:00,46.26137506710579,12.34737875264462,random-0465-no-landslide,99.0,No Rutschung,48.25225830078125,17.22,51.86
2018-06-30 11:00:00,46.57853250278983,11.582615032555577,random-0466-no-landslide,99.0,No Rutschung,4.1063232421875,5.76,20.84
2019-03-15 07:00:00,46.924581129493625,11.41056697719628,random-0467-no-landslide,99.0,No Rutschung,17.46734619140625,13.38,0.14
2020-04-23 13:00:00,46.75075299990544,11.983310510558171,random-0468-no-landslide,99.0,No Rutschung,1.82958984375,0.42,0.0
2016-08-05 18:00:00,46.397112346963645,12.206596829108742,random-0469-no-landslide,99.0,No Rutschung,68.6064453125,75.34,71.27
2019-03-30 02:00:00,46.417112376219166,12.063797103784337,random-0470-no-landslide,99.0,No Rutschung,1.595703125,9.42,8.8
2023-02-22 22:00:00,46.952921335903646,11.839078682922525,random-0471-no-landslide,99.0,No Rutschung,0.00091552734375,0.0,24.86
2017-06-02 18:00:00,46.52619097716583,11.683340451492873,random-0472-no-landslide,99.0,No Rutschung,78.908935546875,34.96,77.27
2024-02-29 21:00:00,46.909429323232665,10.838936375263232,random-0473-no-landslide,99.0,No Rutschung,40.818359375,9.19,11.0
2020-10-27 19:00:00,46.69058997883067,11.60924880107908,random-0475-no-landslide,99.0,No Rutschung,39.06414794921875,5.28,20.55
2017-11-22 01:00:00,46.35959657803369,11.609309484152648,random-0476-no-landslide,99.0,No Rutschung,0.000244140625,16.43,75.21
2020-01-09 06:00:00,46.54704051664272,11.08422058255772,random-0477-no-landslide,99.0,No Rutschung,0.0,0.0,38.7
2016-07-02 15:00:00,46.69775096664611,10.517403876233208,random-0478-no-landslide,99.0,No Rutschung,8.5445556640625,9.49,16.01
2016-11-20 14:00:00,46.418095877715935,11.242253789038914,random-0479-no-landslide,99.0,No Rutschung,8.728759765625,6.18,15.18
2018-05-24 14:00:00,46.36455803064009,10.637953108560108,random-0480-no-landslide,99.0,No Rutschung,44.96630859375,70.48,39.93
2018-07-12 11:00:00,46.762198394299176,11.339711782866662,random-0481-no-landslide,99.0,No Rutschung,43.31097412109375,92.1,37.3
2016-01-18 07:00:00,46.42739669488616,11.306258174252186,random-0482-no-landslide,99.0,No Rutschung,13.9501953125,11.22,1.55
2020-09-10 14:00:00,46.36285592159384,10.8128784530869,random-0483-no-landslide,99.0,No Rutschung,18.20318603515625,89.16,59.67
2020-04-06 12:00:00,46.51336434073112,11.632847194302506,random-0484-no-landslide,99.0,No Rutschung,9.643440246582031,21.94,20.58
2023-04-13 00:00:00,46.901299838174126,11.388056322740573,random-0485-no-landslide,99.0,No Rutschung,8.432708740234375,15.47,14.17
2023-08-13 19:00:00,46.91725354596923,11.33520719450942,random-0486-no-landslide,99.0,No Rutschung,5.2338714599609375,25.93,15.93
2018-05-23 09:00:00,46.31852652323789,10.885431445161355,random-0487-no-landslide,99.0,No Rutschung,54.05059814453125,96.07,32.81
2024-02-02 01:00:00,46.32732178555006,12.345589983710978,random-0488-no-landslide,99.0,No Rutschung,0.0,7.98,5.08
2023-03-11 05:00:00,46.73880994323738,10.597188233502893,random-0489-no-landslide,99.0,No Rutschung,3.6524658203125,1.07,1.1
2016-09-08 06:00:00,46.4810713356507,12.246822711425366,random-0490-no-landslide,99.0,No Rutschung,38.9371337890625,26.26,67.26
2018-10-01 02:00:00,46.77717456867609,11.593825965216675,random-0491-no-landslide,99.0,No Rutschung,0.047149658203125,11.03,6.31
2016-05-17 05:00:00,46.9975583991282,12.34547244313497,random-0492-no-landslide,99.0,No Rutschung,54.76495361328125,13.32,43.89
2016-04-11 15:00:00,46.48662214239559,10.533016861699336,random-0493-no-landslide,99.0,No Rutschung,28.292236328125,4.49,6.69
2021-05-26 17:00:00,46.618509760672126,11.464659360551895,random-0494-no-landslide,99.0,No Rutschung,45.35498046875,59.13,33.06
2016-10-02 03:00:00,46.32952689323755,11.495792185483223,random-0495-no-landslide,99.0,No Rutschung,4.8829345703125,13.09,40.85
2022-04-18 05:00:00,46.790284782182,11.076332892445938,random-0496-no-landslide,99.0,No Rutschung,8.28012466430664,13.95,12.44
2022-03-07 23:00:00,46.37935411196802,10.804164432860825,random-0497-no-landslide,99.0,No Rutschung,0.46685791015625,0.15,13.05
2022-10-20 00:00:00,46.416132824225606,10.792536952516768,random-0498-no-landslide,99.0,No Rutschung,6.936210632324219,16.9,14.42
