Latitude,Longitude,Elevation,Slope,BIO01_Historical_Mean,BIO05_Historical_Max,BIO06_Historical_Min,BIO12_Historical_Prec,BIO13_Historical_Prec,BIO15_Historical_Prec,Target,Aspect
46.70025318766257,12.370473526391768,1751,18,3.4583333,16.5,-7.7,1121.0,151.0,37.174004,1,203
46.72475733759582,11.882005300940516,1377,20,5.866667,19.9,-6.1,818.0,123.0,48.89629,1,70
46.52610318791323,11.734756064414018,2295,27,0.8875,12.9,-9.2,981.0,130.0,35.274235,1,14
46.566466465786434,11.521634676710686,641,10,9.7625,25.3,-3.9,774.0,96.0,36.32468,1,323
46.75969287038833,11.870043963369994,1052,11,7.2208333,22.1,-5.8,792.0,117.0,45.489567,1,292
46.94767585473534,11.378002835421038,1516,18,4.6208334,18.5,-6.8,881.0,125.0,46.23678,1,26
46.9473952832723,11.3779352366532,1516,18,4.6208334,18.5,-6.8,881.0,125.0,46.23678,1,26
46.94709615408428,11.378690394948324,1516,18,4.6208334,18.5,-6.8,881.0,125.0,46.23678,1,26
46.946773040112575,11.379843171799802,1516,18,4.6208334,18.5,-6.8,881.0,125.0,46.23678,1,26
46.75993691280068,11.847925174873554,1396,25,5.7458334,19.9,-6.1,824.0,123.0,48.562717,1,59
46.56029869252121,11.626056480960663,1729,25,4.425,17.9,-6.5,766.0,109.0,46.537373,1,64
46.87445344187565,11.632217912804444,1711,18,3.8,17.1,-7.3,947.0,134.0,44.219204,1,257
46.48011221071735,11.262021555596016,337,4,11.354167,27.4,-3.0,815.0,99.0,32.560555,1,21
46.68544408885043,11.857774480107144,1454,4,5.3875,19.3,-6.3,844.0,125.0,48.053036,1,26
46.7067818047877,11.92565708488216,1215,3,6.3416667,20.9,-6.3,789.0,116.0,46.1671,1,228
46.27249442627869,11.257424672285998,874,32,8.958333,23.8,-3.6,637.0,77.0,38.908596,1,264
46.708081720083406,11.92627983272834,1215,3,6.3416667,20.9,-6.3,789.0,116.0,46.1671,1,228
46.55358509632782,11.758732545912777,1600,4,4.6666665,18.6,-6.8,843.0,121.0,47.142113,1,313
46.65523772300796,11.90360360247025,1299,13,6.0,20.4,-6.4,795.0,117.0,47.46998,1,105
46.42706997495975,11.347703441683286,322,19,11.266666,27.3,-2.8,821.0,102.0,32.05644,1,294
46.602179328322414,11.200975361133583,530,29,10.433333,26.4,-3.5,753.0,91.0,34.8075,1,245
46.57658896543343,11.382062629554724,725,5,9.141666,24.3,-3.9,746.0,94.0,38.19707,1,295
46.593661967163,11.426217980144369,1685,11,4.3541665,17.7,-6.6,664.0,93.0,47.724346,1,229
46.599732907509264,11.419727224932666,1581,9,4.9583335,18.6,-6.1,656.0,93.0,48.725273,1,237
46.57947246653492,11.413999309044732,1589,7,5.2166667,18.8,-5.8,632.0,89.0,48.384182,1,197
46.56895393793644,11.404111130242566,1463,7,5.9583335,19.8,-5.2,630.0,88.0,48.849102,1,198
46.563171896007695,11.388440045121506,1130,16,7.633333,22.2,-4.4,661.0,91.0,46.131203,1,229
46.55797584744096,11.38475725050779,849,10,8.816667,23.9,-4.0,710.0,92.0,40.18921,1,234
46.29067917124432,11.209115251713408,227,12,11.608334,27.2,-2.4,832.0,100.0,28.733898,1,96
46.59823943319239,11.547703792171662,738,9,9.25,24.6,-4.2,764.0,99.0,38.31997,1,337
46.81995606438851,11.76253150038226,1084,13,7.2541666,22.0,-5.5,827.0,119.0,44.56007,1,181
46.62033102857871,11.556723197137508,788,18,9.020833,24.3,-4.3,765.0,100.0,39.501812,1,317
46.31551177362087,11.301302511742763,607,12,9.825,25.1,-3.4,740.0,86.0,33.61295,1,298
46.56778460464475,11.540068770566688,895,14,8.6875,23.9,-4.4,727.0,97.0,41.30346,1,231
46.577920496571245,11.38305556409154,725,5,9.141666,24.3,-3.9,746.0,94.0,38.19707,1,295
46.84585337775442,11.977607920007484,1447,17,5.4083333,19.4,-6.5,881.0,129.0,45.71907,1,215
46.56351540398156,11.535036509633755,888,17,8.720834,24.0,-4.4,726.0,96.0,40.827404,1,303
46.577628994736166,11.43701524099499,1608,10,4.9416666,18.5,-6.1,655.0,92.0,47.904488,1,169
46.59309452609384,11.405581659695024,1353,10,6.2166667,20.3,-5.2,660.0,92.0,48.74349,1,315
46.59887056218217,11.411622135332376,1495,10,5.454167,19.3,-5.7,654.0,92.0,48.630444,1,288
46.83778337652303,11.774752995740135,1422,14,5.7458334,19.8,-6.0,869.0,126.0,46.41817,1,177
46.72101069462556,11.328381045912938,1357,12,5.8,20.0,-5.9,726.0,102.0,48.367306,1,88
46.72111417785404,11.32990261030352,1357,12,5.8,20.0,-5.9,726.0,102.0,48.367306,1,88
46.59728364257735,11.432862241925898,1685,11,4.3541665,17.7,-6.6,664.0,93.0,47.724346,1,229
46.59965871775758,11.43278984344614,1685,11,4.3541665,17.7,-6.6,664.0,93.0,47.724346,1,229
46.605993225706406,11.436878943488692,1929,9,3.0416667,15.8,-7.5,687.0,96.0,43.40651,1,204
46.60144960649895,11.45015609788701,2033,4,2.5249999,15.0,-7.8,710.0,97.0,40.760033,1,174
46.83717751481528,11.746833948494643,1268,9,6.458333,20.8,-5.7,840.0,123.0,47.166374,1,244
46.80178212056506,11.79549913232638,974,16,7.5333333,22.5,-5.6,812.0,116.0,43.14012,1,7
46.651279591892994,11.056340299887038,555,13,9.820833,25.4,-3.7,737.0,92.0,34.93751,1,336
46.70221017921288,11.620871683956446,1131,15,7.325,21.9,-5.1,769.0,108.0,45.66184,1,130
46.62652354124516,10.943841935189424,669,17,9.408334,25.0,-4.0,685.0,87.0,36.70937,1,342
46.52151048099524,11.264253569060376,313,14,11.212501,27.1,-3.0,817.0,99.0,32.446796,1,213
46.64861464532045,11.854056145315123,1712,18,4.2083335,17.6,-6.9,963.0,137.0,43.76395,1,138
46.64787034984689,11.852191378140448,1712,18,4.2083335,17.6,-6.9,963.0,137.0,43.76395,1,138
46.58106323102008,11.912079676236733,1521,10,4.7291665,18.8,-7.2,877.0,128.0,47.7739,1,356
46.672142602768986,11.169187763553072,365,3,10.975,26.9,-3.0,796.0,96.0,33.547344,1,231
46.65029430118548,11.135805778161394,447,22,10.3625,26.0,-3.2,768.0,94.0,34.60062,1,85
46.76298064219909,12.066583086650136,1159,7,6.5,21.2,-6.5,765.0,115.0,46.149754,1,175
46.56474211054189,11.336796933951172,847,11,8.845833,23.9,-3.9,708.0,91.0,40.03786,1,77
46.721186155253,11.328648971632836,1357,12,5.8,20.0,-5.9,726.0,102.0,48.367306,1,88
46.60242389448595,11.915646191873424,1592,16,4.4125,18.3,-7.3,908.0,131.0,46.68344,1,256
46.63163640711229,10.715930680815411,1071,9,7.775,22.7,-5.3,568.0,78.0,42.054058,1,168
46.46832642739838,11.2306621940898,958,29,8.541667,23.5,-4.3,644.0,84.0,42.453453,1,85
46.72296137453804,11.955631857260682,1701,13,4.1041665,17.5,-7.0,959.0,136.0,43.538994,1,202
46.72296708943532,11.951003130370454,1701,13,4.1041665,17.5,-7.0,959.0,136.0,43.538994,1,202
46.50540291235454,11.502401596184503,846,8,8.970834,24.3,-4.2,726.0,92.0,39.14431,1,358
46.75554984880892,12.239903279222483,1483,8,4.954167,19.0,-7.3,914.0,132.0,43.757404,1,152
46.758055890427954,12.24458847920171,1527,10,4.741667,18.7,-7.3,942.0,135.0,43.210632,1,272
46.76013471607765,12.23768784317942,1592,11,4.4375,18.1,-7.3,985.0,139.0,41.77464,1,163
46.74363326221582,12.228961150062972,1376,12,5.4416666,19.8,-7.2,840.0,124.0,44.660427,1,156
46.63204000438768,10.714924020369716,1071,9,7.775,22.7,-5.3,568.0,78.0,42.054058,1,168
46.759081908167865,12.26130706815689,1652,8,4.0583334,17.6,-7.6,1028.0,144.0,40.94664,1,241
46.7613255142583,12.240269943451406,1592,11,4.4375,18.1,-7.3,985.0,139.0,41.77464,1,163
46.741654780876345,12.22789888865138,1304,9,5.775,20.4,-7.2,791.0,118.0,45.677338,1,230
46.743625325976645,12.220102462111294,1510,16,4.9083333,18.9,-7.2,913.0,132.0,42.910614,1,168
46.76034609015564,11.783954816123524,1852,17,3.6875,16.6,-7.0,965.0,133.0,41.283073,1,226
46.686077656924304,11.892476423846905,1121,4,6.854167,21.6,-6.1,785.0,115.0,46.49346,1,197
46.68471838140809,11.89388406720843,1121,4,6.854167,21.6,-6.1,785.0,115.0,46.49346,1,197
46.95368408625623,11.362479254241515,1358,12,5.1,19.3,-6.7,886.0,125.0,46.118145,1,48
46.788499996499816,11.950766690415678,905,2,7.7166667,23.0,-5.9,818.0,117.0,42.28574,1,333
46.9189940225061,11.798804122252683,1525,9,4.0125,18.0,-7.9,974.0,140.0,44.83664,1,110
46.92023130520921,11.790426888456318,1695,13,3.225,16.8,-8.2,1020.0,144.0,42.59111,1,48
46.92170271868026,11.790269396827457,1695,13,3.225,16.8,-8.2,1020.0,144.0,42.59111,1,48
46.835484134011736,11.478829872683807,1391,13,5.2833333,19.5,-6.3,817.0,115.0,48.25622,1,115
47.02531923200996,12.041348479971282,1682,22,3.2958333,16.9,-8.4,1105.0,154.0,39.372616,1,163
46.89561728436122,11.86658447423014,1455,18,4.975,19.0,-6.9,925.0,136.0,45.888885,1,176
46.60366455436444,11.613648663238902,1234,17,7.0,21.4,-5.0,718.0,100.0,46.319126,1,196
46.58786135945356,11.208976376164053,594,31,10.104167,25.9,-3.7,737.0,91.0,35.89291,1,232
46.70418478455445,11.872162419463695,1381,16,5.7958336,19.9,-6.2,830.0,124.0,48.16494,1,108
46.72314481161225,11.954156204614048,1701,13,4.1041665,17.5,-7.0,959.0,136.0,43.538994,1,202
46.54268073532477,11.326379904082538,1219,2,7.4875,22.0,-4.3,626.0,86.0,46.390747,1,161
46.866192728605895,11.513296249032315,1063,17,7.2291665,21.8,-5.3,833.0,119.0,44.508083,1,217
46.61713294732987,11.866765119131644,1662,7,4.366667,18.0,-7.0,924.0,135.0,46.415344,1,115
46.60975414430544,10.781621323699676,890,18,8.620833,23.9,-4.5,604.0,81.0,40.338688,1,13
46.72649965208715,11.21345889358257,830,25,8.654166,23.8,-4.2,735.0,100.0,40.65775,1,275
46.54774589060285,11.69544092799202,1581,2,4.866667,18.8,-6.5,792.0,113.0,47.850155,1,38
46.74039941434829,11.43577304101998,1603,4,4.3458333,18.2,-6.9,748.0,106.0,46.93743,1,181
46.56569779003112,11.52480224307359,641,10,9.7625,25.3,-3.9,774.0,96.0,36.32468,1,323
46.25263267528175,11.253602783375406,688,19,9.695833,24.7,-3.2,707.0,83.0,34.458176,1,289
46.91499097215181,11.69023325235342,1516,4,4.4583335,18.4,-7.2,944.0,135.0,45.06555,1,168
46.88300081672436,11.719059773228317,1102,14,6.5916667,21.2,-6.2,882.0,130.0,45.72901,1,190
46.8920815335991,11.407146326332382,1396,18,5.7125,19.8,-5.9,833.0,118.0,47.058945,1,162
46.439694016427765,11.479957914985633,1116,21,7.7166667,22.4,-4.5,656.0,88.0,44.423054,1,239
46.87713260842906,11.492272443680095,1304,25,6.1666665,20.3,-5.6,850.0,120.0,46.69032,1,207
46.89012953717707,11.455083352876368,1038,17,7.225,21.9,-5.4,841.0,119.0,44.12329,1,267
46.48512789628533,11.438533921734685,600,20,9.970834,25.5,-3.6,768.0,91.0,34.238037,1,351
46.53931421594158,11.388833833101238,984,19,8.433333,23.4,-4.1,674.0,90.0,43.06085,1,272
46.87557337934325,11.49720301415909,1304,25,6.1666665,20.3,-5.6,850.0,120.0,46.69032,1,207
46.48833504854909,11.24696177673015,509,15,10.591666,26.4,-3.4,766.0,90.0,34.261936,1,66
46.48020445847947,11.26211888112004,337,4,11.354167,27.4,-3.0,815.0,99.0,32.560555,1,21
46.65019664168008,11.361238427619169,1065,10,7.366667,22.1,-5.1,715.0,99.0,45.146263,1,275
46.87631852966007,11.424746909111176,1169,18,6.5041666,20.9,-5.6,830.0,118.0,45.653587,1,356
46.86259739826822,11.484053217456225,1022,14,7.2625,21.9,-5.4,827.0,118.0,44.693424,1,17
46.74019373594007,11.437264466866798,1603,4,4.3458333,18.2,-6.9,748.0,106.0,46.93743,1,181
46.56460914288428,11.52396537711623,641,10,9.7625,25.3,-3.9,774.0,96.0,36.32468,1,323
46.26870126445248,11.241097905787203,213,8,11.520833,27.1,-2.3,840.0,101.0,28.30951,1,269
46.92747877937543,11.98977417877497,1513,24,4.445833,18.3,-7.4,964.0,139.0,43.46441,1,192
46.9021462855348,11.878095559361151,1682,21,4.0791664,17.4,-7.0,1020.0,145.0,42.269554,1,182
46.89989438416883,11.852021483227515,1430,17,5.0875,19.2,-6.8,918.0,135.0,45.82999,1,187
46.89643407515389,11.865901557067136,1455,18,4.975,19.0,-6.9,925.0,136.0,45.888885,1,176
46.89646703882785,11.867395073291538,1394,15,5.233333,19.4,-6.8,916.0,135.0,45.97783,1,165
46.89637252373677,11.844160396863264,1382,14,5.275,19.5,-6.8,910.0,134.0,45.994984,1,190
46.67603277951456,11.895321555901058,1190,5,6.5458336,21.2,-6.2,785.0,116.0,47.275887,1,39
46.24790657535332,11.230960311297313,255,14,11.458333,27.0,-2.3,838.0,100.0,28.079786,1,315
46.560657823103696,11.339124968962542,847,11,8.845833,23.9,-3.9,708.0,91.0,40.03786,1,77
46.74787409260564,11.197447381450196,826,28,8.408334,23.6,-4.5,749.0,102.0,40.81887,1,111
46.56973848954456,11.06542309194517,974,14,7.9666667,22.7,-4.3,628.0,83.0,42.960407,1,142
46.64849782638517,11.22636687849305,1322,11,6.6833334,21.1,-5.1,620.0,87.0,47.5362,1,239
46.66144823083201,11.550094220510193,883,6,8.333333,23.4,-4.9,785.0,107.0,41.713135,1,187
46.468636679615486,11.576134001648716,1407,11,5.7999997,19.8,-5.8,704.0,99.0,47.866608,1,251
46.44344118495835,11.54741290211031,1506,4,5.7208333,19.4,-5.3,672.0,95.0,49.145584,1,179
46.63950116804336,11.82720584631784,1905,15,3.075,16.0,-7.7,1021.0,143.0,41.25423,1,107
46.42571258112106,11.518282439974453,1151,4,7.325,21.7,-4.6,672.0,90.0,45.250668,1,196
46.52595188593724,11.254519342555655,313,15,11.125,27.0,-3.1,816.0,99.0,32.88058,1,252
46.53001328128115,11.260522868319416,592,21,10.129167,25.8,-3.6,745.0,90.0,35.416973,1,238
46.54784487281458,11.526224242529624,807,12,9.066667,24.5,-4.2,737.0,95.0,39.282543,1,250
46.57324028392899,11.530836104275089,664,17,9.6,25.1,-4.0,773.0,97.0,36.580376,1,263
46.58330328739591,11.167226915109625,382,19,10.679167,26.4,-3.1,781.0,91.0,33.244106,1,55
46.39199813061816,11.482740839096952,1209,7,7.0875,21.5,-4.9,643.0,87.0,46.31139,1,357
46.38303068367002,11.272011655078606,254,10,11.729167,27.7,-2.6,831.0,103.0,30.379948,1,250
46.413875918142,11.494176214619394,1090,7,7.616667,22.2,-4.6,660.0,89.0,44.736916,1,299
46.66155396550288,11.187660233289549,430,13,10.754167,26.7,-3.1,785.0,96.0,34.366764,1,260
46.38311065436588,11.282819980970345,433,0,11.079166,26.9,-3.0,786.0,95.0,32.191437,1,21
46.72428011180981,11.880097661211282,1377,20,5.866667,19.9,-6.1,818.0,123.0,48.89629,1,70
46.480319154985,11.262216920293232,337,4,11.354167,27.4,-3.0,815.0,99.0,32.560555,1,21
46.68658413249887,10.607653928695283,1707,24,4.6041665,18.4,-7.6,505.0,67.0,39.77931,1,150
46.57910727148798,11.611715682593298,1420,11,6.0,20.1,-5.5,712.0,101.0,47.76835,1,335
46.53716167219623,11.777808740454702,1964,12,2.7375,15.7,-8.1,975.0,138.0,43.091763,1,287
46.350618864502486,11.33670232844682,944,12,8.533333,23.5,-4.0,634.0,80.0,40.696365,1,204
46.57215506266891,10.553655035937254,1474,13,5.0625,19.5,-7.6,474.0,67.0,46.2832,1,299
46.60912322891836,11.379946604604308,987,13,7.8416667,22.6,-4.6,706.0,96.0,43.598915,1,231
46.806483191776536,11.98692750772681,1292,14,6.1583333,20.5,-6.2,805.0,121.0,46.735332,1,174
46.601681612032486,11.585994101332837,1131,16,7.579167,22.3,-4.8,716.0,99.0,45.083565,1,188
46.56545600844298,11.552435850506996,1041,3,8.020833,23.1,-4.7,710.0,97.0,43.93276,1,351
46.42576986456934,11.349238433020709,322,19,11.266666,27.3,-2.8,821.0,102.0,32.05644,1,294
46.31443709945472,11.278788704654216,328,12,11.0125,26.6,-2.8,826.0,100.0,29.497879,1,326
46.22945353763133,11.212943563568222,575,18,10.445833,25.9,-2.9,741.0,87.0,32.18338,1,355
46.69561174491313,10.50051741685961,1543,14,4.991667,19.2,-7.6,544.0,74.0,40.953804,1,141
46.80109409501621,11.662994011523448,1165,16,7.1,21.5,-5.2,816.0,116.0,45.996464,1,163
46.58257215415532,11.170930925684006,382,19,10.679167,26.4,-3.1,781.0,91.0,33.244106,1,55
46.52411707917843,10.93426944572017,1362,17,5.9041667,20.2,-6.1,493.0,69.0,48.375378,1,133
46.59762968705877,11.570508785365918,794,4,8.995833,24.4,-4.4,757.0,99.0,39.113476,1,351
46.59691874403544,11.094513914729603,724,10,9.020833,24.1,-3.8,698.0,88.0,38.49957,1,135
46.43282911967888,11.472422927143343,1079,15,7.8416667,22.6,-4.5,655.0,88.0,44.27833,1,34
46.84324955842111,11.968106683310827,1315,21,6.054167,20.4,-6.3,840.0,124.0,46.301994,1,243
46.68640672813834,10.607550741604877,1707,24,4.6041665,18.4,-7.6,505.0,67.0,39.77931,1,150
46.754869616944674,11.874286525138874,1015,1,7.325,22.2,-5.8,794.0,116.0,45.014797,1,107
46.439498128533565,11.47761402508884,1116,21,7.7166667,22.4,-4.5,656.0,88.0,44.423054,1,239
46.52901221123396,11.27997003803938,910,16,8.866667,24.0,-4.0,664.0,87.0,41.273853,1,203
46.455476878802,11.25440447063902,473,6,10.858334,26.8,-3.3,782.0,91.0,33.633316,1,78
46.23927659586938,11.225513058209712,474,24,10.6875,26.1,-2.8,780.0,92.0,30.5021,1,333
46.3156339924021,11.299530249305365,541,18,10.095833,25.4,-3.2,761.0,89.0,32.296146,1,341
46.322935119263136,11.303619659671783,705,22,9.508333,24.7,-3.5,705.0,83.0,35.597282,1,276
46.33341453789939,11.307651372181276,466,14,10.5125,26.1,-3.1,779.0,93.0,32.0219,1,311
46.57356282312112,11.355977499842693,1116,19,7.679167,22.2,-4.3,659.0,90.0,45.322712,1,160
46.542999464422834,11.328247680633824,1219,2,7.4875,22.0,-4.3,626.0,86.0,46.390747,1,161
46.94452006902365,11.378661593727273,1516,18,4.6208334,18.5,-6.8,881.0,125.0,46.23678,1,26
46.623146051905536,11.51199615031822,1043,17,7.670833,22.4,-4.9,736.0,101.0,44.445023,1,104
46.48020777168455,11.50337838596804,929,14,8.541667,23.6,-4.3,704.0,92.0,41.32774,1,228
46.68193824552701,10.916725614609456,1747,33,4.0458336,17.3,-7.1,497.0,69.0,43.996536,1,51
46.71520152862446,11.9028489381328,1238,14,6.358333,20.8,-6.2,787.0,117.0,47.144505,1,34
46.278591685425845,11.28441497185749,1336,11,6.7625,20.6,-4.5,515.0,69.0,47.69899,1,250
46.61926955856876,11.553090970041982,788,18,9.020833,24.3,-4.3,765.0,100.0,39.501812,1,317
46.43799841700511,11.47776059362148,1116,21,7.7166667,22.4,-4.5,656.0,88.0,44.423054,1,239
46.60710453296572,11.139770722003448,678,12,9.5875,24.9,-3.4,708.0,89.0,37.138832,1,30
46.451371049023166,11.466460364625348,1273,14,7.1708336,21.6,-4.6,630.0,87.0,46.993305,1,211
46.5587549670059,10.56120267449884,1607,10,4.208333,18.4,-8.3,449.0,62.0,45.689293,1,238
46.98609443925796,11.200891000363136,2508,12,-1.6791667,9.7,-11.7,1084.0,124.0,19.853111,0,338
46.35362342124306,11.61998250690712,1370,17,5.954167,20.0,-5.7,721.0,101.0,48.395893,0,151
46.59495397592836,10.687466121493449,1736,22,4.0375,17.5,-7.4,412.0,57.0,44.493546,0,38
46.24583603047749,11.824582059701507,1545,19,4.8416667,18.2,-6.4,894.0,121.0,45.657394,0,242
46.37416179141298,10.897582234165078,1088,23,7.1291666,22.0,-5.7,540.0,71.0,44.047653,0,225
46.71624730492222,11.6551807383111,563,3,9.833333,25.5,-4.3,828.0,105.0,35.97051,0,94
46.46123281951834,11.308235643451416,242,8,11.883333,28.3,-2.7,837.0,104.0,31.646118,0,102
46.46196144119681,10.761364813828123,2507,19,-1.8833333,10.0,-12.2,495.0,58.0,22.547407,0,201
46.53384191588461,11.656872113061226,1844,4,3.5291667,17.1,-7.5,834.0,117.0,43.855007,0,102
46.77088696922051,12.10856823426976,1254,10,6.1375,20.7,-6.7,781.0,118.0,46.41957,0,157
46.979319592164224,10.52532231202321,1467,17,4.825,18.9,-7.6,801.0,109.0,37.048344,0,186
46.47188518655179,12.01218497689958,2076,13,2.2083333,14.6,-8.5,1163.0,155.0,38.186504,0,168
46.77323953248494,10.951224459607786,2962,19,-4.6125,6.1,-14.3,1134.0,118.0,14.249374,0,190
46.54068525962174,10.824701709863394,2662,14,-2.0791667,9.2,-11.8,637.0,70.0,17.899958,0,348
46.47753368964874,11.73940501018854,1531,12,4.75,18.7,-6.8,817.0,116.0,48.40599,0,144
46.681266753230766,10.889359199766256,2577,14,-1.3166667,10.0,-11.1,741.0,86.0,20.533834,0,332
46.84635516033129,12.31359811525641,2311,19,0.13750008,12.1,-10.3,1338.0,165.0,27.830496,0,45
46.96694953930842,11.239431014854278,2948,15,-4.5125,6.1,-14.0,1380.0,142.0,13.709582,0,273
46.68345032742559,11.11113432249941,516,17,10.179167,25.7,-3.3,773.0,98.0,35.81746,0,167
46.488372787226666,10.585090462075447,2547,12,-2.4833333,9.1,-12.8,596.0,70.0,21.837925,0,19
46.658975991325846,11.89797322258725,1426,10,5.5416665,19.6,-6.4,828.0,122.0,47.940903,0,349
46.44911181827963,11.635644817016583,2015,10,2.3208334,14.8,-8.2,874.0,121.0,42.735744,0,77
46.28878583742991,12.000590562068878,950,17,8.0875,22.8,-4.9,832.0,102.0,38.282364,0,49
46.38760453149945,11.944581241260146,1605,19,4.9249997,18.3,-6.2,955.0,131.0,44.65061,0,180
46.38770538563338,10.526846067366812,3024,25,-4.4416666,6.7,-14.1,784.0,81.0,12.11727,0,293
46.2883831357987,11.94275911374598,1226,34,6.304167,20.3,-5.8,833.0,109.0,40.491867,0,2
46.91636794498638,10.717187472624373,2512,23,-1.9875001,10.2,-12.6,998.0,112.0,17.511856,0,89
46.761761345611525,11.193931273083797,1148,18,6.8708334,21.5,-5.2,724.0,102.0,45.738556,0,98
46.73686365727773,11.864848947595284,1335,20,5.9333334,20.1,-6.1,813.0,121.0,48.544373,0,62
46.5342119007035,11.550017989958278,1018,14,7.8958335,23.0,-4.9,709.0,95.0,42.548218,0,333
46.41726583965022,11.850119944391585,2355,24,-0.05000001,11.6,-10.0,1118.0,143.0,34.258232,0,89
46.64547866386194,11.423893509141278,2249,10,1.0,13.3,-9.3,744.0,96.0,32.7825,0,148
46.57910638775461,10.70787838472773,2115,33,1.3166666,13.9,-9.4,429.0,56.0,33.969048,0,291
46.60778439039109,12.1755560252858,2148,15,1.2624999,13.3,-9.1,1221.0,159.0,34.797596,0,358
46.95175455959729,11.451522287932038,1307,7,5.6,20.1,-6.3,892.0,124.0,45.508587,0,187
46.391063000256246,11.50999656371568,1490,8,5.7166667,19.4,-5.4,642.0,91.0,49.07575,0,331
46.460056778901766,10.644466469555196,2805,14,-3.7708335,7.6,-13.6,693.0,76.0,15.61924,0,25
46.72635550568744,12.146953631672767,1264,11,5.9625,20.5,-6.9,758.0,116.0,47.94161,0,307
46.92301912536469,11.684954641146897,1767,22,3.2916667,16.6,-7.7,1004.0,140.0,41.178234,0,166
46.56093951650879,10.908991447002103,2293,16,0.26666668,12.4,-9.8,442.0,54.0,28.285046,0,179
46.872067457390166,11.509063737258552,1316,26,6.225,20.4,-5.5,844.0,120.0,46.611153,0,211
46.95116718494444,11.16677873598475,3202,11,-6.15,4.0,-15.3,1490.0,146.0,13.36367,0,101
46.56937397440089,10.92674616663212,2578,7,-1.1791667,10.1,-10.8,611.0,68.0,19.339548,0,166
46.472018485288864,11.159805703792456,1438,7,6.0875,20.0,-5.2,492.0,68.0,49.580803,0,203
46.56165663549361,11.455592455741598,1405,9,6.1625,20.2,-5.3,663.0,92.0,47.973804,0,128
46.49814987045324,10.724660392826546,2024,22,1.2375,14.4,-10.0,342.0,46.0,39.03995,0,321
46.40356047514705,10.815214279350416,1468,15,4.891667,19.2,-7.5,409.0,57.0,48.210922,0,8
46.51885386362555,11.815132014162584,2763,10,-2.1458335,8.8,-11.6,1134.0,129.0,21.889576,0,179
46.42983842933063,12.30025161613931,1160,9,6.25,20.6,-6.7,909.0,119.0,40.136467,0,188
47.02352096157448,10.77743347626783,2085,9,0.7708334,13.3,-10.2,898.0,109.0,25.973995,0,207
46.62951852750294,11.64037596733822,1263,20,6.825,21.2,-5.1,732.0,103.0,47.22455,0,356
46.50408390605219,10.562320836771509,3063,21,-5.108333,5.3,-14.3,913.0,95.0,12.534609,0,63
46.34477039562012,10.94848763792339,1339,21,6.0875,20.3,-5.9,431.0,59.0,48.559116,0,340
46.76438316178408,10.953150150667003,2527,25,-1.9625,9.6,-12.2,820.0,93.0,19.664043,0,182
46.42218032505918,11.19175502538742,1420,9,6.2875,20.2,-5.0,497.0,68.0,49.508415,0,201
46.73268405655634,11.188255732870854,831,25,8.525,23.7,-4.4,747.0,101.0,40.56205,0,123
46.87922365732392,11.246301619639558,2226,18,0.7708333,13.0,-9.6,885.0,113.0,31.072441,0,205
46.48475138678288,12.062496421794163,2071,12,1.8791666,14.3,-8.7,1196.0,159.0,39.386642,0,72
46.912591863850416,11.80165682600894,1425,10,4.7041664,19.0,-7.4,940.0,137.0,46.19313,0,62
46.79543305407216,10.91235850932457,2803,14,-4.0375,7.1,-14.0,1032.0,108.0,13.6001835,0,342
46.74292442846475,10.924054575474216,2524,24,-1.35,10.2,-11.6,791.0,89.0,19.4058,0,130
46.54586747025967,12.259254641449076,1463,12,4.6916666,18.4,-7.3,944.0,133.0,43.896633,0,205
46.33890173933568,12.252161382279857,1578,23,5.1583333,18.4,-5.9,1039.0,134.0,39.098385,0,286
46.783204471753926,11.513001363512275,2220,16,0.7166667,13.2,-9.7,915.0,119.0,33.6077,0,31
47.01112762819192,10.82767545167541,2600,10,-2.35,9.1,-12.5,1185.0,127.0,15.490263,0,141
46.42193547906588,11.490940751773666,983,3,8.129167,23.0,-4.4,682.0,89.0,42.366055,0,237
46.93191352378753,11.54450167134401,1778,14,3.3,16.6,-7.7,926.0,127.0,41.270576,0,329
46.5073774582141,11.13448824594454,1463,7,5.6375,19.4,-5.5,499.0,69.0,49.26379,0,216
46.55138767910523,12.101806258197849,1668,21,3.9875,17.3,-7.2,1018.0,142.0,43.279156,0,101
46.29641764929711,11.70108841609881,1583,9,4.545833,18.3,-6.8,781.0,108.0,47.50121,0,4
46.76187833950062,11.969069965474093,1461,21,5.266667,19.2,-6.5,850.0,126.0,46.735577,0,334
46.97767349262156,11.196669850665277,2812,22,-3.7375,7.0,-13.4,1274.0,134.0,14.69937,0,1
46.47248215838246,11.03143717819426,1261,1,6.554167,20.9,-5.4,532.0,72.0,47.211067,0,14
47.0209081166421,11.339050882698466,1706,16,3.4541667,16.8,-7.6,931.0,131.0,42.02503,0,356
46.41827194739267,11.83226130290029,2473,22,-0.9083333,10.5,-10.7,1063.0,133.0,31.304552,0,292
46.74647407592275,11.896423580573304,1743,15,4.3125,17.5,-6.6,943.0,135.0,44.177563,0,315
46.661242694950246,11.0765775766913,870,26,8.675,23.7,-4.1,674.0,90.0,41.036472,0,316
46.4405190041372,11.188129829362122,1427,7,6.2041664,20.1,-5.1,502.0,69.0,49.463253,0,255
46.95058647849459,11.41070387955298,1563,27,4.35,18.3,-7.0,901.0,124.0,44.386204,0,191
46.62948515675595,11.986779669842534,2635,13,-1.6,9.6,-11.3,1220.0,141.0,23.005966,0,49
46.38484073368778,11.421503887468884,1428,3,6.0875,20.1,-5.3,579.0,81.0,49.00802,0,13
46.84111931189471,11.570140163848873,1865,11,3.6083333,16.2,-6.8,889.0,122.0,40.9579,0,18
46.97793226190171,10.831706613880211,2792,8,-3.5625,7.7,-13.5,1273.0,130.0,13.81951,0,74
46.52405014864042,12.211273672745753,2183,17,1.1666667,13.1,-9.1,1252.0,159.0,34.0435,0,65
46.49268635852387,12.28271994002515,2099,11,1.5791667,13.7,-8.7,1312.0,163.0,33.261578,0,170
46.99636561981459,12.308119501539023,2191,15,0.38749993,12.7,-10.2,1329.0,169.0,29.519415,0,350
46.38139307800234,11.072157425741446,645,6,9.920834,25.5,-3.5,686.0,81.0,35.26229,0,293
46.3643470001648,11.093147656646774,870,6,9.054167,24.5,-4.1,612.0,76.0,39.734188,0,320
46.90133381507904,11.238573136600191,1945,7,2.1416667,15.1,-8.7,837.0,113.0,39.08244,0,4
46.30679297532348,11.56650678467527,1851,23,4.045833,16.9,-6.3,736.0,102.0,46.235676,0,139
46.34094159968889,12.351874662627912,1611,23,4.9416666,18.1,-6.2,1066.0,133.0,36.757175,0,249
46.48616062558444,11.05269785676095,1810,9,3.6375,16.6,-7.0,386.0,54.0,48.083916,0,256
46.51556021231981,11.814131821560409,2561,15,-1.0291666,10.3,-10.8,1100.0,132.0,27.537054,0,275
46.5635427204338,11.05497837151207,978,8,7.991667,22.8,-4.3,621.0,82.0,42.71335,0,356
46.95627036412641,12.121904596394687,2640,15,-2.0875,9.5,-12.1,1410.0,159.0,19.79569,0,193
46.78812489383083,11.715921440193029,1312,18,6.6416664,21.1,-5.4,804.0,116.0,47.72671,0,228
46.93508171052895,10.595452341648704,1745,16,3.3833334,17.0,-8.4,743.0,98.0,34.98303,0,226
46.30425053944183,11.2028410537848,540,16,10.375,25.7,-3.1,750.0,88.0,32.263382,0,106
46.60000702763364,10.567727891336306,1171,10,7.108333,21.9,-5.8,555.0,77.0,42.855064,0,342
46.89713193179326,12.336516784544369,2078,25,1.2416667,13.9,-9.5,1272.0,164.0,32.48985,0,75
46.26036077051401,10.968476477374985,1722,14,3.8916667,17.1,-7.0,278.0,40.0,52.72142,0,321
46.33057664076113,11.174058107362908,1572,7,5.758333,19.2,-5.0,418.0,57.0,50.413113,0,337
46.44556522888381,12.048596118384513,1342,4,5.554167,19.8,-6.8,863.0,121.0,44.644577,0,288
46.55683599891462,10.863999548999391,2821,17,-3.1125,7.8,-12.5,751.0,81.0,15.136647,0,4
46.33510106528031,10.759231627298943,1827,15,3.6666667,16.8,-7.4,292.0,39.0,45.704426,0,142
46.2621377653802,11.83677889776268,2476,18,-0.27499992,10.8,-9.9,1037.0,127.0,32.22106,0,210
46.5788158321836,11.006961839765474,2048,7,2.1625,14.5,-8.0,429.0,58.0,39.62177,0,132
46.99559238662147,10.547922194390528,1966,27,1.7333332,14.7,-9.7,903.0,113.0,27.527496,0,133
46.55492515670578,11.801958635621316,2267,7,1.1,13.3,-9.2,1042.0,136.0,34.347687,0,163
46.58150650210621,12.211926918362447,2655,18,-1.5166668,9.2,-11.0,1344.0,154.0,22.93757,0,101
46.374990311397376,10.676056349169006,1745,25,3.3041668,17.0,-8.7,337.0,46.0,47.041252,0,123
46.98939805726439,11.023981517718822,1634,29,3.9125,17.6,-7.7,798.0,109.0,40.164272,0,261
46.71630109409895,11.537135164197217,2132,3,1.825,14.1,-8.4,872.0,117.0,37.59396,0,353
46.67994313520534,10.589744481359826,1386,21,6.625,21.0,-6.1,519.0,73.0,44.191418,0,200
46.24090882145418,11.91765638120764,2274,20,1.6416667,13.1,-8.1,1179.0,150.0,36.417095,0,157
46.47729670734878,10.676586852327551,2277,9,-0.55,12.2,-11.4,401.0,50.0,29.746359,0,12
46.30731638983179,11.387201665541712,1443,9,6.258333,20.1,-4.9,544.0,74.0,48.482243,0,82
46.36729896409494,11.385888847321738,1543,6,5.633333,19.3,-5.3,544.0,75.0,48.237057,0,220
46.26770198670849,11.715565684530656,2339,16,0.77500004,12.4,-9.0,903.0,116.0,36.989124,0,338
46.43708982233114,12.158570824289937,1702,20,3.9583333,17.0,-7.0,1060.0,146.0,43.19459,0,58
46.62988242543324,11.670847989960729,1414,18,5.9874997,20.0,-5.5,758.0,108.0,48.18508,0,334
46.98095099064548,12.26555328954411,2718,7,-2.8791668,8.5,-12.8,1469.0,167.0,19.075897,0,152
46.68745369380349,12.258706701179106,2308,16,0.32500002,11.8,-9.7,1293.0,159.0,28.983425,0,303
46.33172256048574,11.572688619438422,1865,23,3.8583333,16.6,-6.7,763.0,107.0,47.4472,0,77
46.97873308140131,11.520796865504265,2228,12,0.93333334,13.0,-9.2,1075.0,133.0,28.604092,0,318
46.40023765639413,11.012812700668082,708,9,9.325,24.5,-3.7,677.0,82.0,36.942028,0,183
46.30461745017252,10.534591431063555,2314,23,0.25,12.7,-10.7,387.0,46.0,29.471033,0,130
46.75132068815841,11.129859027179585,2018,22,1.7,14.5,-9.0,652.0,88.0,38.625175,0,129
46.247974872925255,12.080397166399823,821,9,8.466666,23.3,-4.7,872.0,103.0,33.747726,0,35
46.62423273063036,10.98800474265594,1144,20,7.2916665,22.0,-5.0,577.0,80.0,44.48759,0,346
46.730007573108274,11.803385335970422,1711,17,4.225,17.5,-6.6,906.0,129.0,44.929375,0,249
46.56208244637544,10.57379412783686,1986,29,1.9625,15.1,-9.5,444.0,57.0,36.3778,0,256
47.0177626002553,12.009262966935216,1658,23,3.6541667,17.2,-8.0,1081.0,151.0,39.578156,0,143
46.42843305259279,10.739291606517655,2732,13,-2.7791667,8.6,-12.6,625.0,70.0,18.708702,0,60
46.41934459312493,11.551183470576484,1297,1,6.508333,20.6,-5.1,680.0,94.0,47.24415,0,96
46.829968326053184,11.904613357547255,1626,19,5.070833,18.9,-6.5,941.0,135.0,44.048317,0,153
46.631566567866,12.188251738881071,1844,16,2.7291667,15.7,-8.3,1133.0,156.0,40.041515,0,194
46.94216975371065,11.098996123660132,2618,19,-2.5583334,9.0,-12.7,1086.0,117.0,16.64976,0,26
46.768071487550536,12.289693077607604,2300,15,0.65416664,12.5,-9.6,1327.0,163.0,28.46206,0,193
46.3024377224666,10.656255610402974,2102,10,1.3333334,14.1,-9.6,288.0,38.0,40.827797,0,166
46.82824261493504,11.758097412574005,1306,9,6.3375,20.6,-5.7,840.0,122.0,47.043865,0,163
46.31975612190334,11.96150673979158,1826,24,4.0916667,16.9,-6.4,1082.0,144.0,42.19526,0,337
46.27526258013955,11.425061686314953,933,6,8.408333,23.5,-4.4,678.0,84.0,38.97642,0,163
46.81603485281855,10.604994023895138,2069,17,1.2083334,14.4,-10.4,687.0,86.0,28.009916,0,302
46.32262315994932,11.156713088507924,1434,4,6.4625,20.3,-4.8,450.0,60.0,48.422264,0,226
46.89556437257109,11.787103337927896,2428,17,-0.16666667,11.5,-10.3,1204.0,148.0,26.32999,0,354
46.34613128584651,12.168325490499589,912,3,7.3875003,22.2,-6.0,874.0,108.0,36.240555,0,93
47.01468613087661,10.659160218631955,1981,21,1.9041667,14.5,-9.2,874.0,109.0,28.048834,0,348
46.9833361844201,12.020416933477872,1928,15,2.5166667,15.4,-8.4,1159.0,155.0,35.30328,0,1
46.79307065660005,11.155410166946504,2012,17,1.8125,14.5,-8.8,677.0,91.0,37.622513,0,358
46.79060599481781,11.207337620336055,1460,33,5.4083333,19.3,-5.8,692.0,97.0,46.37055,0,109
46.575218856519065,11.11807515118732,1372,21,6.4583335,20.3,-4.6,535.0,75.0,48.96933,0,109
46.60244446489992,10.521748234257904,2122,19,1.0,14.2,-10.4,547.0,69.0,30.776226,0,130
46.8400376021243,11.886106015073146,1926,16,3.4791667,16.4,-7.1,1048.0,143.0,38.42796,0,209
46.77146945417704,11.89216055154578,904,6,7.820833,23.1,-5.8,811.0,117.0,42.325253,0,355
46.45684198557241,11.201508947323822,1552,2,5.4541664,18.8,-5.5,477.0,67.0,50.4887,0,353
46.99604931282438,10.918631821165029,2888,11,-4.15,6.9,-13.9,1349.0,134.0,13.432137,0,141
46.67195887378863,12.329148746912242,2409,24,-0.4333334,10.9,-10.3,1362.0,162.0,26.473375,0,110
46.96534544369231,10.581674976746507,1849,15,3.3583333,16.1,-7.9,787.0,103.0,31.707747,0,177
46.67024716227097,10.638513753949054,2123,26,1.7666667,14.6,-9.5,543.0,67.0,28.641693,0,293
46.4020044677924,10.811332979256845,1468,15,4.891667,19.2,-7.5,409.0,57.0,48.210922,0,8
46.72890548480036,11.35048925795536,1547,20,4.858333,18.6,-6.4,707.0,100.0,48.837845,0,319
46.26562275267878,12.18564334423108,1409,23,5.616667,19.4,-6.1,1000.0,127.0,39.16907,0,119
46.27550542879972,12.2932488408151,777,24,8.854167,23.8,-4.8,947.0,109.0,30.934647,0,104
46.72299579818748,11.35257554558084,1744,19,3.9958334,17.2,-6.8,691.0,97.0,45.961338,0,289
46.74425795814849,10.817811389813953,2119,19,0.8833334,13.6,-10.1,595.0,75.0,29.915972,0,152
46.69396541436786,11.161270574473727,613,9,9.979167,25.7,-3.5,755.0,98.0,37.42696,0,144
46.78509649494823,12.344688223785502,2177,17,1.0041666,13.4,-9.7,1307.0,166.0,31.662104,0,50
46.55671886007144,11.023662896314324,1079,11,7.4625,22.2,-4.8,598.0,81.0,44.936413,0,136
46.33545100979843,11.007196315905208,1133,24,7.7125,22.4,-4.7,514.0,67.0,44.55533,0,116
46.80702879809896,12.276601567552955,2178,14,1.0958333,13.2,-9.4,1283.0,163.0,31.260687,0,262
46.9717801397026,11.282613537840533,2364,20,-0.65,11.1,-10.8,1054.0,127.0,24.65748,0,140
46.25043810809825,10.585074345289598,1963,14,1.5208334,15.0,-10.3,274.0,35.0,41.875317,0,351
46.61176360639462,11.954599558116454,2706,12,-1.975,9.1,-11.6,1201.0,135.0,21.03015,0,272
46.82601719183294,11.205002755393917,1393,25,5.7333336,19.7,-5.7,733.0,103.0,44.96165,0,177
46.899667099142114,12.314214770776232,2393,20,-0.37916675,11.5,-10.6,1353.0,163.0,25.143822,0,322
46.55959414890109,11.376953054514146,968,20,8.304167,23.2,-4.1,688.0,92.0,42.76874,0,267
46.28942922852647,10.526083391017163,1661,13,4.1,18.4,-8.6,373.0,50.0,46.12486,0,218
47.02509453786379,12.020606625327256,1858,18,2.55,15.6,-8.6,1175.0,159.0,36.560997,0,183
46.53017182740205,11.916226036030851,2034,8,2.3916667,15.2,-8.4,1077.0,146.0,39.78647,0,215
46.448103150039245,10.970703742820367,1976,20,2.3833334,15.0,-8.1,314.0,44.0,46.397717,0,15
46.7214005989384,11.756568215441272,1610,14,4.6375,18.2,-6.5,848.0,122.0,47.267433,0,358
46.76393560526787,10.712865130177068,2626,24,-2.9166667,8.9,-13.3,894.0,99.0,16.605585,0,250
46.89111358585652,11.391010518744793,1036,9,7.2,21.8,-5.3,850.0,120.0,43.054634,0,181
46.6686972571049,12.094059419810543,2138,11,1.2208333,13.7,-9.3,1192.0,156.0,35.374294,0,17
46.85963419226222,10.665836914275085,2711,14,-3.3208334,8.6,-13.6,1083.0,113.0,13.89449,0,159
46.56414353712967,11.39818230574208,1295,16,6.8583336,21.1,-4.7,639.0,89.0,47.927074,0,209
46.789806471167566,11.660469052214172,899,14,8.358334,23.3,-4.8,815.0,114.0,42.32001,0,87
46.241029138072605,10.755526090799004,2193,21,0.7916666,13.1,-9.7,236.0,31.0,41.69228,0,158
46.57762482022098,11.233996565421462,1206,10,7.4083333,22.0,-4.7,605.0,84.0,46.184654,0,204
46.66514727280661,11.858847986009934,1834,18,3.7375,16.7,-7.0,989.0,140.0,43.831074,0,119
46.46658924342944,12.203058746463364,1003,1,7.204167,22.1,-6.2,840.0,113.0,40.26924,0,167
46.98514442810545,12.113099702669397,2148,11,0.80833334,13.4,-9.9,1279.0,165.0,30.987148,0,225
46.89964520637548,11.35947578677265,1179,14,6.570833,21.0,-5.6,849.0,120.0,44.524506,0,199
46.59486393508395,10.983423088511644,2094,21,1.7708334,14.0,-8.3,422.0,56.0,36.2783,0,338
46.50129197929552,11.584437353214952,2334,2,0.90000004,12.8,-9.0,822.0,105.0,32.8767,0,227
46.33136082816575,10.741516840241234,1835,27,3.6916666,16.8,-7.4,276.0,37.0,46.125103,0,229
46.78470322561709,11.2490617617461,1019,29,7.2,22.0,-5.3,745.0,104.0,43.551624,0,295
46.50455827009785,10.840625191884016,2186,16,0.5208334,13.1,-10.2,374.0,50.0,35.31757,0,142
46.639512238204745,12.13545296372865,2755,6,-2.3833332,8.5,-11.8,1332.0,149.0,20.604416,0,258
46.45117403125218,10.816418570165604,2593,9,-1.7458334,10.0,-11.8,538.0,63.0,22.898857,0,329
46.66615722820987,10.55999077531452,903,3,8.525,23.9,-4.9,626.0,84.0,38.811214,0,59
46.39366746570408,11.362153489285106,1153,9,7.695833,22.4,-4.4,593.0,80.0,45.58814,0,276
46.778915097313856,11.441885618138654,2092,21,1.6,14.2,-8.9,833.0,111.0,36.566116,0,303
46.61238065076902,10.673096762430358,1021,15,7.8416667,22.9,-5.2,567.0,78.0,42.096943,0,353
46.9247047959004,10.653403218161838,2641,16,-2.9291666,8.8,-13.3,1109.0,119.0,14.595437,0,240
46.231518828514346,11.206025612604762,677,16,10.116667,25.5,-3.1,697.0,82.0,34.32764,0,24
46.70480667330269,10.658560511731478,2563,22,-1.8333333,10.2,-12.3,777.0,84.0,16.04512,0,305
46.61506875968279,11.19328398888558,407,24,10.829166,26.8,-3.2,780.0,92.0,33.195305,0,236
46.59756905066086,11.19036973106285,255,0,11.295834,27.3,-2.9,806.0,94.0,31.986639,0,180
46.4303594416285,10.569113396222091,2424,9,-1.5583333,11.1,-12.6,481.0,57.0,24.461254,0,208
46.6366800603986,12.174514912287751,2090,21,1.3958334,13.8,-9.2,1239.0,162.0,36.06354,0,96
46.91964019071992,10.557499005034392,2195,9,0.6083334,13.3,-10.5,877.0,104.0,23.069218,0,13
46.31291530967261,11.243196351935826,209,0,11.6375,27.5,-2.5,839.0,101.0,28.788635,0,296
46.67829400719621,10.841380269084944,2843,10,-3.15,8.1,-12.9,925.0,99.0,14.899802,0,96
46.9381936502805,10.724467346945614,2427,23,-1.275,10.9,-11.9,981.0,111.0,19.024729,0,116
46.7458293779487,11.164546878297909,2029,6,2.1083333,14.7,-8.3,639.0,86.0,36.674194,0,91
46.67334147340629,11.878343106364936,1571,18,5.0166664,18.7,-6.5,881.0,130.0,47.790607,0,81
46.53090567659567,11.55603011702744,1369,26,6.329167,20.7,-5.4,687.0,96.0,46.8042,0,342
46.68371640941291,11.708354308539796,2045,15,2.9541667,15.5,-7.4,933.0,126.0,38.649647,0,262
46.310458715878944,10.944121105411046,2173,3,1.4875,13.4,-8.3,197.0,26.0,37.166344,0,159
46.61768462347668,11.183718633968354,302,16,11.158334,27.2,-3.0,800.0,92.0,32.25071,0,236
46.87081375529293,10.66486341732072,2894,6,-4.3541665,7.2,-14.4,1200.0,121.0,12.784447,0,188
46.29330882333493,12.177429401456994,1852,21,3.5708332,16.3,-7.1,1190.0,153.0,38.99402,0,141
46.78414125583273,10.5346300564596,1489,9,5.1291666,19.3,-7.3,585.0,80.0,41.15028,0,276
47.00102179718959,11.244489925006771,2563,21,-1.8666667,9.6,-11.9,1150.0,129.0,18.435888,0,310
46.43470955015966,12.028406327859308,1617,19,4.7,18.2,-6.6,960.0,134.0,45.177273,0,333
46.88274902395119,11.852301389294448,1707,22,3.8458333,17.3,-7.4,989.0,141.0,43.134007,0,1
46.60877863431998,11.50101262277111,1380,21,6.1583333,20.3,-5.4,707.0,101.0,48.92591,0,97
46.99984680752412,10.88400345338904,2384,21,-1.0666666,10.9,-11.6,1007.0,115.0,20.013065,0,282
46.81540741371984,10.87358661452989,3183,10,-6.0416665,4.8,-15.5,1265.0,122.0,12.209285,0,162
46.71542508171065,10.715257238879955,2940,12,-4.3416667,6.9,-14.2,1016.0,102.0,12.0319805,0,290
46.63224431428704,10.663746221485484,941,13,8.279166,23.5,-5.0,593.0,80.0,39.709595,0,189
46.65332319618772,11.40022828986395,2145,17,1.8125,14.2,-8.4,696.0,92.0,35.545494,0,283
46.590989832775456,11.19096221158454,254,0,11.25,27.2,-2.9,807.0,94.0,31.740993,0,225
47.01732892538959,10.619025830086583,1046,20,7.45,22.4,-5.4,784.0,109.0,38.377438,0,319
46.43211329915192,12.014947084839456,1313,18,6.1875,20.4,-6.0,831.0,115.0,44.91682,0,247
46.3223279317507,10.505586679781764,2511,25,-1.1374999,10.8,-11.7,497.0,57.0,22.623198,0,227
46.31437181041254,11.985803826561334,1584,34,5.3083334,18.7,-5.7,952.0,128.0,43.38973,0,91
46.81112588828304,10.732947769314288,2926,18,-5.0458336,5.6,-14.8,1142.0,119.0,13.715519,0,354
46.53126855873177,10.883861804033812,2221,16,0.5916667,13.0,-9.8,412.0,55.0,35.35591,0,103
46.68665698075412,11.886380502899996,1200,11,6.554167,21.1,-6.1,789.0,116.0,47.654602,0,59
46.86237950900133,10.76188562647577,2878,10,-5.1666665,4.8,-14.9,1157.0,121.0,13.789278,0,5
46.36018705096434,10.80654684708258,2690,6,-1.45,9.3,-10.7,551.0,63.0,21.06997,0,193
46.733840237014896,10.941250637380158,2080,28,1.5,14.1,-9.4,570.0,74.0,32.68959,0,274
46.92758735515487,11.171514672932735,2590,12,-2.0583334,9.4,-12.0,1098.0,123.0,18.98689,0,194
46.58914392502764,11.777663899047356,2526,9,-0.6958333,10.7,-10.5,1070.0,130.0,27.029383,0,282
46.72615454645438,12.182856052730898,1263,11,5.9041667,20.5,-7.0,754.0,115.0,47.51593,0,22
46.62955144997058,11.89851414486374,1312,3,5.85,20.3,-6.6,808.0,118.0,47.667118,0,272
46.65274066001383,11.23257178060345,1413,8,6.2208333,20.4,-5.3,608.0,86.0,48.322536,0,193
46.726263143706944,12.195580478878275,1221,8,6.0416665,20.7,-7.1,736.0,112.0,47.033405,0,2
46.86139094624406,10.76095008002372,2878,10,-5.1666665,4.8,-14.9,1157.0,121.0,13.789278,0,5
46.685604636259264,11.887016777623348,1200,11,6.554167,21.1,-6.1,789.0,116.0,47.654602,0,59
46.79211503333098,11.907478228007264,943,4,7.7541666,23.1,-5.9,815.0,117.0,42.496037,0,143
46.62259645689692,11.835785910011133,1747,15,3.6416667,17.1,-7.5,947.0,139.0,46.162624,0,4
46.883064052677646,11.140195272830368,1828,16,2.6625,16.0,-8.3,742.0,100.0,38.357708,0,63
46.33091739040358,12.083346051216068,1796,23,4.045833,16.9,-6.7,1149.0,153.0,41.491688,0,96
46.65911009845483,11.43977458094398,2138,8,1.5708333,14.1,-8.9,741.0,99.0,37.59633,0,1
46.802505915767554,11.851098019751518,1012,10,7.525,22.6,-5.7,813.0,118.0,44.258377,0,241
46.67952223115044,11.619579002183253,614,15,9.470833,24.9,-4.4,812.0,104.0,36.502083,0,130
46.88747436083704,11.62067603731414,1824,8,3.0208333,16.2,-8.0,980.0,136.0,41.391262,0,166
46.41039438560816,11.141022744233592,964,2,8.504167,23.7,-4.2,606.0,78.0,41.119892,0,257
46.9833638504848,11.36444799202327,2651,8,-1.8791666,9.2,-11.5,1257.0,138.0,18.082472,0,322
46.34017134408231,12.205641399767128,961,12,7.366667,22.1,-5.8,868.0,107.0,36.271576,0,12
46.92354703800738,10.53438266574014,2338,12,-0.06666667,12.1,-10.9,957.0,108.0,18.952003,0,253
46.96065555999111,10.691650612799082,2834,3,-3.7291667,7.6,-13.7,1280.0,130.0,13.089256,0,48
46.79232050442056,12.22555077073173,1793,18,3.4416666,16.4,-7.6,1096.0,152.0,39.991848,0,308
46.81556424058794,11.293623156901482,1971,16,2.4083333,15.1,-8.2,736.0,100.0,37.756092,0,346
46.95423744116715,12.07210264137436,1698,13,2.9666667,16.8,-8.9,1080.0,152.0,39.883793,0,237
46.32866828897027,12.06922001888402,2322,18,1.45,12.9,-8.3,1252.0,154.0,32.79056,0,177
46.47732134309626,11.121616630462904,1270,6,6.6541667,20.8,-5.0,536.0,73.0,46.987225,0,56
46.821776303586645,11.20980242493603,857,7,8.0625,23.1,-4.8,780.0,108.0,40.558132,0,146
46.709934793693066,11.973649932288934,2080,22,2.1416667,14.5,-8.3,1106.0,147.0,35.83586,0,275
46.91669800221881,11.27562279652027,1414,11,4.9166665,19.1,-6.8,854.0,120.0,45.98,0,49
46.50558168857536,11.148169225036227,1513,8,5.4333334,19.0,-5.6,485.0,68.0,49.92432,0,211
46.408208811001245,11.346145118266556,930,24,8.875,24.1,-3.9,646.0,82.0,40.443085,0,285
46.36983388912646,10.763913862689312,2518,14,-0.86249995,10.6,-10.7,448.0,55.0,27.026558,0,0
46.95754800593434,11.283889620599146,2451,25,-1.0833334,10.4,-11.1,1086.0,129.0,23.905579,0,36
46.732650994167216,11.586192149585234,1572,18,4.875,18.3,-6.1,798.0,115.0,48.91745,0,8
46.63946259810562,10.898221148918578,1181,29,7.304167,22.1,-5.2,568.0,78.0,44.078133,0,168
46.91440103615442,11.542653996290628,2325,16,0.44583338,12.2,-9.7,1054.0,127.0,26.434248,0,299
46.62913331824209,12.36462851453424,2088,17,1.25,13.4,-9.3,1288.0,164.0,34.173874,0,3
46.8263213481621,10.625947485557996,2151,19,0.49166667,13.5,-10.9,725.0,90.0,26.87539,0,336
46.39271714004813,12.179839522090834,1773,13,3.8833334,16.6,-6.9,1144.0,152.0,40.33615,0,158
46.53007266107563,11.669195082156616,1714,1,4.025,17.9,-7.3,820.0,117.0,46.51438,0,328
46.46347361043787,11.599029873163804,1654,15,4.5291667,17.9,-6.5,738.0,105.0,48.22975,0,280
46.58024148727956,11.481104204767933,1577,10,5.241667,18.9,-5.8,671.0,96.0,49.031647,0,162
46.83857434570916,11.429907947068388,2124,19,1.5791667,14.1,-8.8,877.0,113.0,33.49431,0,281
46.28954407469303,11.125761198669997,1211,20,7.5875,22.1,-4.4,501.0,66.0,46.346977,0,309
46.44492993492204,11.198589453582208,1532,6,5.6291666,19.2,-5.4,475.0,66.0,50.50333,0,276
46.86674281053866,11.485196037737232,952,4,7.6458335,22.4,-5.2,838.0,118.0,42.870987,0,207
46.919464128464845,12.070885725317469,2516,11,-1.4958333,10.1,-11.6,1327.0,157.0,23.050377,0,21
46.24514047844778,11.756927357702375,2141,12,2.1708333,14.2,-8.0,1054.0,144.0,43.338146,0,147
46.935752890780535,11.565351801934952,1910,14,2.5166667,15.6,-8.4,969.0,130.0,37.5007,0,353
46.308595530729725,10.945908763463295,2173,3,1.4875,13.4,-8.3,197.0,26.0,37.166344,0,159
46.54555828322688,12.052992124861618,2526,12,-1.1041666,10.0,-10.8,1249.0,149.0,27.37237,0,306
46.55288723424557,10.764334281925588,2016,23,2.0916667,15.0,-8.8,393.0,53.0,38.282104,0,104
46.73342814666471,10.66306337963719,2533,22,-1.5208334,10.5,-12.1,816.0,90.0,17.478918,0,165
46.92698531066186,10.730104811793748,2045,20,0.8833333,14.0,-10.5,788.0,100.0,29.576557,0,88
46.93990032881977,11.288562829946896,2136,27,1.0791667,13.3,-9.3,948.0,122.0,32.46939,0,198
46.49675765124996,11.668793572646011,2080,4,1.8916667,14.8,-8.8,904.0,124.0,41.9338,0,51
46.25669451681678,11.179422208825752,313,24,11.45,27.1,-2.5,811.0,97.0,29.118216,0,176
46.51816010136098,11.94755401128686,2199,13,1.325,13.7,-9.2,1139.0,149.0,36.367832,0,234
47.00506227355363,10.91099246434136,3144,7,-5.4958334,5.1,-14.9,1495.0,146.0,13.472626,0,121
46.92063740631493,10.76252290591004,2701,16,-3.4291666,8.0,-13.6,1123.0,118.0,14.101821,0,306
46.37438636212087,11.38138913811394,1481,8,5.9875,19.8,-5.1,543.0,75.0,47.977905,0,273
46.81973673251144,11.458790741352535,1885,21,2.7833333,15.9,-8.0,834.0,114.0,40.85814,0,74
46.4029706494677,11.25326833027622,305,3,11.520833,27.5,-2.8,820.0,101.0,31.851725,0,147
47.0129054627248,12.06180031419559,1877,20,2.65,15.6,-8.4,1160.0,157.0,35.710518,0,354
46.77957330130753,12.184548093632024,1279,12,5.866667,20.4,-7.0,801.0,121.0,46.052544,0,148
46.95711259218416,10.534907174827977,1596,30,4.616667,18.2,-7.4,756.0,101.0,35.773464,0,342
46.44756468614164,11.578577922493436,1647,6,4.766667,18.1,-6.2,726.0,104.0,49.077686,0,253
46.62536878090763,11.258313554943213,1505,7,5.383333,19.1,-5.9,590.0,84.0,48.55874,0,227
46.43931043031153,10.762345938675482,1930,23,1.8666667,15.2,-9.6,329.0,45.0,44.52459,0,114
46.70491413102099,12.134653506457166,1665,17,3.9458332,17.4,-7.4,978.0,140.0,43.5797,0,30
46.36902552206705,11.74410680949033,1817,7,3.4666667,16.7,-7.5,939.0,134.0,46.484573,0,322
46.55128690215552,12.067740653096308,2711,27,-2.05,8.6,-11.4,1260.0,144.0,22.712866,0,83
46.26683213939092,11.47087075019766,1132,13,7.2625,22.0,-5.1,639.0,83.0,43.465687,0,356
46.37618802844072,12.293108163840037,1389,26,5.8,19.6,-6.0,956.0,125.0,39.55421,0,320
46.5392805618194,10.959309483476472,1347,17,5.85,20.3,-6.2,499.0,70.0,47.85977,0,166
46.95807946612239,11.318049879424953,2046,21,1.5708333,13.9,-8.9,927.0,122.0,35.134262,0,24
46.98497425085007,11.641947353218082,1870,20,2.1875,15.2,-8.8,1042.0,142.0,38.477116,0,197
46.97504418863358,11.74155336724982,2744,25,-2.9541667,7.9,-12.6,1365.0,154.0,18.750196,0,25
46.43818049335856,10.558828510781826,2702,15,-3.125,8.7,-13.5,642.0,71.0,17.36302,0,129
46.989693348952684,12.08326294584134,2621,10,-1.6375,9.7,-11.5,1417.0,162.0,20.486656,0,134
46.84299611397046,11.125538822566586,2536,17,-1.425,10.1,-11.3,952.0,110.0,21.053932,0,86
46.77732938887621,11.427064430819522,1655,17,3.95,17.7,-7.2,777.0,109.0,46.31865,0,321
46.289886334001686,11.360101670086271,1413,9,6.5,20.4,-4.7,531.0,71.0,47.52082,0,170
46.99961228317654,10.504891974652866,2086,17,0.59166664,13.4,-10.9,985.0,118.0,25.050558,0,137
46.51674027877206,11.6042228584047,1813,11,3.65,17.1,-7.3,771.0,109.0,45.266186,0,258
46.33834279233158,12.215853541652018,968,11,7.429167,22.1,-5.7,869.0,107.0,36.670567,0,11
46.37679448459383,11.334528636888953,1028,8,8.375,23.3,-4.1,613.0,80.0,43.13077,0,346
46.8330320427677,12.292254745212585,2358,14,-0.09583327,11.6,-10.4,1345.0,164.0,26.94247,0,229
46.75375661922365,12.008751363014396,1197,12,6.2875,20.9,-6.5,776.0,117.0,46.573433,0,60
47.00986097359815,11.69211250267379,2563,11,-1.7,9.7,-11.7,1266.0,145.0,20.52298,0,302
46.405506543648194,11.415720617781655,1215,7,7.1375,21.6,-4.8,607.0,82.0,45.707718,0,18
46.26083198423826,12.265866946867488,747,14,8.804167,23.7,-4.7,934.0,109.0,30.901016,0,22
46.67180092850705,12.369264598955086,1726,14,3.2208333,16.4,-8.1,1089.0,149.0,39.593582,0,344
46.32537332348552,11.08554226717904,716,6,9.770833,25.5,-3.9,660.0,79.0,36.509014,0,263
46.32120254352067,10.860669145557305,881,4,8.333333,23.4,-4.6,596.0,75.0,39.45873,0,346
46.60686436445564,12.266254307203756,1859,4,2.6583333,15.5,-8.3,1157.0,156.0,38.93508,0,53
46.48341465734563,12.079787724451974,1988,19,2.3833332,14.9,-8.3,1171.0,160.0,40.99557,0,332
46.70400427850651,10.56972006949518,2012,17,2.6791668,15.7,-8.9,554.0,70.0,31.998537,0,248
46.58045590528434,11.492089941302122,1311,26,6.6458335,21.0,-5.1,682.0,97.0,48.587776,0,110
46.48038230127976,10.622730905633258,2970,7,-4.741667,6.1,-14.3,819.0,85.0,12.799811,0,161
46.75604219298602,11.507304573178384,2335,9,0.12083333,12.2,-10.0,941.0,119.0,31.115515,0,35
46.5691425907986,11.47320895191114,1438,11,5.9416666,19.9,-5.4,669.0,95.0,48.712334,0,167
46.24887328258821,10.93614140994857,1679,17,3.6041667,17.2,-7.8,303.0,42.0,51.983536,0,338
46.37706506360004,10.500961575521494,2402,11,-1.1416667,11.5,-12.0,459.0,54.0,25.31797,0,30
46.86517771222835,12.256532796958105,1729,16,3.266667,16.7,-8.3,1117.0,157.0,40.23038,0,239
46.84003237792066,11.15633311884865,1659,32,4.0,17.5,-7.1,716.0,101.0,44.337753,0,91
46.61129503647988,10.570821732615352,1171,18,7.1666665,22.0,-5.7,553.0,77.0,43.08615,0,104
46.84089599162926,12.340710312378434,1696,10,3.2208333,16.8,-8.6,1116.0,156.0,40.239315,0,230
46.6453086369077,11.129515420761734,808,29,8.891666,24.0,-3.8,685.0,91.0,39.984,0,99
46.51168514736416,10.707099159654808,2460,14,-1.0416666,11.0,-11.4,522.0,62.0,22.966969,0,165
46.798937873725166,12.095256792674723,2010,10,2.7416668,15.3,-7.8,1139.0,152.0,35.968952,0,257
46.95396119921037,11.01899200499367,1602,20,4.1833334,18.1,-7.5,758.0,105.0,41.921963,0,261
46.53532593154128,11.300434401782702,1220,5,7.4583335,22.0,-4.5,612.0,84.0,45.986,0,160
46.99063198088409,10.733210187382126,2047,32,1.2291666,14.0,-9.9,871.0,109.0,28.243135,0,93
46.30061268707166,11.970948080766124,1727,37,4.5499997,17.5,-6.1,1051.0,138.0,41.136837,0,156
46.93315717133083,12.33743236511348,1697,12,2.875,16.5,-8.9,1130.0,158.0,39.33433,0,199
46.3623901251227,11.64756979177078,1205,5,6.6708336,21.1,-5.6,736.0,99.0,45.813732,0,313
46.97974141566618,10.93373333026729,2298,10,-0.6791666,11.7,-11.3,937.0,111.0,23.05559,0,114
46.890533421801344,10.93167169322512,2677,25,-2.9208333,8.8,-13.1,1064.0,115.0,15.731221,0,138
46.40493094751388,10.830617088811998,1319,13,5.7,20.4,-7.0,465.0,64.0,46.968506,0,34
46.88700230741398,12.290570793598736,2320,20,0.15416671,12.1,-10.2,1330.0,165.0,27.544449,0,71
47.0007290752925,10.608680683291023,1356,17,6.0416665,20.0,-6.1,783.0,108.0,38.96522,0,345
46.70480348202046,11.469641555854508,2415,4,-0.1999999,11.6,-10.3,888.0,110.0,28.141058,0,149
46.54480896714728,10.825693900556209,2677,21,-2.1375,9.0,-11.8,646.0,71.0,17.175514,0,293
47.02240300167802,11.419014315885644,1557,14,4.4875,18.3,-6.8,953.0,131.0,43.159912,0,152
46.40807808918285,12.026089553294527,1153,12,6.741667,21.3,-5.9,811.0,109.0,42.57112,0,329
46.941690811868455,10.565713736248668,1726,24,3.8041668,17.2,-8.0,747.0,99.0,35.211964,0,49
46.446692540038505,11.231987710805882,973,22,8.525,23.5,-4.3,639.0,83.0,43.101727,0,82
46.90768513579353,10.583499829954238,2005,7,1.2750001,14.8,-10.4,778.0,99.0,30.149878,0,51
46.75093815153864,12.014276946555889,1197,12,6.2875,20.9,-6.5,776.0,117.0,46.573433,0,60
46.45340294986323,11.875332811991097,2142,8,1.6666667,14.1,-8.8,1097.0,149.0,39.55182,0,18
46.43618266311122,11.197428586199266,1519,7,5.725,19.3,-5.4,478.0,67.0,50.533783,0,279
46.29395544053143,11.427783277238907,1179,5,7.4166665,22.1,-4.8,620.0,81.0,43.62458,0,203
47.01853474369583,12.173155628627253,2877,8,-3.7125,7.4,-13.4,1515.0,162.0,15.264515,0,39
46.61193590770445,11.42641969016302,1953,19,2.8541667,15.6,-7.7,674.0,94.0,42.88607,0,297
46.50626295438969,12.042634627506224,2274,13,0.7083334,12.5,-9.5,1208.0,154.0,34.46155,0,40
46.917473764102525,11.517360108104072,1385,4,5.3166666,19.4,-6.4,889.0,125.0,46.759796,0,277
46.920392938780125,11.475251322278018,1899,19,3.4541667,16.2,-7.1,902.0,121.0,37.740936,0,273
46.79321532996676,12.122319506706203,1999,7,2.6708333,15.2,-7.9,1162.0,155.0,35.892635,0,219
46.72178511170508,11.772350808354702,1736,26,4.0666666,17.4,-6.8,886.0,127.0,45.697342,0,29
46.93111828649359,10.854353391235664,2674,33,-3.5166667,7.4,-13.6,1104.0,119.0,15.109518,0,326
46.821186252301096,11.12717496580091,1741,31,3.2958333,16.6,-7.9,718.0,99.0,42.81916,0,138
46.67209950038946,10.502611976165198,1255,24,6.5333333,21.3,-6.4,584.0,81.0,42.549778,0,152
46.23453583385946,11.449459805996124,1727,9,4.3125,17.2,-6.2,551.0,77.0,49.54232,0,11
46.48925082266362,10.657777405504325,2617,12,-2.5125,9.4,-12.7,603.0,68.0,17.885641,0,111
46.43622229507701,11.68198098178949,1657,18,4.1916666,17.7,-7.0,806.0,116.0,49.0943,0,116
46.88101240310093,10.51748241536812,1670,20,3.875,17.7,-8.3,692.0,91.0,35.978233,0,248
46.83512953769762,10.700566516035732,2968,19,-5.325,5.3,-15.0,1201.0,121.0,12.573542,0,227
46.89807742077289,11.308788711488384,1507,19,4.891667,18.7,-6.4,821.0,115.0,46.10441,0,41
46.971222733003465,11.683492590949236,2669,15,-2.2666667,9.0,-12.1,1301.0,147.0,18.837107,0,289
46.77691818566341,12.253093552594994,2169,15,1.4708333,13.5,-8.9,1278.0,160.0,30.80767,0,169
46.361867751384224,12.27192289055146,1681,19,4.55,17.5,-6.3,1107.0,143.0,39.11203,0,342
46.69278303516625,10.626460085556806,1613,17,4.7541666,18.9,-7.6,519.0,69.0,41.144672,0,277
46.26585805313382,11.661602182812228,2058,8,2.6875,14.9,-7.5,912.0,124.0,44.58091,0,301
46.826075713243625,12.312276481741502,2476,9,-0.7583333,10.8,-10.9,1378.0,164.0,24.003426,0,91
46.53475737563121,11.612011585304645,1819,5,3.7833333,17.2,-7.1,777.0,109.0,43.731194,0,269
46.58869698518297,11.297457746744138,1393,5,6.1375,20.2,-5.3,614.0,84.0,46.925423,0,167
46.8867755414064,11.486029345441644,1577,10,4.945833,18.5,-6.1,843.0,119.0,46.32594,0,234
46.29501778570402,10.913346903093002,2210,15,1.0625,12.9,-8.8,192.0,26.0,39.260223,0,319
46.33397865920743,10.930707706964617,1344,20,5.945833,20.2,-6.1,426.0,58.0,48.87726,0,349
46.81144629726165,10.55905136969427,1749,10,3.4291666,17.1,-8.8,636.0,83.0,35.348724,0,176
46.73763443434778,11.285389077483153,2329,23,0.46249998,12.3,-9.6,781.0,98.0,29.374441,0,88
46.581463949276426,11.921859982654144,1506,5,4.75,18.9,-7.3,876.0,128.0,47.6592,0,290
46.9410364212108,11.2659540428077,1754,14,2.8583333,16.2,-8.2,864.0,119.0,41.40605,0,198
46.79843705531487,12.123868975770474,1999,7,2.6708333,15.2,-7.9,1162.0,155.0,35.892635,0,219
46.60606506860725,12.116829406971762,1617,15,4.2083335,17.8,-7.3,978.0,138.0,43.67461,0,182
46.92076091834969,10.847441988422766,2779,34,-4.383333,6.2,-14.3,1160.0,121.0,13.808441,0,308
46.59053273717163,10.78785120409771,1853,6,3.6333334,16.7,-7.3,388.0,54.0,42.74023,0,15
46.72784080874053,11.923598878224016,1655,16,4.554167,18.0,-6.7,927.0,133.0,44.35385,0,179
46.95515255675416,11.05059861584194,2280,18,-0.09166663,12.1,-10.7,889.0,105.0,23.767036,0,1
46.612680658276695,11.990007190590706,2341,6,-0.06250005,12.0,-10.3,1184.0,149.0,31.197203,0,127
46.42646209628406,11.636153820146667,2252,7,1.0916667,12.9,-9.0,876.0,115.0,36.99482,0,124
46.62069677292645,10.87548985466517,684,7,9.291667,24.9,-4.2,668.0,85.0,37.042267,0,187
46.48884643331522,11.71883022428564,1793,9,3.4916666,16.8,-7.6,891.0,127.0,46.765068,0,104
47.01286505399663,11.310669822034102,1690,22,3.4875002,17.0,-7.7,919.0,129.0,42.360413,0,327
46.28711153029152,10.522247316456824,1538,15,4.75,19.3,-8.3,409.0,56.0,46.93787,0,186
47.00518371205115,11.240169363056369,2283,29,-0.12500003,11.9,-10.5,999.0,122.0,25.71303,0,306
46.83197103733451,11.729048395176338,864,4,8.1375,23.2,-5.2,842.0,119.0,42.12404,0,290
46.8058873673116,12.198098453355492,1838,20,3.2,16.1,-7.8,1136.0,157.0,39.55921,0,91
47.01470444753931,10.953130973053552,2187,21,0.4375,12.7,-10.1,931.0,115.0,26.739515,0,129
46.61334443417285,10.534864091774242,1865,17,2.7458334,16.5,-9.2,486.0,64.0,39.427406,0,90
46.97855217751245,11.95123822235963,1304,21,5.358333,19.6,-7.2,925.0,137.0,44.89689,0,330
46.93183166313554,11.4995268938952,2343,13,0.6958334,12.3,-9.2,1064.0,126.0,24.628843,0,199
46.51421535823747,12.04232249624943,2127,11,1.4666667,13.6,-9.0,1192.0,158.0,37.94601,0,4
46.389310396656846,12.328336657811263,1270,17,6.3125,20.5,-6.0,909.0,120.0,39.792778,0,96
46.38874625074728,11.997579406068825,909,4,7.8333335,22.8,-5.3,829.0,106.0,38.592567,0,139
46.9867595187076,11.75410880045096,2468,21,-1.2583333,10.2,-11.3,1263.0,153.0,24.381987,0,297
46.97455274707384,10.559582121352888,1359,30,5.9041667,20.0,-6.4,769.0,106.0,37.883213,0,303
46.46728676781643,11.646696121451695,2752,6,-2.2291667,8.6,-11.6,1005.0,114.0,21.914267,0,259
46.79777082971961,12.129191451022471,2083,12,2.1958332,14.5,-8.3,1200.0,157.0,33.969067,0,214
46.7167286647035,11.96548352958047,1757,8,3.7791667,17.0,-7.2,985.0,139.0,42.499744,0,219
46.66526352431537,12.173785289771129,1920,18,2.3666668,15.2,-8.5,1142.0,155.0,38.852005,0,245
46.61218839937682,11.966249888975405,2558,13,-1.2625,10.2,-11.2,1187.0,139.0,24.896652,0,149
46.81170054036327,11.48486728875108,2161,15,1.3166667,13.6,-8.9,876.0,114.0,33.040974,0,22
46.74700037142189,11.609922449922207,1243,20,6.5041666,20.5,-5.2,786.0,112.0,47.96412,0,126
46.57458494111153,12.130806448390798,1545,29,4.65,18.4,-7.1,961.0,134.0,43.168537,0,218
46.671448335730894,11.432121540583909,2070,10,1.9791666,14.7,-8.6,723.0,98.0,38.979836,0,353
47.02240152156681,10.92771775616366,2735,21,-3.1,8.1,-13.0,1281.0,134.0,14.605279,0,74
46.55039542081822,10.65296837408688,3007,20,-4.4166665,6.5,-13.9,910.0,92.0,12.207223,0,52
46.4345345086258,10.557836250631803,2832,14,-3.7833333,7.8,-13.9,723.0,77.0,14.5050745,0,174
46.80818245427156,12.124148893086804,2010,11,2.5083332,15.0,-8.1,1172.0,156.0,35.815735,0,288
46.81469361369049,11.676280030122694,1014,24,7.6875,22.4,-5.1,830.0,116.0,43.3039,0,145
46.26137506710579,12.34737875264462,838,11,8.6125,23.7,-5.1,952.0,110.0,31.25959,0,354
46.57853250278983,11.582615032555577,1150,3,7.4416666,22.3,-5.0,705.0,98.0,45.879642,0,21
46.924581129493625,11.41056697719628,1711,15,4.4,17.8,-6.6,861.0,118.0,42.638382,0,135
46.75075299990544,11.983310510558171,1871,8,3.4083333,16.3,-7.2,1024.0,142.0,41.015617,0,1
46.397112346963645,12.206596829108742,1571,0,4.9041667,18.1,-6.3,1007.0,135.0,41.80293,0,182
46.417112376219166,12.063797103784337,1829,5,3.7666667,16.6,-7.2,1095.0,148.0,41.608162,0,68
46.952921335903646,11.839078682922525,2008,25,1.7833333,14.4,-9.0,1148.0,154.0,36.55409,0,81
46.52619097716583,11.683340451492873,1813,9,3.6208334,17.1,-7.5,858.0,122.0,45.733315,0,340
46.909429323232665,10.838936375263232,2712,30,-4.108333,6.6,-14.1,1104.0,116.0,14.3532,0,298
46.69058997883067,11.60924880107908,1070,19,7.6291666,22.3,-5.0,763.0,107.0,44.76204,0,135
46.35959657803369,11.609309484152648,1609,12,4.7374997,18.3,-6.3,750.0,107.0,49.67953,0,185
46.54704051664272,11.08422058255772,1879,21,3.6166668,16.2,-6.6,403.0,57.0,45.309826,0,345
46.69775096664611,10.517403876233208,1145,11,7.2625,22.3,-5.9,614.0,84.0,39.899956,0,109
46.418095877715935,11.242253789038914,452,6,10.845834,26.7,-3.2,785.0,93.0,32.933647,0,123
46.36455803064009,10.637953108560108,2116,23,0.32916668,13.0,-10.9,325.0,42.0,36.486343,0,122
46.762198394299176,11.339711782866662,2217,5,1.275,13.4,-8.8,797.0,102.0,32.80685,0,124
46.42739669488616,11.306258174252186,514,15,10.766666,26.7,-3.2,761.0,89.0,33.442577,0,128
46.36285592159384,10.8128784530869,2615,7,-0.9875001,9.9,-10.3,504.0,59.0,23.591656,0,63
46.51336434073112,11.632847194302506,2073,10,2.1041667,15.1,-8.6,839.0,114.0,41.038498,0,323
46.901299838174126,11.388056322740573,1735,20,4.2083335,17.4,-6.6,850.0,117.0,41.98143,0,188
46.91725354596923,11.33520719450942,2236,19,1.2333333,13.0,-8.9,981.0,123.0,30.020267,0,206
46.31852652323789,10.885431445161355,927,16,8.025,23.1,-4.9,579.0,73.0,40.397465,0,330
46.32732178555006,12.345589983710978,1186,24,6.85,21.1,-5.7,932.0,115.0,36.27322,0,312
46.73880994323738,10.597188233502893,2226,21,0.77500004,13.3,-10.4,669.0,79.0,24.243998,0,162
46.4810713356507,12.246822711425366,2311,25,0.5708333,12.2,-9.5,1326.0,158.0,29.422956,0,216
46.77717456867609,11.593825965216675,1359,13,5.775,19.7,-5.6,799.0,116.0,49.468285,0,15
46.9975583991282,12.34547244313497,2187,20,0.7374999,12.9,-9.8,1337.0,170.0,29.557673,0,302
46.48662214239559,10.533016861699336,2954,22,-4.4875,6.3,-14.0,875.0,92.0,13.546673,0,187
46.618509760672126,11.464659360551895,2117,6,1.9541667,14.3,-8.3,736.0,99.0,38.315865,0,68
46.32952689323755,11.495792185483223,1730,15,4.795833,18.0,-6.0,637.0,90.0,49.59791,0,179
46.790284782182,11.076332892445938,1760,9,2.7958333,16.3,-8.6,651.0,90.0,42.490154,0,334
46.37935411196802,10.804164432860825,2573,11,-1.0708334,10.0,-10.6,471.0,56.0,23.974014,0,358
46.416132824225606,10.792536952516768,1472,14,4.766667,19.2,-7.8,412.0,57.0,48.69739,0,188
