Latitude,Longitude,Elevation,Slope,BIO01_Historical_Mean,BIO05_Historical_Max,BIO06_Historical_Min,BIO12_Historical_Prec,BIO13_Historical_Prec,BIO15_Historical_Prec,Aspect
46.70025318766257,12.370473526391768,1751,18,8.075001,23.9,-2.8,1044.0,116.0,21.2,203
46.72475733759582,11.882005300940516,1377,20,10.445833,27.1,-1.0,756.0,97.0,33.6,70
46.52610318791323,11.734756064414018,2295,27,5.4916673,20.1,-4.3,928.0,105.0,21.3,14
46.566466465786434,11.521634676710686,641,10,14.358334,32.2,1.2,735.0,83.0,23.8,323
46.75969287038833,11.870043963369994,1052,11,11.791667,29.1,-0.7,738.0,92.0,30.2,292
46.94767585473534,11.378002835421038,1516,18,9.170834,25.6,-1.2,829.0,109.0,32.1,26
46.9473952832723,11.3779352366532,1516,18,9.170834,25.6,-1.2,829.0,109.0,32.1,26
46.94709615408428,11.378690394948324,1516,18,9.170834,25.6,-1.2,829.0,109.0,32.1,26
46.946773040112575,11.379843171799802,1516,18,9.170834,25.6,-1.2,829.0,109.0,32.1,26
46.75993691280068,11.847925174873554,1396,25,10.316668,26.9,-1.0,762.0,98.0,33.4,59
46.56029869252121,11.626056480960663,1729,25,9.020833,25.0,-1.5,714.0,89.0,32.4,64
46.87445344187565,11.632217912804444,1711,18,8.349999,24.3,-2.0,889.0,110.0,29.9,257
46.48011221071735,11.262021555596016,337,4,15.945834,34.1,2.1,784.0,92.0,21.8,21
46.68544408885043,11.857774480107144,1454,4,9.974999,26.4,-1.1,781.0,99.0,32.8,26
46.7067818047877,11.92565708488216,1215,3,10.929168,28.0,-1.2,731.0,90.0,30.9,228
46.27249442627869,11.257424672285998,874,32,13.554166,30.6,1.2,605.0,69.0,26.6,264
46.708081720083406,11.92627983272834,1215,3,10.929168,28.0,-1.2,731.0,90.0,30.9,228
46.55358509632782,11.758732545912777,1600,4,9.270833,25.7,-1.8,781.0,98.0,32.9,313
46.65523772300796,11.90360360247025,1299,13,10.595834,27.5,-1.2,734.0,92.0,32.8,105
46.42706997495975,11.347703441683286,322,19,15.8625,34.1,2.1,789.0,95.0,21.7,294
46.602179328322414,11.200975361133583,530,29,15.016666,33.1,1.6,722.0,79.0,22.7,245
46.57658896543343,11.382062629554724,725,5,13.724999,31.1,1.1,708.0,81.0,25.5,295
46.593661967163,11.426217980144369,1685,11,8.937499,24.7,-1.4,619.0,79.0,34.9,229
46.599732907509264,11.419727224932666,1581,9,9.541667,25.6,-0.9,611.0,79.0,35.8,237
46.57947246653492,11.413999309044732,1589,7,9.799999,25.8,-0.7,589.0,76.0,35.4,197
46.56895393793644,11.404111130242566,1463,7,10.541667,26.8,-0.1,585.0,76.0,36.4,198
46.563171896007695,11.388440045121506,1130,16,12.216667,29.1,0.6,620.0,78.0,33.3,229
46.55797584744096,11.38475725050779,849,10,13.400001,30.7,1.0,673.0,79.0,27.5,234
46.29067917124432,11.209115251713408,227,12,16.2125,34.0,2.5,805.0,91.0,18.1,96
46.59823943319239,11.547703792171662,738,9,13.837501,31.6,0.9,722.0,83.0,24.9,337
46.81995606438851,11.76253150038226,1084,13,11.820835,29.0,-0.3,775.0,95.0,29.3,181
46.62033102857871,11.556723197137508,788,18,13.608335,31.3,0.7,721.0,84.0,26.2,317
46.31551177362087,11.301302511742763,607,12,14.429168,31.8,1.6,707.0,79.0,22.0,298
46.56778460464475,11.540068770566688,895,14,13.283333,30.9,0.7,685.0,81.0,28.1,231
46.577920496571245,11.38305556409154,725,5,13.724999,31.1,1.1,708.0,81.0,25.5,295
46.84585337775442,11.977607920007484,1447,17,9.975,26.5,-1.4,820.0,101.0,29.8,215
46.56351540398156,11.535036509633755,888,17,13.316667,30.9,0.7,684.0,80.0,27.6,303
46.577628994736166,11.43701524099499,1608,10,9.537499,25.6,-1.0,611.0,79.0,35.1,169
46.59309452609384,11.405581659695024,1353,10,10.791667,27.2,-0.2,615.0,80.0,35.9,315
46.59887056218217,11.411622135332376,1495,10,10.029166,26.2,-0.5,611.0,79.0,35.6,288
46.83778337652303,11.774752995740135,1422,14,10.299999,26.9,-0.8,811.0,102.0,31.1,177
46.72101069462556,11.328381045912938,1357,12,10.366667,26.9,-0.5,680.0,89.0,35.2,88
46.72111417785404,11.32990261030352,1357,12,10.366667,26.9,-0.5,680.0,89.0,35.2,88
46.59728364257735,11.432862241925898,1685,11,8.937499,24.7,-1.4,619.0,79.0,34.9,229
46.59965871775758,11.43278984344614,1685,11,8.937499,24.7,-1.4,619.0,79.0,34.9,229
46.605993225706406,11.436878943488692,1929,9,7.625,22.8,-2.3,647.0,80.0,30.0,204
46.60144960649895,11.45015609788701,2033,4,7.1083336,22.1,-2.6,672.0,81.0,27.5,174
46.83717751481528,11.746833948494643,1268,9,11.0041685,27.7,-0.4,782.0,100.0,32.4,244
46.80178212056506,11.79549913232638,974,16,12.104167,29.5,-0.5,760.0,92.0,27.8,7
46.651279591892994,11.056340299887038,555,13,14.399999,32.1,1.5,704.0,78.0,22.1,336
46.70221017921288,11.620871683956446,1131,15,11.900001,28.9,0.1,719.0,91.0,31.8,130
46.62652354124516,10.943841935189424,669,17,13.9875,31.7,1.2,654.0,74.0,22.9,342
46.52151048099524,11.264253569060376,313,14,15.808333,33.9,2.1,788.0,93.0,21.7,213
46.64861464532045,11.854056145315123,1712,18,8.804167,24.8,-1.9,897.0,108.0,28.7,138
46.64787034984689,11.852191378140448,1712,18,8.804167,24.8,-1.9,897.0,108.0,28.7,138
46.58106323102008,11.912079676236733,1521,10,9.333333,26.0,-2.1,806.0,102.0,33.2,356
46.672142602768986,11.169187763553072,365,3,15.549999,33.6,2.1,764.0,83.0,21.4,231
46.65029430118548,11.135805778161394,447,22,14.9375,32.7,1.9,735.0,80.0,22.3,85
46.76298064219909,12.066583086650136,1159,7,11.079167,28.3,-1.2,706.0,88.0,30.0,175
46.56474211054189,11.336796933951172,847,11,13.429168,30.7,1.1,671.0,78.0,27.3,77
46.721186155253,11.328648971632836,1357,12,10.366667,26.9,-0.5,680.0,89.0,35.2,88
46.60242389448595,11.915646191873424,1592,16,9.004167,25.5,-2.3,840.0,105.0,31.9,256
46.63163640711229,10.715930680815411,1071,9,12.370833,29.5,0.3,539.0,63.0,27.2,168
46.46832642739838,11.2306621940898,958,29,13.133334,30.3,0.8,610.0,73.0,29.9,85
46.72296137453804,11.955631857260682,1701,13,8.6875,24.7,-1.9,893.0,107.0,27.9,202
46.72296708943532,11.951003130370454,1701,13,8.6875,24.7,-1.9,893.0,107.0,27.9,202
46.50540291235454,11.502401596184503,846,8,13.566667,31.2,0.9,685.0,79.0,26.4,358
46.75554984880892,12.239903279222483,1483,8,9.541667,26.3,-2.0,846.0,100.0,27.7,152
46.758055890427954,12.24458847920171,1527,10,9.329166,26.0,-2.0,873.0,103.0,27.1,272
46.76013471607765,12.23768784317942,1592,11,9.025001,25.4,-2.0,915.0,107.0,25.5,163
46.74363326221582,12.228961150062972,1376,12,10.033333,27.1,-1.9,775.0,94.0,28.5,156
46.63204000438768,10.714924020369716,1071,9,12.370833,29.5,0.3,539.0,63.0,27.2,168
46.759081908167865,12.26130706815689,1652,8,8.658333,24.9,-2.3,955.0,111.0,24.7,241
46.7613255142583,12.240269943451406,1592,11,9.025001,25.4,-2.0,915.0,107.0,25.5,163
46.741654780876345,12.22789888865138,1304,9,10.366667,27.7,-1.9,729.0,89.0,29.6,230
46.743625325976645,12.220102462111294,1510,16,9.5,26.2,-2.0,845.0,100.0,26.7,168
46.76034609015564,11.783954816123524,1852,17,8.2625,23.7,-1.8,905.0,108.0,26.2,226
46.686077656924304,11.892476423846905,1121,4,11.4416685,28.7,-0.8,728.0,91.0,31.6,197
46.68471838140809,11.89388406720843,1121,4,11.4416685,28.7,-0.8,728.0,91.0,31.6,197
46.95368408625623,11.362479254241515,1358,12,9.654167,26.3,-1.1,833.0,107.0,31.8,48
46.788499996499816,11.950766690415678,905,2,12.295834,30.0,-0.7,764.0,91.0,27.0,333
46.9189940225061,11.798804122252683,1525,9,8.549999,25.3,-2.4,912.0,114.0,29.8,110
46.92023130520921,11.790426888456318,1695,13,7.7625003,24.1,-2.8,961.0,117.0,27.5,48
46.92170271868026,11.790269396827457,1695,13,7.7625003,24.1,-2.8,961.0,117.0,27.5,48
46.835484134011736,11.478829872683807,1391,13,9.833333,26.6,-0.9,764.0,100.0,34.1,115
47.02531923200996,12.041348479971282,1682,22,7.825001,24.1,-2.7,1047.0,122.0,23.4,163
46.89561728436122,11.86658447423014,1455,18,9.525,26.2,-1.5,863.0,108.0,30.2,176
46.60366455436444,11.613648663238902,1234,17,11.587501,28.4,0.0,669.0,83.0,32.7,196
46.58786135945356,11.208976376164053,594,31,14.6875,32.6,1.5,705.0,78.0,23.6,232
46.70418478455445,11.872162419463695,1381,16,10.383333,27.0,-1.0,767.0,98.0,33.1,108
46.72314481161225,11.954156204614048,1701,13,8.6875,24.7,-1.9,893.0,107.0,27.9,202
46.54268073532477,11.326379904082538,1219,2,12.070834,28.8,0.7,587.0,73.0,33.8,161
46.866192728605895,11.513296249032315,1063,17,11.783333,28.7,-0.0,782.0,96.0,29.6,217
46.61713294732987,11.866765119131644,1662,7,8.962501,25.1,-1.9,855.0,107.0,31.7,115
46.60975414430544,10.781621323699676,890,18,13.224999,30.6,0.8,574.0,67.0,25.9,13
46.72649965208715,11.21345889358257,830,25,13.216666,30.5,0.9,699.0,84.0,27.0,275
46.54774589060285,11.69544092799202,1581,2,9.470834,26.0,-1.5,735.0,93.0,33.9,38
46.74039941434829,11.43577304101998,1603,4,8.9125,25.2,-1.6,699.0,90.0,33.3,181
46.56569779003112,11.52480224307359,641,10,14.358334,32.2,1.2,735.0,83.0,23.8,323
46.25263267528175,11.253602783375406,688,19,14.291667,31.6,1.6,678.0,75.0,22.6,289
46.91499097215181,11.69023325235342,1516,4,9.004167,25.6,-1.7,884.0,111.0,30.4,168
46.88300081672436,11.719059773228317,1102,14,11.137501,28.3,-0.8,826.0,102.0,30.4,190
46.8920815335991,11.407146326332382,1396,18,10.258333,26.8,-0.5,781.0,102.0,32.9,162
46.439694016427765,11.479957914985633,1116,21,12.3125,29.3,0.4,611.0,74.0,31.7,239
46.87713260842906,11.492272443680095,1304,25,10.712501,27.3,-0.3,797.0,103.0,32.4,207
46.89012953717707,11.455083352876368,1038,17,11.770835,28.7,0.0,792.0,98.0,29.7,267
46.48512789628533,11.438533921734685,600,20,14.570834,32.4,1.4,733.0,81.0,21.9,351
46.53931421594158,11.388833833101238,984,19,13.033333,30.3,0.9,635.0,76.0,30.1,272
46.87557337934325,11.49720301415909,1304,25,10.712501,27.3,-0.3,797.0,103.0,32.4,207
46.48833504854909,11.24696177673015,509,15,15.1833315,33.1,1.7,734.0,82.0,22.6,66
46.48020445847947,11.26211888112004,337,4,15.945834,34.1,2.1,784.0,92.0,21.8,21
46.65019664168008,11.361238427619169,1065,10,11.941667,29.1,0.1,673.0,84.0,32.0,275
46.87631852966007,11.424746909111176,1169,18,11.049999,27.8,-0.3,781.0,99.0,31.0,356
46.86259739826822,11.484053217456225,1022,14,11.812501,28.9,-0.0,778.0,96.0,29.8,17
46.74019373594007,11.437264466866798,1603,4,8.9125,25.2,-1.6,699.0,90.0,33.3,181
46.56460914288428,11.52396537711623,641,10,14.358334,32.2,1.2,735.0,83.0,23.8,323
46.26870126445248,11.241097905787203,213,8,16.125,33.9,2.6,814.0,92.0,17.7,269
46.92747877937543,11.98977417877497,1513,24,9.0,25.4,-2.0,902.0,110.0,27.8,192
46.9021462855348,11.878095559361151,1682,21,8.629167,24.7,-1.7,957.0,114.0,26.7,182
46.89989438416883,11.852021483227515,1430,17,9.637499,26.4,-1.5,856.0,107.0,30.2,187
46.89643407515389,11.865901557067136,1455,18,9.525,26.2,-1.5,863.0,108.0,30.2,176
46.89646703882785,11.867395073291538,1394,15,9.783334,26.6,-1.4,855.0,107.0,30.2,165
46.89637252373677,11.844160396863264,1382,14,9.825,26.7,-1.5,849.0,106.0,30.4,190
46.67603277951456,11.895321555901058,1190,5,11.133332,28.2,-0.9,726.0,91.0,32.4,39
46.24790657535332,11.230960311297313,255,14,16.079168,33.8,2.5,807.0,91.0,17.0,315
46.560657823103696,11.339124968962542,847,11,13.429168,30.7,1.1,671.0,78.0,27.3,77
46.74787409260564,11.197447381450196,826,28,12.975001,30.3,0.6,711.0,85.0,27.1,111
46.56973848954456,11.06542309194517,974,14,12.558334,29.5,0.8,596.0,71.0,30.1,142
46.64849782638517,11.22636687849305,1322,11,11.254167,27.9,0.1,583.0,74.0,34.4,239
46.66144823083201,11.550094220510193,883,6,12.912499,30.5,0.3,740.0,89.0,28.4,187
46.468636679615486,11.576134001648716,1407,11,10.404166,26.8,-0.6,652.0,83.0,35.2,251
46.44344118495835,11.54741290211031,1506,4,10.329165,26.5,-0.4,623.0,79.0,36.3,179
46.63950116804336,11.82720584631784,1905,15,7.6666665,23.2,-2.7,955.0,113.0,26.6,107
46.42571258112106,11.518282439974453,1151,4,11.929168,28.7,0.3,627.0,78.0,32.8,196
46.52595188593724,11.254519342555655,313,15,15.720833,33.8,2.0,786.0,93.0,22.5,252
46.53001328128115,11.260522868319416,592,21,14.724999,32.5,1.5,713.0,78.0,23.6,238
46.54784487281458,11.526224242529624,807,12,13.662499,31.4,0.8,696.0,80.0,26.4,250
46.57324028392899,11.530836104275089,664,17,14.195834,32.0,1.1,734.0,82.0,23.9,263
46.58330328739591,11.167226915109625,382,19,15.258334,33.1,1.9,750.0,85.0,21.7,55
46.39199813061816,11.482740839096952,1209,7,11.7,28.4,0.1,600.0,75.0,33.9,357
46.38303068367002,11.272011655078606,254,10,16.320833,34.4,2.4,804.0,95.0,19.9,250
46.413875918142,11.494176214619394,1090,7,12.229167,29.1,0.3,616.0,76.0,32.4,299
46.66155396550288,11.187660233289549,430,13,15.329167,33.4,2.0,752.0,82.0,22.0,260
46.38311065436588,11.282819980970345,433,0,15.670834,33.6,2.0,757.0,88.0,21.1,21
46.72428011180981,11.880097661211282,1377,20,10.445833,27.1,-1.0,756.0,97.0,33.6,70
46.480319154985,11.262216920293232,337,4,15.945834,34.1,2.1,784.0,92.0,21.8,21
46.68658413249887,10.607653928695283,1707,24,9.2,25.4,-1.9,480.0,55.0,24.9,150
46.57910727148798,11.611715682593298,1420,11,10.587501,27.2,-0.4,661.0,84.0,34.2,335
46.53716167219623,11.777808740454702,1964,12,7.3416667,22.8,-3.2,908.0,111.0,28.8,287
46.350618864502486,11.33670232844682,944,12,13.1375,30.3,0.9,600.0,71.0,28.5,204
46.57215506266891,10.553655035937254,1474,13,9.6875,26.4,-1.8,447.0,54.0,32.8,299
46.60912322891836,11.379946604604308,987,13,12.416667,29.5,0.5,665.0,81.0,30.5,231
46.806483191776536,11.98692750772681,1292,14,10.724999,27.7,-1.1,747.0,94.0,30.9,174
46.601681612032486,11.585994101332837,1131,16,12.166665,29.3,0.2,669.0,83.0,31.7,188
46.56545600844298,11.552435850506996,1041,3,12.6125,30.1,0.4,666.0,81.0,30.4,351
46.42576986456934,11.349238433020709,322,19,15.8625,34.1,2.1,789.0,95.0,21.7,294
46.31443709945472,11.278788704654216,328,12,15.616666,33.4,2.2,799.0,91.0,18.7,326
46.22945353763133,11.212943563568222,575,18,15.066667,32.6,1.9,709.0,79.0,20.1,355
46.69561174491313,10.50051741685961,1543,14,9.591666,26.1,-1.8,516.0,60.0,26.1,141
46.80109409501621,11.662994011523448,1165,16,11.650001,28.5,-0.0,764.0,97.0,31.3,163
46.58257215415532,11.170930925684006,382,19,15.258334,33.1,1.9,750.0,85.0,21.7,55
46.52411707917843,10.93426944572017,1362,17,10.504167,27.1,-0.6,464.0,59.0,35.6,133
46.59762968705877,11.570508785365918,794,4,13.583333,31.4,0.7,713.0,83.0,26.0,351
46.59691874403544,11.094513914729603,724,10,13.604168,30.9,1.3,666.0,76.0,25.3,135
46.43282911967888,11.472422927143343,1079,15,12.4375,29.5,0.4,610.0,74.0,31.7,34
46.84324955842111,11.968106683310827,1315,21,10.620832,27.5,-1.2,782.0,97.0,30.3,243
46.68640672813834,10.607550741604877,1707,24,9.2,25.4,-1.9,480.0,55.0,24.9,150
46.754869616944674,11.874286525138874,1015,1,11.895833,29.2,-0.7,740.0,91.0,29.8,107
46.439498128533565,11.47761402508884,1116,21,12.3125,29.3,0.4,611.0,74.0,31.7,239
46.52901221123396,11.27997003803938,910,16,13.462499,30.8,1.0,630.0,75.0,29.0,203
46.455476878802,11.25440447063902,473,6,15.441667,33.5,1.6,750.0,84.0,22.2,78
46.23927659586938,11.225513058209712,474,24,15.3083315,32.9,2.1,749.0,84.0,18.8,333
46.3156339924021,11.299530249305365,541,18,14.699998,32.2,1.8,729.0,81.0,20.6,341
46.322935119263136,11.303619659671783,705,22,14.1125,31.4,1.4,672.0,74.0,23.3,276
46.33341453789939,11.307651372181276,466,14,15.1125,32.8,1.9,750.0,85.0,20.6,311
46.57356282312112,11.355977499842693,1116,19,12.262498,29.1,0.7,618.0,76.0,32.5,160
46.542999464422834,11.328247680633824,1219,2,12.070834,28.8,0.7,587.0,73.0,33.8,161
46.94452006902365,11.378661593727273,1516,18,9.170834,25.6,-1.2,829.0,109.0,32.1,26
46.623146051905536,11.51199615031822,1043,17,12.258332,29.4,0.2,689.0,85.0,31.1,104
46.48020777168455,11.50337838596804,929,14,13.141665,30.6,0.7,661.0,79.0,28.6,228
46.68193824552701,10.916725614609456,1747,33,8.6375,24.3,-1.6,469.0,58.0,30.8,51
46.71520152862446,11.9028489381328,1238,14,10.9375,27.9,-1.0,729.0,92.0,32.0,34
46.278591685425845,11.28441497185749,1336,11,11.358333,27.5,0.4,481.0,60.0,36.0,250
46.61926955856876,11.553090970041982,788,18,13.608335,31.3,0.7,721.0,84.0,26.2,317
46.43799841700511,11.47776059362148,1116,21,12.3125,29.3,0.4,611.0,74.0,31.7,239
46.60710453296572,11.139770722003448,678,12,14.170833,31.6,1.6,676.0,76.0,24.2,30
46.451371049023166,11.466460364625348,1273,14,11.766666,28.5,0.3,587.0,74.0,34.8,211
46.5587549670059,10.56120267449884,1607,10,8.833333,25.3,-2.5,422.0,51.0,32.1,238
46.98609443925796,11.200891000363136,2508,12,2.8541667,16.8,-6.0,1064.0,106.0,12.3,338
46.35362342124306,11.61998250690712,1370,17,10.570834,27.0,-0.7,666.0,85.0,35.8,151
46.59495397592836,10.687466121493449,1736,22,8.641666,24.3,-1.9,388.0,47.0,30.6,38
46.24583603047749,11.824582059701507,1545,19,9.500001,25.5,-1.8,818.0,100.0,32.2,242
46.37416179141298,10.897582234165078,1088,23,11.745833,28.9,-0.5,511.0,61.0,31.1,225
46.71624730492222,11.6551807383111,563,3,14.408333,32.4,1.0,784.0,88.0,22.6,94
46.46123281951834,11.308235643451416,242,8,16.470833,35.0,2.5,807.0,97.0,21.6,102
46.46196144119681,10.761364813828123,2507,19,2.7375,17.4,-6.9,486.0,50.0,12.2,201
46.53384191588461,11.656872113061226,1844,4,8.129167,24.2,-2.5,778.0,96.0,30.1,102
46.77088696922051,12.10856823426976,1254,10,10.716667,27.9,-1.5,720.0,90.0,30.4,157
46.979319592164224,10.52532231202321,1467,17,9.400001,25.8,-1.4,759.0,85.0,20.6,186
46.47188518655179,12.01218497689958,2076,13,6.8333325,21.8,-3.7,1080.0,121.0,23.0,168
46.77323953248494,10.951224459607786,2962,19,-0.04583331,13.3,-8.8,1132.0,124.0,15.7,190
46.54068525962174,10.824701709863394,2662,14,2.5291665,16.5,-6.5,631.0,60.0,11.4,348
46.47753368964874,11.73940501018854,1531,12,9.354167,25.8,-1.8,755.0,95.0,34.4,144
46.681266753230766,10.889359199766256,2577,14,3.2749996,17.3,-5.6,731.0,72.0,12.2,332
46.84635516033129,12.31359811525641,2311,19,4.7250004,19.7,-5.3,1276.0,129.0,12.9,45
46.96694953930842,11.239431014854278,2948,15,0.020833453,13.2,-8.3,1375.0,152.0,15.9,273
46.68345032742559,11.11113432249941,516,17,14.749999,32.4,1.7,740.0,83.0,22.6,167
46.488372787226666,10.585090462075447,2547,12,2.1499999,16.5,-7.4,587.0,59.0,10.1,19
46.658975991325846,11.89797322258725,1426,10,10.1375,26.8,-1.3,764.0,97.0,33.0,349
46.44911181827963,11.635644817016583,2015,10,6.9249997,21.9,-3.3,816.0,100.0,29.4,77
46.28878583742991,12.000590562068878,950,17,12.745833,30.1,0.0,765.0,89.0,24.9,49
46.38760453149945,11.944581241260146,1605,19,9.5625,25.5,-1.5,877.0,106.0,30.4,180
46.38770538563338,10.526846067366812,3024,25,0.20833333,14.1,-8.8,788.0,83.0,14.4,293
46.2883831357987,11.94275911374598,1226,34,10.966667,27.6,-0.8,766.0,90.0,26.6,2
46.91636794498638,10.717187472624373,2512,23,2.5791667,17.4,-6.9,984.0,99.0,11.8,89
46.761761345611525,11.193931273083797,1148,18,11.4375,28.3,0.1,682.0,85.0,31.9,98
46.73686365727773,11.864848947595284,1335,20,10.508334,27.2,-1.0,752.0,96.0,33.6,62
46.5342119007035,11.550017989958278,1018,14,12.495833,29.9,0.2,665.0,80.0,29.3,333
46.41726583965022,11.850119944391585,2355,24,4.579167,18.9,-5.2,1050.0,114.0,20.1,89
46.64547866386194,11.423893509141278,2249,10,5.575001,20.5,-4.1,712.0,80.0,19.4,148
46.57910638775461,10.70787838472773,2115,33,5.929167,21.0,-4.0,411.0,47.0,20.6,291
46.60778439039109,12.1755560252858,2148,15,5.866667,20.6,-4.3,1138.0,125.0,19.1,358
46.95175455959729,11.451522287932038,1307,7,10.145833,27.0,-0.8,840.0,108.0,31.0,187
46.391063000256246,11.50999656371568,1490,8,10.337501,26.5,-0.4,595.0,77.0,36.4,331
46.460056778901766,10.644466469555196,2805,14,0.85416657,15.0,-8.3,690.0,70.0,12.4,25
46.72635550568744,12.146953631672767,1264,11,10.558333,27.8,-1.6,696.0,88.0,31.6,307
46.92301912536469,11.684954641146897,1767,22,7.8333325,23.8,-2.3,948.0,113.0,26.3,166
46.56093951650879,10.908991447002103,2293,16,4.866667,19.5,-4.5,428.0,46.0,16.1,179
46.872067457390166,11.509063737258552,1316,26,10.779167,27.4,-0.3,791.0,101.0,32.2,211
46.95116718494444,11.16677873598475,3202,11,-1.6083336,11.1,-9.6,1497.0,174.0,19.6,101
46.56937397440089,10.92674616663212,2578,7,3.4208336,17.4,-5.5,603.0,58.0,11.0,166
46.472018485288864,11.159805703792456,1438,7,10.683333,26.9,-0.1,462.0,59.0,37.9,203
46.56165663549361,11.455592455741598,1405,9,10.758334,27.3,-0.3,617.0,79.0,35.1,128
46.49814987045324,10.724660392826546,2024,22,5.8583336,21.6,-4.7,326.0,39.0,25.9,321
46.40356047514705,10.815214279350416,1468,15,9.516666,26.2,-2.0,383.0,48.0,36.5,8
46.51885386362555,11.815132014162584,2763,10,2.4583333,16.2,-6.7,1089.0,104.0,9.6,179
46.42983842933063,12.30025161613931,1160,9,10.908334,28.1,-1.7,831.0,94.0,26.0,188
47.02352096157448,10.77743347626783,2085,9,5.329167,20.3,-4.3,869.0,87.0,12.3,207
46.62951852750294,11.64037596733822,1263,20,11.404167,28.2,-0.0,680.0,86.0,33.3,356
46.50408390605219,10.562320836771509,3063,21,-0.48333326,12.7,-8.9,915.0,99.0,15.4,63
46.34477039562012,10.94848763792339,1339,21,10.704166,27.3,-0.6,405.0,52.0,37.5,340
46.76438316178408,10.953150150667003,2527,25,2.6041665,16.8,-6.7,807.0,82.0,12.3,182
46.42218032505918,11.19175502538742,1420,9,10.870833,27.1,0.0,467.0,60.0,37.8,201
46.73268405655634,11.188255732870854,831,25,13.091666,30.4,0.7,710.0,85.0,27.1,123
46.87922365732392,11.246301619639558,2226,18,5.329167,20.2,-4.0,853.0,93.0,17.7,205
46.48475138678288,12.062496421794163,2071,12,6.504167,21.5,-4.0,1106.0,127.0,24.5,72
46.912591863850416,11.80165682600894,1425,10,9.254167,26.3,-2.0,877.0,111.0,31.0,62
46.79543305407216,10.91235850932457,2803,14,0.5249999,14.3,-8.4,1025.0,109.0,13.7,342
46.74292442846475,10.924054575474216,2524,24,3.2291667,17.4,-6.1,780.0,81.0,12.7,130
46.54586747025967,12.259254641449076,1463,12,9.325,25.7,-2.2,864.0,102.0,28.5,205
46.33890173933568,12.252161382279857,1578,23,9.825,25.8,-1.3,949.0,108.0,24.5,286
46.783204471753926,11.513001363512275,2220,16,5.2791657,20.5,-4.4,876.0,97.0,19.6,31
47.01112762819192,10.82767545167541,2600,10,2.2041667,16.2,-6.6,1171.0,125.0,13.8,141
46.42193547906588,11.490940751773666,983,3,12.724999,29.9,0.5,640.0,76.0,29.5,237
46.93191352378753,11.54450167134401,1778,14,7.8458333,23.7,-2.2,876.0,106.0,26.5,329
46.5073774582141,11.13448824594454,1463,7,10.229166,26.2,-0.3,467.0,59.0,37.1,216
46.55138767910523,12.101806258197849,1668,21,8.608333,24.5,-2.3,938.0,112.0,28.1,101
46.29641764929711,11.70108841609881,1583,9,9.183333,25.3,-2.1,720.0,89.0,34.2,4
46.76187833950062,11.969069965474093,1461,21,9.841667,26.4,-1.3,787.0,98.0,31.0,334
46.97767349262156,11.196669850665277,2812,22,0.79583335,14.1,-7.7,1267.0,138.0,15.0,1
46.47248215838246,11.03143717819426,1261,1,11.158333,27.8,-0.2,500.0,62.0,35.1,14
47.0209081166421,11.339050882698466,1706,16,7.9874997,23.6,-1.8,881.0,108.0,27.3,356
46.41827194739267,11.83226130290029,2473,22,3.7166662,17.8,-5.9,1004.0,107.0,17.4,292
46.74647407592275,11.896423580573304,1743,15,8.891666,24.7,-1.5,877.0,107.0,28.7,315
46.661242694950246,11.0765775766913,870,26,13.254167,30.5,1.0,639.0,76.0,27.4,316
46.4405190041372,11.188129829362122,1427,7,10.787499,27.0,-0.1,471.0,60.0,37.7,255
46.95058647849459,11.41070387955298,1563,27,8.900001,25.3,-1.3,849.0,108.0,30.2,191
46.62948515675595,11.986779669842534,2635,13,2.9958334,16.9,-6.3,1169.0,113.0,10.2,49
46.38484073368778,11.421503887468884,1428,3,10.695832,27.0,-0.2,537.0,69.0,36.9,13
46.84111931189471,11.570140163848873,1865,11,8.166666,23.4,-1.4,840.0,100.0,26.2,18
46.97793226190171,10.831706613880211,2792,8,0.99166656,14.9,-7.7,1269.0,141.0,16.6,74
46.52405014864042,12.211273672745753,2183,17,5.7958336,20.5,-4.4,1162.0,126.0,19.0,65
46.49268635852387,12.28271994002515,2099,11,6.225,21.0,-4.0,1217.0,130.0,18.4,170
46.99636561981459,12.308119501539023,2191,15,4.9416666,20.2,-5.1,1273.0,133.0,14.1,350
46.38139307800234,11.072157425741446,645,6,14.529168,32.3,1.5,657.0,72.0,22.7,293
46.3643470001648,11.093147656646774,870,6,13.662499,31.3,0.9,582.0,67.0,27.5,320
46.90133381507904,11.238573136600191,1945,7,6.7000003,22.2,-3.1,796.0,93.0,25.3,4
46.30679297532348,11.56650678467527,1851,23,8.675,23.9,-1.5,684.0,86.0,32.9,139
46.34094159968889,12.351874662627912,1611,23,9.616666,25.7,-1.6,974.0,108.0,21.8,249
46.48616062558444,11.05269785676095,1810,9,8.2375,23.6,-1.8,363.0,47.0,36.5,256
46.51556021231981,11.814131821560409,2561,15,3.5749998,17.6,-5.9,1047.0,106.0,13.6,275
46.5635427204338,11.05497837151207,978,8,12.583333,29.5,0.8,589.0,70.0,29.6,356
46.95627036412641,12.121904596394687,2640,15,2.4708333,16.9,-6.9,1373.0,134.0,10.1,193
46.78812489383083,11.715921440193029,1312,18,11.212501,28.1,-0.3,747.0,96.0,33.2,228
46.93508171052895,10.595452341648704,1745,16,7.9499993,23.9,-2.6,707.0,77.0,18.8,226
46.30425053944183,11.2028410537848,540,16,14.983334,32.5,1.9,723.0,81.0,20.6,106
46.60000702763364,10.567727891336306,1171,10,11.720833,28.7,-0.1,526.0,61.0,28.0,342
46.89713193179326,12.336516784544369,2078,25,5.816667,21.3,-4.5,1205.0,130.0,16.5,75
46.26036077051401,10.968476477374985,1722,14,8.520833,24.1,-2.0,260.0,35.0,42.1,321
46.33057664076113,11.174058107362908,1572,7,10.366667,26.2,-0.1,391.0,51.0,39.5,337
46.44556522888381,12.048596118384513,1342,4,10.195833,27.1,-1.7,789.0,95.0,30.2,288
46.55683599891462,10.863999548999391,2821,17,1.4875002,15.1,-7.2,749.0,74.0,13.2,4
46.33510106528031,10.759231627298943,1827,15,8.299999,23.9,-2.2,275.0,34.0,34.1,142
46.2621377653802,11.83677889776268,2476,18,4.375,18.2,-5.3,970.0,104.0,17.9,210
46.5788158321836,11.006961839765474,2048,7,6.7583337,21.6,-2.7,409.0,49.0,27.3,132
46.99559238662147,10.547922194390528,1966,27,6.308334,21.8,-3.8,871.0,88.0,12.4,133
46.55492515670578,11.801958635621316,2267,7,5.7041664,20.5,-4.3,984.0,108.0,19.9,163
46.58150650210621,12.211926918362447,2655,18,3.1125,16.7,-6.2,1276.0,122.0,10.4,101
46.374990311397376,10.676056349169006,1745,25,7.9375014,24.1,-3.3,317.0,39.0,35.5,123
46.98939805726439,11.023981517718822,1634,29,8.454165,24.4,-1.7,756.0,90.0,25.1,261
46.71630109409895,11.537135164197217,2132,3,6.404167,21.3,-3.1,827.0,95.0,23.4,353
46.67994313520534,10.589744481359826,1386,21,11.220834,27.9,-0.4,490.0,57.0,29.5,200
46.24090882145418,11.91765638120764,2274,20,6.316666,20.5,-3.5,1091.0,120.0,21.7,157
46.47729670734878,10.676586852327551,2277,9,4.0750003,19.5,-6.1,388.0,43.0,16.7,12
46.30731638983179,11.387201665541712,1443,9,10.8625,27.0,0.0,506.0,64.0,36.3,82
46.36729896409494,11.385888847321738,1543,6,10.241667,26.2,-0.4,507.0,65.0,36.2,220
46.26770198670849,11.715565684530656,2339,16,5.4250007,19.6,-4.3,844.0,96.0,23.2,338
46.43708982233114,12.158570824289937,1702,20,8.599999,24.3,-2.3,967.0,115.0,27.9,58
46.62988242543324,11.670847989960729,1414,18,10.570833,27.1,-0.4,703.0,90.0,34.1,334
46.98095099064548,12.26555328954411,2718,7,1.6791667,16.0,-7.6,1431.0,140.0,9.5,152
46.68745369380349,12.258706701179106,2308,16,4.941667,19.2,-4.8,1221.0,126.0,14.1,303
46.33172256048574,11.572688619438422,1865,23,8.487501,23.7,-1.9,708.0,90.0,34.4,77
46.97873308140131,11.520796865504265,2228,12,5.4666667,20.1,-3.7,1039.0,110.0,15.6,318
46.40023765639413,11.012812700668082,708,9,13.933333,31.4,1.2,647.0,73.0,24.7,183
46.30461745017252,10.534591431063555,2314,23,4.9041667,20.2,-5.5,376.0,40.0,16.0,130
46.75132068815841,11.129859027179585,2018,22,6.2666664,21.6,-3.5,623.0,73.0,25.1,129
46.247974872925255,12.080397166399823,821,9,13.129167,30.5,0.2,808.0,89.0,21.2,35
46.62423273063036,10.98800474265594,1144,20,11.879166,28.7,0.4,546.0,68.0,31.1,346
46.730007573108274,11.803385335970422,1711,17,8.799999,24.6,-1.5,844.0,105.0,30.0,249
46.56208244637544,10.57379412783686,1986,29,6.5874996,22.3,-4.0,424.0,48.0,22.4,256
47.0177626002553,12.009262966935216,1658,23,8.183333,24.5,-2.4,1023.0,119.0,23.9,143
46.42843305259279,10.739291606517655,2732,13,1.8499999,16.0,-7.3,619.0,61.0,11.7,60
46.41934459312493,11.551183470576484,1297,1,11.116668,27.6,-0.2,631.0,79.0,34.7,96
46.829968326053184,11.904613357547255,1626,19,9.6375,26.0,-1.4,878.0,106.0,28.3,153
46.631566567866,12.188251738881071,1844,16,7.3416667,23.0,-3.4,1052.0,122.0,24.1,194
46.94216975371065,11.098996123660132,2618,19,1.9833336,16.1,-7.0,1075.0,113.0,13.7,26
46.768071487550536,12.289693077607604,2300,15,5.2541666,19.9,-4.6,1258.0,128.0,13.5,193
46.3024377224666,10.656255610402974,2102,10,5.9750004,21.5,-4.4,273.0,33.0,28.9,166
46.82824261493504,11.758097412574005,1306,9,10.904166,27.7,-0.6,782.0,100.0,32.3,163
46.31975612190334,11.96150673979158,1826,24,8.749999,24.1,-1.8,991.0,117.0,27.6,337
46.27526258013955,11.425061686314953,933,6,13.041668,30.4,0.5,641.0,74.0,26.9,163
46.81603485281855,10.604994023895138,2069,17,5.7875004,21.4,-4.7,664.0,69.0,13.5,302
46.32262315994932,11.156713088507924,1434,4,11.070834,27.3,0.3,421.0,53.0,37.3,226
46.89556437257109,11.787103337927896,2428,17,4.3833327,18.8,-5.0,1160.0,116.0,13.2,354
46.34613128584651,12.168325490499589,912,3,12.05,29.5,-1.1,804.0,91.0,23.0,93
47.01468613087661,10.659160218631955,1981,21,6.4708333,21.5,-3.3,842.0,85.0,13.1,348
46.9833361844201,12.020416933477872,1928,15,7.0499997,22.6,-3.0,1103.0,124.0,19.8,1
46.79307065660005,11.155410166946504,2012,17,6.366667,21.7,-3.3,645.0,75.0,24.2,358
46.79060599481781,11.207337620336055,1460,33,9.974999,26.2,-0.4,651.0,81.0,32.9,109
46.575218856519065,11.11807515118732,1372,21,11.045834,27.1,0.3,501.0,64.0,36.6,109
46.60244446489992,10.521748234257904,2122,19,5.6124997,21.3,-4.9,528.0,57.0,16.3,130
46.8400376021243,11.886106015073146,1926,16,8.0375,23.6,-1.9,988.0,113.0,22.7,209
46.77146945417704,11.89216055154578,904,6,12.391666,30.1,-0.6,757.0,91.0,27.2,355
46.45684198557241,11.201508947323822,1552,2,10.0375,25.8,-0.4,446.0,59.0,39.1,353
46.99604931282438,10.918631821165029,2888,11,0.39166653,14.0,-8.1,1350.0,153.0,18.4,141
46.67195887378863,12.329148746912242,2409,24,4.1833334,18.3,-5.4,1289.0,129.0,12.3,110
46.96534544369231,10.581674976746507,1849,15,7.933333,23.2,-2.0,754.0,80.0,15.2,177
46.67024716227097,10.638513753949054,2123,26,6.3625007,21.8,-3.9,525.0,55.0,14.4,293
46.4020044677924,10.811332979256845,1468,15,9.516666,26.2,-2.0,383.0,48.0,36.5,8
46.72890548480036,11.35048925795536,1547,20,9.425,25.7,-1.1,661.0,88.0,35.5,319
46.26562275267878,12.18564334423108,1409,23,10.287499,26.8,-1.3,911.0,103.0,25.0,119
46.27550542879972,12.2932488408151,777,24,13.545833,31.4,0.1,873.0,94.0,19.2,104
46.72299579818748,11.35257554558084,1744,19,8.5625,24.3,-1.5,649.0,83.0,32.8,289
46.74425795814849,10.817811389813953,2119,19,5.4666667,20.8,-4.6,573.0,62.0,16.2,152
46.69396541436786,11.161270574473727,613,9,14.554166,32.3,1.5,719.0,82.0,24.2,144
46.78509649494823,12.344688223785502,2177,17,5.6,20.8,-4.8,1232.0,131.0,16.1,50
46.55671886007144,11.023662896314324,1079,11,12.058333,29.0,0.4,564.0,69.0,31.9,136
46.33545100979843,11.007196315905208,1133,24,12.320832,29.3,0.4,488.0,59.0,32.4,116
46.80702879809896,12.276601567552955,2178,14,5.683333,20.6,-4.4,1214.0,127.0,15.7,262
46.9717801397026,11.282613537840533,2364,20,3.8791666,18.2,-5.1,1029.0,103.0,13.5,140
46.25043810809825,10.585074345289598,1963,14,6.1666665,22.3,-5.0,260.0,30.0,29.5,351
46.61176360639462,11.954599558116454,2706,12,2.6291666,16.5,-6.7,1156.0,110.0,9.5,272
46.82601719183294,11.205002755393917,1393,25,10.287499,26.5,-0.2,692.0,87.0,31.1,177
46.899667099142114,12.314214770776232,2393,20,4.1916666,18.9,-5.5,1299.0,128.0,10.7,322
46.55959414890109,11.376953054514146,968,20,12.887501,30.0,0.8,649.0,78.0,30.0,267
46.28942922852647,10.526083391017163,1661,13,8.754166,25.5,-3.3,353.0,42.0,34.3,218
47.02509453786379,12.020606625327256,1858,18,7.0791664,22.9,-3.1,1118.0,126.0,21.1,183
46.53017182740205,11.916226036030851,2034,8,7.004167,22.5,-3.5,1002.0,115.0,24.9,215
46.448103150039245,10.970703742820367,1976,20,6.995833,22.2,-2.9,294.0,38.0,34.5,15
46.7214005989384,11.756568215441272,1610,14,9.208334,25.3,-1.4,788.0,101.0,32.4,358
46.76393560526787,10.712865130177068,2626,24,1.6708335,16.2,-7.7,885.0,89.0,11.6,250
46.89111358585652,11.391010518744793,1036,9,11.745834,28.7,0.0,802.0,98.0,28.6,181
46.6686972571049,12.094059419810543,2138,11,5.8125,20.9,-4.4,1118.0,123.0,20.1,17
46.85963419226222,10.665836914275085,2711,14,1.2500002,15.8,-7.9,1076.0,115.0,14.3,159
46.56414353712967,11.39818230574208,1295,16,11.4416685,28.0,0.3,596.0,77.0,35.1,209
46.789806471167566,11.660469052214172,899,14,12.924999,30.2,0.4,767.0,92.0,27.6,87
46.241029138072605,10.755526090799004,2193,21,5.454166,20.5,-4.7,221.0,27.0,29.9,158
46.57762482022098,11.233996565421462,1206,10,11.983334,28.9,0.3,569.0,72.0,33.7,204
46.66514727280661,11.858847986009934,1834,18,8.333334,23.9,-2.0,920.0,111.0,28.8,119
46.46658924342944,12.203058746463364,1003,1,11.845833,29.4,-1.1,771.0,89.0,25.7,167
46.98514442810545,12.113099702669397,2148,11,5.3583336,20.7,-4.7,1224.0,129.0,15.8,225
46.89964520637548,11.35947578677265,1179,14,11.112499,27.9,-0.2,800.0,100.0,30.1,199
46.59486393508395,10.983423088511644,2094,21,6.358333,21.0,-3.0,405.0,47.0,23.0,338
46.50129197929552,11.584437353214952,2334,2,5.495834,19.9,-4.0,780.0,86.0,19.4,227
46.33136082816575,10.741516840241234,1835,27,8.329166,23.9,-2.3,259.0,32.0,34.5,229
46.78470322561709,11.2490617617461,1019,29,11.758334,28.7,0.1,704.0,87.0,29.6,295
46.50455827009785,10.840625191884016,2186,16,5.129166,20.4,-4.9,360.0,43.0,22.5,142
46.639512238204745,12.13545296372865,2755,6,2.2250004,15.9,-6.9,1277.0,120.0,9.3,258
46.45117403125218,10.816418570165604,2593,9,2.8708334,17.4,-6.6,529.0,54.0,12.7,329
46.66615722820987,10.55999077531452,903,3,13.129167,30.6,0.7,598.0,68.0,23.3,59
46.39366746570408,11.362153489285106,1153,9,12.291668,29.2,0.5,556.0,69.0,33.2,276
46.778915097313856,11.441885618138654,2092,21,6.1625004,21.5,-3.6,794.0,91.0,22.5,303
46.61238065076902,10.673096762430358,1021,15,12.445834,29.6,0.3,538.0,63.0,27.3,353
46.9247047959004,10.653403218161838,2641,16,1.6375002,16.0,-7.5,1098.0,115.0,13.4,240
46.231518828514346,11.206025612604762,677,16,14.7458315,32.2,1.7,666.0,74.0,22.3,24
46.70480667330269,10.658560511731478,2563,22,2.7624998,17.5,-6.7,771.0,78.0,11.6,305
46.61506875968279,11.19328398888558,407,24,15.412501,33.5,1.9,750.0,83.0,21.4,236
46.59756905066086,11.19036973106285,255,0,15.879167,34.0,2.3,776.0,89.0,21.1,180
46.4303594416285,10.569113396222091,2424,9,3.075,18.5,-7.3,473.0,49.0,12.2,208
46.6366800603986,12.174514912287751,2090,21,6.008333,21.0,-4.3,1154.0,129.0,20.6,96
46.91964019071992,10.557499005034392,2195,9,5.175,20.4,-4.7,854.0,82.0,10.2,13
46.31291530967261,11.243196351935826,209,0,16.245832,34.2,2.5,813.0,92.0,18.3,296
46.67829400719621,10.841380269084944,2843,10,1.4416667,15.4,-7.4,920.0,95.0,13.8,96
46.9381936502805,10.724467346945614,2427,23,3.2916667,18.1,-6.1,962.0,94.0,10.7,116
46.7458293779487,11.164546878297909,2029,6,6.679167,21.8,-2.9,612.0,72.0,23.3,91
46.67334147340629,11.878343106364936,1571,18,9.604167,25.8,-1.2,814.0,102.0,32.6,81
46.53090567659567,11.55603011702744,1369,26,10.929166,27.7,-0.3,639.0,81.0,33.7,342
46.68371640941291,11.708354308539796,2045,15,7.5291657,22.6,-2.3,879.0,102.0,23.8,262
46.310458715878944,10.944121105411046,2173,3,6.1124997,20.7,-3.3,188.0,23.0,26.4,159
46.61768462347668,11.183718633968354,302,16,15.741666,33.9,2.2,770.0,86.0,20.8,236
46.87081375529293,10.66486341732072,2894,6,0.21666662,14.4,-8.7,1200.0,133.0,17.3,188
46.29330882333493,12.177429401456994,1852,21,8.233334,23.7,-2.6,1084.0,122.0,23.9,141
46.78414125583273,10.5346300564596,1489,9,9.729167,26.1,-1.5,555.0,64.0,26.2,276
47.00102179718959,11.244489925006771,2563,21,2.6666667,16.7,-6.2,1134.0,115.0,12.3,310
46.43470955015966,12.028406327859308,1617,19,9.333333,25.4,-1.9,880.0,107.0,30.4,333
46.88274902395119,11.852301389294448,1707,22,8.395833,24.6,-2.1,925.0,113.0,27.5,1
46.60877863431998,11.50101262277111,1380,21,10.745833,27.4,-0.3,658.0,85.0,35.7,97
46.99984680752412,10.88400345338904,2384,21,3.4833333,18.1,-5.8,987.0,98.0,11.5,282
46.81540741371984,10.87358661452989,3183,10,-1.4791669,12.0,-9.9,1273.0,146.0,20.0,162
46.71542508171065,10.715257238879955,2940,12,0.24999993,14.2,-8.6,1018.0,109.0,16.2,290
46.63224431428704,10.663746221485484,941,13,12.879167,30.3,0.5,565.0,65.0,24.5,189
46.65332319618772,11.40022828986395,2145,17,6.391666,21.3,-3.2,665.0,77.0,22.0,283
46.590989832775456,11.19096221158454,254,0,15.833333,33.9,2.3,777.0,89.0,20.9,225
47.01732892538959,10.619025830086583,1046,20,12.016667,29.1,0.4,741.0,84.0,20.7,319
46.43211329915192,12.014947084839456,1313,18,10.820834,27.6,-0.9,761.0,92.0,30.6,247
46.3223279317507,10.505586679781764,2511,25,3.5166664,18.3,-6.5,490.0,50.0,10.7,227
46.31437181041254,11.985803826561334,1584,34,9.966667,25.9,-1.0,870.0,104.0,29.1,91
46.81112588828304,10.732947769314288,2926,18,-0.47500002,12.8,-9.1,1140.0,127.0,16.7,354
46.53126855873177,10.883861804033812,2221,16,5.2000003,20.2,-4.5,395.0,47.0,22.5,103
46.68665698075412,11.886380502899996,1200,11,11.141666,28.2,-0.9,730.0,92.0,32.8,59
46.86237950900133,10.76188562647577,2878,10,-0.6000001,12.0,-9.2,1154.0,126.0,16.4,5
46.36018705096434,10.80654684708258,2690,6,3.1708336,16.7,-5.6,541.0,55.0,11.3,193
46.733840237014896,10.941250637380158,2080,28,6.079167,21.2,-3.9,549.0,61.0,18.6,274
46.92758735515487,11.171514672932735,2590,12,2.4833333,16.5,-6.3,1083.0,111.0,12.7,194
46.58914392502764,11.777663899047356,2526,9,3.9041665,18.0,-5.5,1024.0,104.0,13.3,282
46.72615454645438,12.182856052730898,1263,11,10.491668,27.7,-1.8,694.0,87.0,31.3,22
46.62955144997058,11.89851414486374,1312,3,10.445832,27.4,-1.4,746.0,93.0,33.1,272
46.65274066001383,11.23257178060345,1413,8,10.791667,27.2,-0.1,569.0,73.0,35.5,193
46.726263143706944,12.195580478878275,1221,8,10.629167,28.0,-1.8,677.0,85.0,30.6,2
46.86139094624406,10.76095008002372,2878,10,-0.6000001,12.0,-9.2,1154.0,126.0,16.4,5
46.685604636259264,11.887016777623348,1200,11,11.141666,28.2,-0.9,730.0,92.0,32.8,59
46.79211503333098,11.907478228007264,943,4,12.320834,30.0,-0.7,764.0,91.0,27.1,143
46.62259645689692,11.835785910011133,1747,15,8.237499,24.2,-2.5,876.0,110.0,31.3,4
46.883064052677646,11.140195272830368,1828,16,7.2166667,23.0,-2.7,709.0,83.0,24.8,63
46.33091739040358,12.083346051216068,1796,23,8.704166,24.1,-2.1,1048.0,121.0,26.6,96
46.65911009845483,11.43977458094398,2138,8,6.1458325,21.3,-3.7,705.0,82.0,23.9,1
46.802505915767554,11.851098019751518,1012,10,12.091666,29.6,-0.6,760.0,92.0,28.9,241
46.67952223115044,11.619579002183253,614,15,14.045834,31.9,0.8,770.0,87.0,23.1,130
46.88747436083704,11.62067603731414,1824,8,7.5708337,23.5,-2.6,924.0,111.0,27.1,166
46.41039438560816,11.141022744233592,964,2,13.099999,30.6,0.7,575.0,68.0,28.7,257
46.9833638504848,11.36444799202327,2651,8,2.6666665,16.4,-5.9,1240.0,128.0,13.0,322
46.34017134408231,12.205641399767128,961,12,12.029167,29.4,-0.9,798.0,90.0,23.1,12
46.92354703800738,10.53438266574014,2338,12,4.5083327,19.2,-5.0,937.0,90.0,9.4,253
46.96065555999111,10.691650612799082,2834,3,0.8333332,14.8,-7.9,1277.0,140.0,17.0,48
46.79232050442056,12.22555077073173,1793,18,8.020833,23.8,-2.6,1022.0,119.0,23.7,308
46.81556424058794,11.293623156901482,1971,16,6.9541664,22.2,-2.7,701.0,83.0,23.8,346
46.95423744116715,12.07210264137436,1698,13,7.520834,24.1,-3.4,1017.0,118.0,24.0,237
46.32866828897027,12.06922001888402,2322,18,6.1124997,20.3,-3.7,1161.0,123.0,18.2,177
46.47732134309626,11.121616630462904,1270,6,11.254166,27.6,0.1,502.0,63.0,35.0,56
46.821776303586645,11.20980242493603,857,7,12.6125,29.7,0.6,740.0,90.0,26.8,146
46.709934793693066,11.973649932288934,2080,22,6.725,21.8,-3.3,1041.0,116.0,20.4,275
46.91669800221881,11.27562279652027,1414,11,9.462501,25.9,-1.1,805.0,102.0,32.1,49
46.50558168857536,11.148169225036227,1513,8,10.025001,25.9,-0.4,454.0,59.0,38.5,211
46.408208811001245,11.346145118266556,930,24,13.470832,30.9,1.0,611.0,71.0,27.8,285
46.36983388912646,10.763913862689312,2518,14,3.7708337,18.0,-5.5,438.0,48.0,15.2,0
46.95754800593434,11.283889620599146,2451,25,3.4624999,17.5,-5.5,1059.0,105.0,13.4,36
46.732650994167216,11.586192149585234,1572,18,9.454165,25.5,-0.9,741.0,97.0,35.0,8
46.63946259810562,10.898221148918578,1181,29,11.8875,29.0,0.1,537.0,64.0,30.1,168
46.91440103615442,11.542653996290628,2325,16,4.995833,19.5,-4.3,1021.0,105.0,14.1,299
46.62913331824209,12.36462851453424,2088,17,5.8624997,20.8,-4.5,1203.0,131.0,18.7,3
46.8263213481621,10.625947485557996,2151,19,5.066667,20.6,-5.2,702.0,72.0,12.6,336
46.39271714004813,12.179839522090834,1773,13,8.533334,23.9,-2.3,1045.0,120.0,25.0,158
46.53007266107563,11.669195082156616,1714,1,8.629167,25.1,-2.3,760.0,95.0,32.6,328
46.46347361043787,11.599029873163804,1654,15,9.133334,25.0,-1.6,684.0,87.0,35.3,280
46.58024148727956,11.481104204767933,1577,10,9.837501,26.0,-0.7,623.0,80.0,36.0,162
46.83857434570916,11.429907947068388,2124,19,6.1208324,21.2,-3.4,840.0,93.0,19.7,281
46.28954407469303,11.125761198669997,1211,20,12.2,29.0,0.5,469.0,58.0,34.8,309
46.44492993492204,11.198589453582208,1532,6,10.212501,26.1,-0.3,444.0,58.0,39.2,276
46.86674281053866,11.485196037737232,952,4,12.195832,29.3,0.2,789.0,95.0,28.3,207
46.919464128464845,12.070885725317469,2516,11,3.0583332,17.4,-6.4,1285.0,125.0,10.3,21
46.24514047844778,11.756927357702375,2141,12,6.8250003,21.3,-3.4,973.0,117.0,29.0,147
46.935752890780535,11.565351801934952,1910,14,7.0625,22.7,-2.9,920.0,107.0,23.1,353
46.308595530729725,10.945908763463295,2173,3,6.1124997,20.7,-3.3,188.0,23.0,26.4,159
46.54555828322688,12.052992124861618,2526,12,3.5041666,17.3,-6.0,1182.0,120.0,12.9,306
46.55288723424557,10.764334281925588,2016,23,6.7041664,22.0,-3.4,375.0,45.0,24.8,104
46.73342814666471,10.66306337963719,2533,22,3.0708332,17.8,-6.5,805.0,81.0,11.2,165
46.92698531066186,10.730104811793748,2045,20,5.450001,21.1,-4.7,759.0,79.0,14.4,88
46.93990032881977,11.288562829946896,2136,27,5.625,20.4,-3.7,913.0,99.0,19.0,198
46.49675765124996,11.668793572646011,2080,4,6.495834,22.0,-3.9,846.0,101.0,27.9,51
46.25669451681678,11.179422208825752,313,24,16.054167,33.9,2.4,783.0,88.0,18.2,176
46.51816010136098,11.94755401128686,2199,13,5.941667,20.9,-4.4,1066.0,118.0,21.6,234
47.00506227355363,10.91099246434136,3144,7,-0.9500001,12.2,-9.1,1504.0,179.0,21.6,121
46.92063740631493,10.76252290591004,2701,16,1.1375002,15.2,-7.8,1116.0,119.0,14.5,306
46.37438636212087,11.38138913811394,1481,8,10.595834,26.7,-0.2,505.0,65.0,35.9,273
46.81973673251144,11.458790741352535,1885,21,7.3416667,23.1,-2.6,788.0,94.0,26.7,74
46.4029706494677,11.25326833027622,305,3,16.112501,34.2,2.3,788.0,93.0,21.3,147
47.0129054627248,12.06180031419559,1877,20,7.179167,22.9,-3.0,1103.0,124.0,19.8,354
46.77957330130753,12.184548093632024,1279,12,10.45,27.7,-1.7,740.0,92.0,30.0,148
46.95711259218416,10.534907174827977,1596,30,9.191667,25.1,-1.3,721.0,79.0,18.8,342
46.44756468614164,11.578577922493436,1647,6,9.375,25.2,-1.3,672.0,87.0,36.6,253
46.62536878090763,11.258313554943213,1505,7,9.958333,26.1,-0.6,552.0,71.0,36.1,227
46.43931043031153,10.762345938675482,1930,23,6.4874997,22.5,-4.3,311.0,39.0,32.6,114
46.70491413102099,12.134653506457166,1665,17,8.541667,24.6,-2.3,903.0,108.0,27.5,30
46.36902552206705,11.74410680949033,1817,7,8.095834,23.8,-2.7,868.0,110.0,32.8,322
46.55128690215552,12.067740653096308,2711,27,2.5583336,16.0,-6.6,1203.0,116.0,9.8,83
46.26683213939092,11.47087075019766,1132,13,11.895835,28.9,-0.1,595.0,72.0,31.2,356
46.37618802844072,12.293108163840037,1389,26,10.458333,27.0,-1.0,872.0,100.0,25.2,320
46.5392805618194,10.959309483476472,1347,17,10.45,27.1,-0.7,470.0,60.0,35.0,166
46.95807946612239,11.318049879424953,2046,21,6.120834,21.1,-3.3,888.0,101.0,21.3,24
46.98497425085007,11.641947353218082,1870,20,6.7291665,22.4,-3.3,991.0,116.0,23.6,197
46.97504418863358,11.74155336724982,2744,25,1.5791665,15.2,-7.2,1339.0,134.0,11.0,25
46.43818049335856,10.558828510781826,2702,15,1.5083333,16.1,-8.2,637.0,63.0,11.1,129
46.989693348952684,12.08326294584134,2621,10,2.9083335,17.1,-6.2,1380.0,134.0,10.6,134
46.84299611397046,11.125538822566586,2536,17,3.1416664,17.3,-5.7,935.0,92.0,12.5,86
46.77732938887621,11.427064430819522,1655,17,8.512501,24.8,-1.9,729.0,94.0,32.5,321
46.289886334001686,11.360101670086271,1413,9,11.116668,27.3,0.2,496.0,62.0,35.6,170
46.99961228317654,10.504891974652866,2086,17,5.1666665,20.6,-5.0,955.0,94.0,11.4,137
46.51674027877206,11.6042228584047,1813,11,8.245832,24.1,-2.3,719.0,90.0,31.8,258
46.33834279233158,12.215853541652018,968,11,12.095833,29.4,-0.8,798.0,90.0,23.3,11
46.37679448459383,11.334528636888953,1028,8,12.970833,30.1,0.9,578.0,70.0,30.6,346
46.8330320427677,12.292254745212585,2358,14,4.4999995,19.1,-5.4,1281.0,128.0,12.2,229
46.75375661922365,12.008751363014396,1197,12,10.866666,28.0,-1.2,717.0,90.0,30.7,60
47.00986097359815,11.69211250267379,2563,11,2.8333333,17.0,-6.2,1240.0,123.0,11.5,302
46.405506543648194,11.415720617781655,1215,7,11.737499,28.5,0.2,569.0,71.0,33.1,18
46.26083198423826,12.265866946867488,747,14,13.491668,31.1,0.2,862.0,94.0,19.4,22
46.67180092850705,12.369264598955086,1726,14,7.8375,23.7,-3.1,1006.0,116.0,23.3,344
46.32537332348552,11.08554226717904,716,6,14.3875,32.3,1.2,631.0,71.0,24.5,263
46.32120254352067,10.860669145557305,881,4,12.966668,30.2,0.6,568.0,67.0,26.9,346
46.60686436445564,12.266254307203756,1859,4,7.2791667,22.8,-3.5,1069.0,122.0,23.2,53
46.48341465734563,12.079787724451974,1988,19,7.0083327,22.1,-3.6,1078.0,126.0,26.1,332
46.70400427850651,10.56972006949518,2012,17,7.275,22.8,-3.3,530.0,57.0,16.7,248
46.58045590528434,11.492089941302122,1311,26,11.241668,28.0,-0.1,634.0,82.0,35.8,110
46.48038230127976,10.622730905633258,2970,7,-0.10833335,13.5,-8.9,821.0,87.0,14.9,161
46.75604219298602,11.507304573178384,2335,9,4.6833334,19.4,-4.7,903.0,98.0,17.7,35
46.5691425907986,11.47320895191114,1438,11,10.537499,27.0,-0.4,621.0,80.0,35.7,167
46.24887328258821,10.93614140994857,1679,17,8.258333,24.3,-2.7,282.0,37.0,41.7,338
46.37706506360004,10.500961575521494,2402,11,3.5083334,18.9,-6.7,448.0,46.0,12.6,30
46.86517771222835,12.256532796958105,1729,16,7.8375,24.1,-3.2,1043.0,120.0,23.7,239
46.84003237792066,11.15633311884865,1659,32,8.566667,24.5,-1.5,676.0,84.0,30.3,91
46.61129503647988,10.570821732615352,1171,18,11.779166,28.7,-0.0,523.0,61.0,28.3,104
46.84089599162926,12.340710312378434,1696,10,7.808333,24.3,-3.3,1043.0,120.0,23.9,230
46.6453086369077,11.129515420761734,808,29,13.466667,30.7,1.2,651.0,77.0,26.5,99
46.51168514736416,10.707099159654808,2460,14,3.5875003,18.4,-6.0,512.0,53.0,12.2,165
46.798937873725166,12.095256792674723,2010,10,7.308333,22.6,-2.7,1072.0,119.0,19.9,257
46.95396119921037,11.01899200499367,1602,20,8.733334,24.9,-1.6,718.0,87.0,26.9,261
46.53532593154128,11.300434401782702,1220,5,12.054168,28.8,0.6,574.0,72.0,33.7,160
46.99063198088409,10.733210187382126,2047,32,5.7833333,21.1,-4.1,842.0,87.0,13.9,93
46.30061268707166,11.970948080766124,1727,37,9.208334,24.7,-1.5,965.0,113.0,26.8,156
46.93315717133083,12.33743236511348,1697,12,7.445833,23.8,-3.5,1061.0,122.0,22.9,199
46.3623901251227,11.64756979177078,1205,5,11.299999,28.1,-0.5,682.0,85.0,32.9,313
46.97974141566618,10.93373333026729,2298,10,3.8624995,18.8,-5.5,914.0,90.0,11.9,114
46.890533421801344,10.93167169322512,2677,25,1.6374998,16.0,-7.4,1055.0,111.0,13.6,138
46.40493094751388,10.830617088811998,1319,13,10.325,27.3,-1.4,438.0,54.0,34.5,34
46.88700230741398,12.290570793598736,2320,20,4.725,19.5,-5.1,1272.0,129.0,12.6,71
47.0007290752925,10.608680683291023,1356,17,10.608334,26.8,-0.1,741.0,84.0,21.9,345
46.70480348202046,11.469641555854508,2415,4,4.3749995,18.9,-5.1,859.0,91.0,15.3,149
46.54480896714728,10.825693900556209,2677,21,2.4666665,16.3,-6.4,641.0,61.0,11.5,293
47.02240300167802,11.419014315885644,1557,14,9.025,25.3,-1.1,899.0,114.0,28.9,152
46.40807808918285,12.026089553294527,1153,12,11.3875,28.5,-0.8,745.0,90.0,28.7,329
46.941690811868455,10.565713736248668,1726,24,8.370833,24.2,-2.1,712.0,78.0,18.9,49
46.446692540038505,11.231987710805882,973,22,13.108333,30.3,0.7,605.0,73.0,30.9,82
46.90768513579353,10.583499829954238,2005,7,5.8500004,21.8,-4.6,748.0,79.0,15.3,51
46.75093815153864,12.014276946555889,1197,12,10.866666,28.0,-1.2,717.0,90.0,30.7,60
46.45340294986323,11.875332811991097,2142,8,6.2875004,21.3,-4.0,1020.0,118.0,24.7,18
46.43618266311122,11.197428586199266,1519,7,10.308333,26.3,-0.3,447.0,59.0,39.4,279
46.29395544053143,11.427783277238907,1179,5,12.033332,29.1,0.3,580.0,70.0,31.4,203
47.01853474369583,12.173155628627253,2877,8,0.8166668,14.8,-8.2,1493.0,158.0,12.2,39
46.61193590770445,11.42641969016302,1953,19,7.4374995,22.7,-2.5,636.0,79.0,29.5,297
46.50626295438969,12.042634627506224,2274,13,5.3374996,19.7,-4.7,1127.0,123.0,19.3,40
46.917473764102525,11.517360108104072,1385,4,9.858333,26.4,-1.1,834.0,108.0,32.7,277
46.920392938780125,11.475251322278018,1899,19,7.9999995,23.3,-1.6,858.0,101.0,23.2,273
46.79321532996676,12.122319506706203,1999,7,7.2375007,22.5,-2.8,1094.0,120.0,20.0,219
46.72178511170508,11.772350808354702,1736,26,8.6375,24.4,-1.7,825.0,103.0,30.7,29
46.93111828649359,10.854353391235664,2674,33,1.0375,14.6,-7.8,1094.0,116.0,13.8,326
46.821186252301096,11.12717496580091,1741,31,7.85,23.7,-2.4,679.0,82.0,29.4,138
46.67209950038946,10.502611976165198,1255,24,11.133334,28.1,-0.6,554.0,65.0,27.3,152
46.23453583385946,11.449459805996124,1727,9,8.958333,24.3,-1.4,510.0,66.0,37.2,11
46.48925082266362,10.657777405504325,2617,12,2.1125,16.8,-7.4,598.0,59.0,10.6,111
46.43622229507701,11.68198098178949,1657,18,8.804167,24.8,-2.1,744.0,95.0,35.1,116
46.88101240310093,10.51748241536812,1670,20,8.454166,24.5,-2.4,658.0,72.0,19.6,248
46.83512953769762,10.700566516035732,2968,19,-0.7583334,12.5,-9.3,1203.0,134.0,17.7,227
46.89807742077289,11.308788711488384,1507,19,9.4375,25.7,-1.0,771.0,100.0,32.2,41
46.971222733003465,11.683492590949236,2669,15,2.2708333,16.3,-6.6,1277.0,129.0,11.8,289
46.77691818566341,12.253093552594994,2169,15,6.0708337,20.9,-3.9,1207.0,128.0,15.5,169
46.361867751384224,12.27192289055146,1681,19,9.216666,25.0,-1.7,1010.0,115.0,24.5,342
46.69278303516625,10.626460085556806,1613,17,9.350001,25.8,-1.9,492.0,58.0,27.3,277
46.26585805313382,11.661602182812228,2058,8,7.3333335,22.0,-2.8,846.0,103.0,30.8,301
46.826075713243625,12.312276481741502,2476,9,3.8374999,18.3,-5.9,1320.0,127.0,10.3,91
46.53475737563121,11.612011585304645,1819,5,8.379167,24.2,-2.1,727.0,90.0,30.0,269
46.58869698518297,11.297457746744138,1393,5,10.708333,27.1,-0.2,575.0,72.0,34.2,167
46.8867755414064,11.486029345441644,1577,10,9.491667,25.5,-0.7,790.0,102.0,31.8,234
46.29501778570402,10.913346903093002,2210,15,5.6958327,20.2,-3.7,183.0,23.0,28.6,319
46.33397865920743,10.930707706964617,1344,20,10.562501,27.2,-0.8,400.0,50.0,37.6,349
46.81144629726165,10.55905136969427,1749,10,8.016666,24.1,-3.0,609.0,67.0,20.0,176
46.73763443434778,11.285389077483153,2329,23,5.025,19.5,-4.2,756.0,82.0,16.9,88
46.581463949276426,11.921859982654144,1506,5,9.358334,26.2,-2.1,804.0,101.0,32.9,290
46.9410364212108,11.2659540428077,1754,14,7.404167,23.1,-2.6,820.0,98.0,27.6,198
46.79843705531487,12.123868975770474,1999,7,7.2375007,22.5,-2.8,1094.0,120.0,20.0,219
46.60606506860725,12.116829406971762,1617,15,8.812501,25.0,-2.2,901.0,108.0,28.2,182
46.92076091834969,10.847441988422766,2779,34,0.17083323,13.4,-8.5,1155.0,127.0,16.0,308
46.59053273717163,10.78785120409771,1853,6,8.2375,23.7,-1.9,367.0,45.0,29.0,15
46.72784080874053,11.923598878224016,1655,16,9.137501,25.2,-1.5,861.0,105.0,29.1,179
46.95515255675416,11.05059861584194,2280,18,4.4583335,19.3,-5.0,870.0,87.0,12.8,1
46.612680658276695,11.990007190590706,2341,6,4.5458336,19.3,-5.4,1119.0,119.0,16.7,127
46.42646209628406,11.636153820146667,2252,7,5.6958337,20.1,-4.1,825.0,95.0,23.2,124
46.62069677292645,10.87548985466517,684,7,13.883335,31.6,1.1,639.0,72.0,23.1,187
46.48884643331522,11.71883022428564,1793,9,8.095834,24.0,-2.7,825.0,103.0,32.7,104
47.01286505399663,11.310669822034102,1690,22,8.020833,23.8,-1.9,868.0,107.0,28.0,327
46.28711153029152,10.522247316456824,1538,15,9.404166,26.4,-2.8,385.0,46.0,34.7,186
47.00518371205115,11.240169363056369,2283,29,4.4083333,19.0,-4.8,971.0,99.0,13.3,306
46.83197103733451,11.729048395176338,864,4,12.700001,30.2,0.0,790.0,94.0,27.1,290
46.8058873673116,12.198098453355492,1838,20,7.7708335,23.5,-2.8,1062.0,123.0,23.5,91
47.01470444753931,10.953130973053552,2187,21,4.979167,19.8,-4.3,902.0,93.0,13.9,129
46.61334443417285,10.534864091774242,1865,17,7.358333,23.5,-3.7,463.0,53.0,24.7,90
46.97855217751245,11.95123822235963,1304,21,9.891666,26.8,-1.6,867.0,107.0,28.8,330
46.93183166313554,11.4995268938952,2343,13,5.241667,19.5,-3.7,1035.0,104.0,13.5,199
46.51421535823747,12.04232249624943,2127,11,6.095833,20.8,-4.2,1106.0,126.0,22.6,4
46.389310396656846,12.328336657811263,1270,17,10.970834,27.9,-1.0,831.0,94.0,25.0,96
46.38874625074728,11.997579406068825,909,4,12.474999,29.9,-0.2,767.0,88.0,25.0,139
46.9867595187076,11.75410880045096,2468,21,3.2749999,17.4,-5.9,1228.0,122.0,12.0,297
46.97455274707384,10.559582121352888,1359,30,10.479167,26.8,-0.5,728.0,82.0,21.0,303
46.46728676781643,11.646696121451695,2752,6,2.3791666,16.0,-6.7,969.0,94.0,10.3,259
46.79777082971961,12.129191451022471,2083,12,6.7708325,21.9,-3.3,1132.0,122.0,18.3,214
46.7167286647035,11.96548352958047,1757,8,8.3625,24.2,-2.2,917.0,109.0,27.0,219
46.66526352431537,12.173785289771129,1920,18,6.9791665,22.4,-3.6,1061.0,122.0,23.1,245
46.61218839937682,11.966249888975405,2558,13,3.345833,17.6,-6.3,1132.0,112.0,11.4,149
46.81170054036327,11.48486728875108,2161,15,5.875,20.8,-3.5,839.0,93.0,18.9,22
46.74700037142189,11.609922449922207,1243,20,11.083333,27.6,-0.1,732.0,94.0,34.2,126
46.57458494111153,12.130806448390798,1545,29,9.279167,25.6,-2.0,884.0,105.0,28.0,218
46.671448335730894,11.432121540583909,2070,10,6.558334,21.8,-3.3,684.0,81.0,25.4,353
47.02240152156681,10.92771775616366,2735,21,1.4416666,15.2,-7.2,1273.0,140.0,16.0,74
46.55039542081822,10.65296837408688,3007,20,0.1958334,13.9,-8.5,912.0,99.0,15.9,52
46.4345345086258,10.557836250631803,2832,14,0.8500002,15.2,-8.6,721.0,72.0,11.7,174
46.80818245427156,12.124148893086804,2010,11,7.0749993,22.3,-3.0,1104.0,122.0,19.9,288
46.81469361369049,11.676280030122694,1014,24,12.233334,29.4,0.0,779.0,95.0,28.4,145
46.26137506710579,12.34737875264462,838,11,13.3125,31.2,-0.2,878.0,94.0,19.3,354
46.57853250278983,11.582615032555577,1150,3,12.033333,29.3,0.1,657.0,82.0,32.7,21
46.924581129493625,11.41056697719628,1711,15,8.95,24.9,-1.0,814.0,103.0,28.4,135
46.75075299990544,11.983310510558171,1871,8,7.983333,23.5,-2.1,957.0,114.0,25.2,1
46.397112346963645,12.206596829108742,1571,0,9.554167,25.5,-1.6,918.0,108.0,26.9,182
46.417112376219166,12.063797103784337,1829,5,8.408333,24.0,-2.5,1006.0,116.0,26.7,68
46.952921335903646,11.839078682922525,2008,25,6.329167,21.8,-3.7,1091.0,125.0,21.6,81
46.52619097716583,11.683340451492873,1813,9,8.225,24.3,-2.5,797.0,99.0,31.7,340
46.909429323232665,10.838936375263232,2712,30,0.44999996,13.8,-8.4,1096.0,118.0,14.8,298
46.69058997883067,11.60924880107908,1070,19,12.204167,29.4,0.2,714.0,89.0,31.0,135
46.35959657803369,11.609309484152648,1609,12,9.354167,25.3,-1.5,690.0,89.0,36.9,185
46.54704051664272,11.08422058255772,1879,21,8.204167,23.2,-1.3,382.0,49.0,32.7,345
46.69775096664611,10.517403876233208,1145,11,11.8625,29.1,-0.1,584.0,68.0,24.3,109
46.418095877715935,11.242253789038914,452,6,15.429168,33.4,1.8,754.0,86.0,21.5,123
46.36455803064009,10.637953108560108,2116,23,4.9666667,20.3,-5.6,311.0,36.0,23.7,122
46.762198394299176,11.339711782866662,2217,5,5.8375,20.5,-3.4,767.0,85.0,19.3,124
46.42739669488616,11.306258174252186,514,15,15.358334,33.5,1.7,728.0,83.0,22.1,128
46.36285592159384,10.8128784530869,2615,7,3.6333332,17.3,-5.2,493.0,52.0,13.4,63
46.51336434073112,11.632847194302506,2073,10,6.704167,22.3,-3.6,785.0,93.0,27.3,323
46.901299838174126,11.388056322740573,1735,20,8.754167,24.5,-1.1,802.0,99.0,27.9,188
46.91725354596923,11.33520719450942,2236,19,5.7875,20.2,-3.3,949.0,102.0,16.9,206
46.31852652323789,10.885431445161355,927,16,12.658333,29.9,0.4,551.0,65.0,27.9,330
46.32732178555006,12.345589983710978,1186,24,11.545834,28.7,-0.8,851.0,94.0,22.2,312
46.73880994323738,10.597188233502893,2226,21,5.3750005,20.5,-4.8,651.0,64.0,11.2,162
46.4810713356507,12.246822711425366,2311,25,5.2166667,19.7,-4.8,1239.0,128.0,15.4,216
46.77717456867609,11.593825965216675,1359,13,10.341666,26.7,-0.4,744.0,97.0,35.4,15
46.9975583991282,12.34547244313497,2187,20,5.2958336,20.4,-4.7,1279.0,134.0,14.0,302
46.48662214239559,10.533016861699336,2954,22,0.14583333,13.7,-8.6,875.0,92.0,12.8,187
46.618509760672126,11.464659360551895,2117,6,6.5375004,21.6,-3.2,697.0,82.0,24.9,68
46.32952689323755,11.495792185483223,1730,15,9.416667,25.1,-1.2,591.0,77.0,37.3,179
46.790284782182,11.076332892445938,1760,9,7.358333,23.4,-3.0,616.0,74.0,29.0,334
46.37935411196802,10.804164432860825,2573,11,3.5541666,17.4,-5.4,464.0,49.0,13.5,358
46.416132824225606,10.792536952516768,1472,14,9.391667,26.2,-2.3,386.0,49.0,37.1,188
