Datum,Latitude,Longitude,UUID,MOVEMENT_C,MOVEMENT_D,GroundTemperature_K
2024-10-02 00:00:00,46.70025318766257,12.370473526391768,88312458-fa9c-11ef-b94d-ea6559d31cf8,2.0,Gleitung rotational/translational,
2024-03-02 00:00:00,46.72475733759582,11.882005300940516,f1cb0346-bd1d-11ef-84d1-0242ac120012,2.0,Gleitung rotational/translational,
2025-01-26 12:00:00,46.901296913541735,11.432047680262576,e15195c2-0339-11f0-8535-ea6559d31cf8,5.0,Schnelles Fliessen (Mure),
2024-07-20 17:00:00,46.52610318791323,11.734756064414018,0271563c-0f99-11f0-82ec-c270514588df,5.0,Schnelles Fliessen (Mure),
2025-03-19 00:00:00,46.5088767316685,11.109059659637175,d363530c-6864-11f0-ac9d-b2374db36148,7.0,Komplexe Rutschung,
2025-03-25 00:00:00,46.49571262010921,11.13983250671594,ba0b546e-663d-11f0-a89f-f6c58cc4d7d9,2.0,Gleitung rotational/translational,
2025-03-25 00:00:00,46.491476016758654,11.136312461506318,cbe7bd34-6864-11f0-9b77-b2374db36148,2.0,Gleitung rotational/translational,
2025-03-25 00:00:00,46.50697469140433,11.107082649584571,b3e684fa-663d-11f0-a89f-f6c58cc4d7d9,2.0,Gleitung rotational/translational,
2024-03-11 00:00:00,46.566466465786434,11.521634676710686,c307625e-0afa-11f0-84e3-c270514588df,5.0,Schnelles Fliessen (Mure),
2024-06-04 00:00:00,46.75969287038833,11.870043963369994,9b9cd8de-0afa-11f0-abb1-c270514588df,5.0,Schnelles Fliessen (Mure),
2024-04-01 00:00:00,46.94767585473534,11.378002835421038,b5222930-1388-11f0-9c02-c270514588df,2.0,Gleitung rotational/translational,
2024-04-01 00:00:00,46.9473952832723,11.377935236653201,a7a0417a-1388-11f0-9c02-c270514588df,2.0,Gleitung rotational/translational,
2024-04-01 00:00:00,46.94709615408428,11.378690394948324,9a30eb98-1388-11f0-895b-c270514588df,5.0,Schnelles Fliessen (Mure),
2024-04-01 00:00:00,46.946773040112575,11.379843171799802,868dfa7c-1388-11f0-895b-c270514588df,5.0,Schnelles Fliessen (Mure),
2025-04-08 00:00:00,46.526862594226564,11.761390970767248,5f878344-7378-11f0-8574-b2374db36148,2.0,Gleitung rotational/translational,
2024-07-11 09:00:00,46.759936912800676,11.847925174873554,37a0dbcc-0afb-11f0-9778-c270514588df,5.0,Schnelles Fliessen (Mure),
2024-07-13 03:00:00,46.56029869252121,11.626056480960665,b050dfb0-dc82-11ef-9444-0242ac12000f,5.0,Schnelles Fliessen (Mure),
2024-07-11 23:00:00,46.87445344187565,11.632217912804444,71103b34-dc82-11ef-ad9c-0242ac12000f,5.0,Schnelles Fliessen (Mure),
2024-07-15 20:00:00,46.48011221071735,11.262021555596016,66957c4c-d96b-11ef-b0e8-0242ac12000f,2.0,Gleitung rotational/translational,
2024-07-18 04:00:00,46.68544408885043,11.857774480107143,519dec02-d96b-11ef-b0e8-0242ac12000f,5.0,Schnelles Fliessen (Mure),
2024-07-17 18:00:00,46.7067818047877,11.92565708488216,a5216174-f2b1-11ef-8b28-0242ac120004,5.0,Schnelles Fliessen (Mure),
2024-07-12 10:00:00,46.27249442627869,11.257424672285998,773063b4-f2b1-11ef-a786-0242ac120004,5.0,Schnelles Fliessen (Mure),
2024-07-21 17:00:00,46.708081720083406,11.926279832728339,648daf50-f2b1-11ef-a284-0242ac120004,5.0,Schnelles Fliessen (Mure),
2024-10-09 21:00:00,46.55358509632782,11.758732545912775,f89c5246-81b3-11f0-9d27-b2374db36148,2.0,Gleitung rotational/translational,
2025-02-06 00:00:00,46.85197540125251,11.560480684262263,b1a54cec-62f7-11f0-a475-f6c58cc4d7d9,2.0,Gleitung rotational/translational,
2025-03-26 00:00:00,46.47978818163081,11.455724191223666,1d3ea524-660f-11f0-b920-f6c58cc4d7d9,2.0,Gleitung rotational/translational,
2025-03-26 00:00:00,46.478182435378734,11.467852574337355,1a648dfa-660f-11f0-8c80-f6c58cc4d7d9,7.0,Komplexe Rutschung,
2025-03-31 00:00:00,46.450459865617425,11.45070183777107,f87f44d4-660c-11f0-bdff-f6c58cc4d7d9,11.0,Gebiete mit diffus verteilten Oberflächenrutschungen,
2025-03-26 10:30:00,46.43594137031846,11.467217193009596,fdab5fce-660c-11f0-9c99-f6c58cc4d7d9,2.0,Gleitung rotational/translational,
2025-04-08 09:30:00,46.47662379967731,11.491657574780866,46b884a8-660d-11f0-a7e7-f6c58cc4d7d9,2.0,Gleitung rotational/translational,
2025-04-09 12:00:00,46.52636050371843,11.517000035723958,432c3a3c-660d-11f0-894b-f6c58cc4d7d9,7.0,Komplexe Rutschung,
2025-04-09 10:00:00,46.488196303597036,11.418447830881261,40d2bbd0-660d-11f0-9fbd-f6c58cc4d7d9,2.0,Gleitung rotational/translational,
2025-07-02 08:00:00,46.667431906299925,11.024598813953677,2171af3c-71cd-11f0-9abc-b2374db36148,5.0,Schnelles Fliessen (Mure),
2020-10-01 00:00:00,46.65523772300796,11.90360360247025,04e6d318-6897-11f0-bea8-b2374db36148,2.0,Gleitung rotational/translational,276.68359375
2020-12-07 00:00:00,46.42706997495975,11.347703441683286,62ff62ec-f88a-11ec-a2b8-0242ac13000d,5.0,Schnelles Fliessen (Mure),273.1602783203125
2020-12-07 00:00:00,46.602179328322414,11.200975361133583,18ad6a22-f88a-11ec-b4f3-0242ac13000d,2.0,Gleitung rotational/translational,273.1602783203125
2021-06-18 00:00:00,46.57658896543343,11.382062629554724,0bb2d894-562a-11ee-aa67-0242ac13000b,5.0,Schnelles Fliessen (Mure),290.968505859375
2021-06-18 00:00:00,46.593661967163,11.426217980144369,2fec1204-f887-11ec-8f15-0242ac13000d,2.0,Gleitung rotational/translational,290.968505859375
2021-06-18 00:00:00,46.599732907509264,11.419727224932666,8952a19c-f886-11ec-abd1-0242ac13000d,2.0,Gleitung rotational/translational,290.968505859375
2021-06-18 00:00:00,46.57947246653492,11.413999309044733,df391e98-f885-11ec-accc-0242ac13000d,2.0,Gleitung rotational/translational,290.968505859375
2021-06-18 00:00:00,46.568953937936435,11.404111130242566,8a231b7a-f885-11ec-b340-0242ac13000d,2.0,Gleitung rotational/translational,290.968505859375
2021-06-18 00:00:00,46.563171896007695,11.388440045121506,3dd7adb2-f885-11ec-933a-0242ac13000d,2.0,Gleitung rotational/translational,290.968505859375
2021-06-18 00:00:00,46.55797584744096,11.38475725050779,335d9f0a-f884-11ec-8050-0242ac13000d,2.0,Gleitung rotational/translational,290.968505859375
2022-07-01 00:00:00,46.29067917124432,11.209115251713408,cf2d2d2a-b9f8-11ed-aac4-0242ac130003,2.0,Gleitung rotational/translational,292.91748046875
2021-07-06 00:00:00,46.59823943319239,11.547703792171662,bd494554-f88c-11ec-858d-0242ac13000d,2.0,Gleitung rotational/translational,287.53271484375
2022-05-19 00:00:00,46.81995606438851,11.76253150038226,d485c23e-b9f1-11ed-beb0-0242ac130003,2.0,Gleitung rotational/translational,286.16162109375
2022-04-19 00:00:00,46.62033102857871,11.556723197137508,3d498a4a-b9f1-11ed-a8bd-0242ac130003,2.0,Gleitung rotational/translational,279.01416015625
2022-03-14 00:00:00,46.31551177362087,11.301302511742765,f9e8b58a-b9e8-11ed-8ebb-0242ac130003,2.0,Gleitung rotational/translational,275.43115234375
2021-06-17 00:00:00,46.56778460464475,11.540068770566688,d79aca54-cae7-11ec-a82e-0242ac13000d,5.0,Schnelles Fliessen (Mure),291.1142578125
2021-06-17 00:00:00,46.577920496571245,11.38305556409154,55151b5e-cafe-11ec-a5fe-0242ac13000d,5.0,Schnelles Fliessen (Mure),290.4599609375
2021-08-05 00:00:00,46.84585337775442,11.977607920007483,c33e0ce4-cafe-11ec-9be2-0242ac13000d,2.0,Gleitung rotational/translational,284.81689453125
2021-06-18 04:00:00,46.563515403981555,11.535036509633757,54fe5cfc-cae5-11ec-baee-0242ac13000d,2.0,Gleitung rotational/translational,290.779296875
2021-06-18 00:00:00,46.577628994736166,11.43701524099499,d9ff7544-cae5-11ec-a4b9-0242ac13000d,2.0,Gleitung rotational/translational,290.968505859375
2021-06-18 00:00:00,46.593094526093836,11.405581659695024,35dc4920-cae4-11ec-8a8f-0242ac13000d,2.0,Gleitung rotational/translational,290.968505859375
2021-06-18 00:00:00,46.59887056218217,11.411622135332376,6d733fba-cb02-11ec-bb84-0242ac13000d,2.0,Gleitung rotational/translational,290.968505859375
2021-08-04 00:00:00,46.83778337652303,11.774752995740137,9d5b59f2-7321-11ed-a180-0242ac13000b,5.0,Schnelles Fliessen (Mure),284.970458984375
2015-09-14 15:30:00,46.721010694625555,11.328381045912938,5b06d8c4-7321-11ed-b705-0242ac13000b,2.0,Gleitung rotational/translational,285.942138671875
2015-09-14 15:30:00,46.72111417785404,11.329902610303519,29fbd932-7321-11ed-b705-0242ac13000b,2.0,Gleitung rotational/translational,285.942138671875
2021-06-18 00:00:00,46.597283642577345,11.432862241925898,3ce3b582-cb02-11ec-9cae-0242ac13000d,2.0,Gleitung rotational/translational,290.968505859375
2021-06-18 00:00:00,46.59965871775758,11.43278984344614,2951106c-cae6-11ec-99ea-0242ac13000d,2.0,Gleitung rotational/translational,290.968505859375
2021-06-18 00:00:00,46.605993225706406,11.436878943488692,056ccd32-cb02-11ec-9e5b-0242ac13000d,2.0,Gleitung rotational/translational,287.005615234375
2021-06-18 00:00:00,46.60144960649895,11.45015609788701,a71f272a-cae3-11ec-8855-0242ac13000d,2.0,Gleitung rotational/translational,290.968505859375
2020-08-11 00:00:00,46.83717751481528,11.746833948494643,fcac6b12-cae3-11ec-8d2f-0242ac13000d,2.0,Gleitung rotational/translational,288.642822265625
2020-08-11 00:00:00,46.80178212056506,11.795499132326379,02c59a42-cb01-11ec-801d-0242ac13000d,2.0,Gleitung rotational/translational,288.623291015625
2020-12-06 00:00:00,46.651279591892994,11.056340299887038,5a343280-cb00-11ec-b654-0242ac13000d,2.0,Gleitung rotational/translational,273.159912109375
2019-11-16 00:00:00,46.702210179212884,11.620871683956446,b9768842-cae2-11ec-84ed-0242ac13000d,2.0,Gleitung rotational/translational,272.97552490234375
2017-12-27 00:00:00,46.62652354124516,10.943841935189424,864bf798-4e46-11ee-a00a-0242ac13000b,2.0,Gleitung rotational/translational,270.366455078125
2016-06-28 03:00:00,46.52151048099524,11.264253569060376,9742ad98-0447-11ed-9000-0242ac13000d,2.0,Gleitung rotational/translational,288.197265625
2016-04-15 00:00:00,46.64861464532045,11.854056145315123,2b81ea80-0459-11ed-929d-0242ac13000d,2.0,Gleitung rotational/translational,272.995361328125
2016-04-15 00:00:00,46.64787034984689,11.852191378140448,de5e6e34-045a-11ed-9f68-0242ac13000d,2.0,Gleitung rotational/translational,272.995361328125
2016-07-12 17:30:00,46.58106323102008,11.912079676236733,aa117746-0448-11ed-8c62-0242ac13000d,2.0,Gleitung rotational/translational,288.788818359375
2021-01-24 00:00:00,46.672142602768986,11.169187763553072,65b6bcec-f88f-11ec-9bf8-0242ac13000d,2.0,Gleitung rotational/translational,269.166259765625
2021-01-26 00:00:00,46.65029430118548,11.135805778161394,304ac8fc-f892-11ec-b21d-0242ac13000d,2.0,Gleitung rotational/translational,265.77178955078125
2021-02-27 00:30:00,46.76298064219909,12.066583086650137,460ad1c4-f8b4-11ec-b985-0242ac13000d,2.0,Gleitung rotational/translational,268.843994140625
2021-02-26 00:00:00,46.56474211054189,11.336796933951172,7c7a31b4-f8b9-11ec-965e-0242ac13000d,2.0,Gleitung rotational/translational,272.5703125
2015-09-14 15:30:00,46.721186155253,11.328648971632836,4e886a3c-3031-11ed-9617-0242ac13000d,2.0,Gleitung rotational/translational,285.942138671875
2016-08-30 00:00:00,46.60242389448595,11.915646191873424,b1bdbda0-3031-11ed-a080-0242ac13000d,2.0,Gleitung rotational/translational,283.294921875
2022-08-01 00:00:00,46.63163640711229,10.715930680815411,348bbee0-a2e6-11ed-acab-0242ac13000f,2.0,Gleitung rotational/translational,287.315673828125
2022-09-06 00:00:00,46.46832642739838,11.2306621940898,f107daa6-c03a-11ed-8172-0242ac130003,2.0,Gleitung rotational/translational,292.201904296875
2022-08-31 00:00:00,46.72296137453804,11.955631857260682,e587c12c-c03b-11ed-b80b-0242ac130003,2.0,Gleitung rotational/translational,285.771240234375
2022-08-31 00:00:00,46.72296708943532,11.951003130370454,627b2642-c03c-11ed-b5f8-0242ac130003,2.0,Gleitung rotational/translational,285.771240234375
2022-12-04 00:00:00,46.50540291235454,11.502401596184503,200586a6-c35f-11ed-9244-0242ac130003,2.0,Gleitung rotational/translational,273.5673828125
2019-11-15 00:00:00,46.75554984880892,12.239903279222485,b51f4d48-1b3a-11ee-b7b8-0242ac13000b,5.0,Schnelles Fliessen (Mure),270.867431640625
2019-11-15 00:00:00,46.758055890427954,12.24458847920171,28321066-1b3d-11ee-9f49-0242ac13000b,5.0,Schnelles Fliessen (Mure),270.867431640625
2019-11-30 00:00:00,46.760134716077644,12.23768784317942,e96ceff8-1be7-11ee-a75c-0242ac13000b,2.0,Gleitung rotational/translational,264.9248046875
2019-11-30 00:00:00,46.74363326221582,12.228961150062972,fd7b3a94-1cc9-11ee-bf5a-0242ac13000b,2.0,Gleitung rotational/translational,264.5166015625
2021-06-24 00:00:00,46.632040004387676,10.714924020369716,d7ddf050-a2e5-11ed-ba1b-0242ac13000f,11.0,Gebiete mit diffus verteilten Oberflächenrutschungen,285.987060546875
2019-07-01 00:00:00,46.759081908167865,12.26130706815689,0508ba4a-1efd-11ee-847e-0242ac13000b,2.0,Gleitung rotational/translational,288.671630859375
2019-07-01 00:00:00,46.7613255142583,12.240269943451406,3631d7ec-1f29-11ee-a347-0242ac13000b,2.0,Gleitung rotational/translational,288.671630859375
2019-11-01 00:00:00,46.741654780876345,12.22789888865138,07b20b46-1cca-11ee-8395-0242ac13000b,2.0,Gleitung rotational/translational,276.10321044921875
2019-12-01 00:00:00,46.743625325976645,12.220102462111294,6b0d0c08-5c6d-11ee-baa5-0242ac13000b,2.0,Gleitung rotational/translational,261.7314147949219
2022-06-14 00:00:00,46.760346090155636,11.783954816123524,b5b07212-c362-11ed-b4e5-0242ac130003,7.0,Komplexe Rutschung,285.4814453125
2022-08-05 17:30:00,46.686077656924304,11.892476423846905,3df94fa4-c363-11ed-9a4b-0242ac130003,5.0,Schnelles Fliessen (Mure),291.879638671875
2022-08-05 17:30:00,46.68471838140809,11.89388406720843,832947aa-c363-11ed-a9d2-0242ac130003,5.0,Schnelles Fliessen (Mure),291.879638671875
2021-08-16 00:00:00,46.95368408625623,11.362479254241515,8f0e7d28-c41d-11ed-9f4d-0242ac130003,2.0,Gleitung rotational/translational,288.52783203125
2021-03-19 00:00:00,46.788499996499816,11.950766690415678,6f0c903e-179c-11ec-bd5d-0242ac130002,2.0,Gleitung rotational/translational,262.382080078125
2021-08-05 00:00:00,46.9189940225061,11.798804122252683,f2923a9c-47b9-11ec-8af6-0242ac13000d,2.0,Gleitung rotational/translational,281.81591796875
2021-08-05 00:00:00,46.92023130520921,11.790426888456318,33508812-47bb-11ec-b403-0242ac13000d,2.0,Gleitung rotational/translational,281.81591796875
2021-08-05 00:00:00,46.92170271868026,11.790269396827455,744c7fe2-47bb-11ec-a6b8-0242ac13000d,2.0,Gleitung rotational/translational,281.81591796875
2021-08-05 00:00:00,46.835484134011736,11.478829872683807,6f743094-47bd-11ec-a502-0242ac13000d,5.0,Schnelles Fliessen (Mure),282.59228515625
2021-05-27 00:00:00,47.02531923200996,12.041348479971282,49bda84e-4c90-11ec-834d-0242ac13000d,2.0,Gleitung rotational/translational,272.431640625
2021-05-30 00:00:00,46.89561728436122,11.866584474230141,ced9d286-4c91-11ec-9861-0242ac13000d,2.0,Gleitung rotational/translational,277.20166015625
2021-05-28 10:45:00,46.60366455436444,11.613648663238902,4a4218b0-4c93-11ec-b587-0242ac13000d,2.0,Gleitung rotational/translational,290.049560546875
2021-05-25 00:00:00,46.58786135945356,11.208976376164053,39277596-5294-11ec-8087-0242ac13000d,2.0,Gleitung rotational/translational,282.201416015625
2021-05-04 00:00:00,46.70418478455445,11.872162419463697,8751ee12-5295-11ec-8250-0242ac13000d,2.0,Gleitung rotational/translational,273.213134765625
2021-06-04 00:00:00,46.72314481161225,11.954156204614048,5e63b688-5296-11ec-9454-0242ac13000d,2.0,Gleitung rotational/translational,282.89990234375
2021-10-05 00:00:00,46.54268073532477,11.326379904082538,243e2de6-b04a-11ec-a59c-0242ac13000d,2.0,Gleitung rotational/translational,286.747802734375
2021-08-05 00:00:00,46.866192728605895,11.513296249032317,e6c36268-47be-11ec-ab1e-0242ac13000d,2.0,Gleitung rotational/translational,282.59228515625
2021-06-10 00:00:00,46.61713294732987,11.866765119131644,c28cea70-585d-11ee-8594-0242ac13000b,2.0,Gleitung rotational/translational,281.9189453125
2018-01-09 06:10:00,46.60975414430544,10.781621323699675,acf80e96-c566-11ec-8cc0-0242ac13000d,5.0,Schnelles Fliessen (Mure),273.16015625
2021-04-13 00:00:00,46.72649965208715,11.21345889358257,97e2b12c-bb17-11ec-a54d-0242ac13000d,2.0,Gleitung rotational/translational,272.22021484375
2021-06-09 00:00:00,46.54774589060285,11.69544092799202,f4dd460c-d361-11ef-b025-0242ac120003,2.0,Gleitung rotational/translational,281.62646484375
2021-08-15 19:00:00,46.74039941434829,11.435773041019981,b9f3c8d0-38c4-11ec-8e0a-0242ac130002,2.0,Gleitung rotational/translational,289.07275390625
2021-08-05 00:00:00,46.56569779003112,11.52480224307359,d60a9f16-3e60-11ec-a759-0242ac13000d,2.0,Gleitung rotational/translational,287.14306640625
2021-07-13 00:00:00,46.252632675281745,11.253602783375406,4e5f49b6-25bc-11ec-abbc-0242ac130002,2.0,Gleitung rotational/translational,293.029052734375
2021-08-05 00:00:00,46.91499097215181,11.69023325235342,2565a18a-25db-11ec-a20e-0242ac130002,2.0,Gleitung rotational/translational,281.32080078125
2021-08-05 00:00:00,46.88300081672436,11.719059773228315,4047b88c-25de-11ec-823f-0242ac130002,2.0,Gleitung rotational/translational,285.33837890625
2021-08-09 00:00:00,46.8920815335991,11.407146326332382,ad6bea96-25de-11ec-83a5-0242ac130002,2.0,Gleitung rotational/translational,283.76220703125
2021-08-05 00:00:00,46.439694016427765,11.479957914985631,7bad5f94-3899-11ec-b20a-0242ac130002,2.0,Gleitung rotational/translational,285.04345703125
2021-08-05 00:00:00,46.87713260842906,11.492272443680097,fc0d508c-2786-11ec-9924-0242ac130002,2.0,Gleitung rotational/translational,282.59228515625
2021-08-09 00:00:00,46.89012953717707,11.455083352876368,22ceb5e8-389a-11ec-82e3-0242ac130002,2.0,Gleitung rotational/translational,283.76220703125
2021-08-05 00:00:00,46.48512789628533,11.438533921734685,aaa42eb6-389b-11ec-aac5-0242ac130002,2.0,Gleitung rotational/translational,288.87744140625
2021-08-05 00:00:00,46.53931421594158,11.388833833101238,a1bf39c0-389c-11ec-8aad-0242ac130002,2.0,Gleitung rotational/translational,286.90576171875
2021-08-08 00:00:00,46.87557337934325,11.49720301415909,e7f7b3e0-389c-11ec-aba8-0242ac130002,2.0,Gleitung rotational/translational,285.0810546875
2020-12-08 00:00:00,46.48833504854909,11.24696177673015,4a2cd72a-4860-11ec-8b77-0242ac13000d,2.0,Gleitung rotational/translational,271.7713317871094
2020-12-05 00:00:00,46.48020445847947,11.26211888112004,959df324-4879-11ec-9060-0242ac13000d,2.0,Gleitung rotational/translational,272.95697021484375
2021-08-01 00:00:00,46.650196641680076,11.361238427619169,801b88e4-389e-11ec-9225-0242ac130002,2.0,Gleitung rotational/translational,286.236083984375
2021-08-08 00:00:00,46.87631852966007,11.424746909111175,f74a9b4e-389e-11ec-a2e0-0242ac130002,2.0,Gleitung rotational/translational,284.6953125
2021-08-08 00:00:00,46.86259739826822,11.484053217456223,43c20818-389f-11ec-8478-0242ac130002,2.0,Gleitung rotational/translational,285.0810546875
2021-08-15 19:00:00,46.74019373594007,11.437264466866798,1c90eb22-38c4-11ec-9e7a-0242ac130002,2.0,Gleitung rotational/translational,289.07275390625
2020-12-05 00:00:00,46.56460914288428,11.52396537711623,9b0dbf88-3e60-11ec-855a-0242ac13000d,2.0,Gleitung rotational/translational,272.85736083984375
2020-12-05 00:00:00,46.26870126445248,11.241097905787203,81004bd0-487c-11ec-87fd-0242ac13000d,2.0,Gleitung rotational/translational,273.16009521484375
2020-06-22 00:00:00,46.92747877937543,11.98977417877497,583b2802-a14e-11ec-ba7c-0242ac13000d,5.0,Schnelles Fliessen (Mure),281.716796875
2021-08-05 00:00:00,46.9021462855348,11.878095559361153,ecaae614-4175-11ec-8520-0242ac13000d,2.0,Gleitung rotational/translational,283.04833984375
2021-08-05 00:00:00,46.89989438416883,11.852021483227517,6c0edb86-4176-11ec-8167-0242ac13000d,2.0,Gleitung rotational/translational,283.04833984375
2021-08-05 00:00:00,46.89643407515389,11.865901557067136,a9036e6c-4176-11ec-a51f-0242ac13000d,2.0,Gleitung rotational/translational,283.04833984375
2021-08-05 00:00:00,46.89646703882785,11.867395073291538,f647f378-4176-11ec-a2a7-0242ac13000d,2.0,Gleitung rotational/translational,283.04833984375
2021-08-05 00:00:00,46.89637252373677,11.844160396863264,2b9ddec0-4177-11ec-a300-0242ac13000d,2.0,Gleitung rotational/translational,283.04833984375
2021-04-01 17:00:00,46.676032779514564,11.895321555901058,c30a7a68-4887-11ec-a1e7-0242ac13000d,2.0,Gleitung rotational/translational,273.160400390625
2021-02-08 00:00:00,46.24790657535332,11.230960311297313,9b9802f6-4888-11ec-aeb1-0242ac13000d,2.0,Gleitung rotational/translational,273.15960693359375
2021-04-15 00:00:00,46.560657823103696,11.339124968962542,78df5fa0-4876-11ec-b78c-0242ac13000d,2.0,Gleitung rotational/translational,273.03546142578125
2021-02-04 00:00:00,46.747874092605635,11.197447381450196,08468b20-4889-11ec-ab4f-0242ac13000d,2.0,Gleitung rotational/translational,271.638427734375
2020-12-07 00:00:00,46.56973848954456,11.06542309194517,d0b4fd04-488d-11ec-9dbe-0242ac13000d,2.0,Gleitung rotational/translational,272.8341064453125
2021-08-17 00:00:00,46.648497826385174,11.22636687849305,10ee6caa-4714-11ec-b947-0242ac13000d,2.0,Gleitung rotational/translational,286.20751953125
2021-02-12 00:00:00,46.66144823083201,11.550094220510193,55b78492-488c-11ec-969f-0242ac13000d,2.0,Gleitung rotational/translational,261.78173828125
2024-06-13 00:00:00,46.468636679615486,11.576134001648716,bd9806b2-f5b4-11ef-9ed6-0242ac120004,5.0,Schnelles Fliessen (Mure),
2024-05-31 00:00:00,46.44344118495835,11.54741290211031,090ea63a-0afc-11f0-9e60-c270514588df,5.0,Schnelles Fliessen (Mure),
2024-06-17 08:00:00,46.63950116804336,11.82720584631784,8d859964-6899-11f0-9cc6-b2374db36148,7.0,Komplexe Rutschung,
2024-06-14 12:00:00,46.42571258112106,11.518282439974453,14d7d47e-1389-11f0-bc40-c270514588df,5.0,Schnelles Fliessen (Mure),
2024-04-01 00:00:00,46.52595188593724,11.254519342555655,d35f0848-0afd-11f0-9666-c270514588df,2.0,Gleitung rotational/translational,
2024-04-01 00:00:00,46.53001328128115,11.260522868319415,573a2088-0afb-11f0-8720-c270514588df,2.0,Gleitung rotational/translational,
2023-10-31 00:00:00,46.54784487281458,11.526224242529624,b00b3896-acb4-11ef-8f32-0242ac120012,5.0,Schnelles Fliessen (Mure),282.705322265625
2023-10-31 00:00:00,46.57324028392899,11.530836104275089,3e93dbb6-b2f2-11ef-a893-0242ac120012,2.0,Gleitung rotational/translational,282.705322265625
2024-04-01 11:00:00,46.58330328739591,11.167226915109623,3ddf370c-0bad-11ef-b4aa-0242ac120003,2.0,Gleitung rotational/translational,
2023-08-27 00:00:00,46.39199813061816,11.482740839096952,f72975e8-96c1-11ef-837a-0242ac120010,2.0,Gleitung rotational/translational,288.64306640625
2024-04-02 00:00:00,46.38303068367002,11.272011655078606,1e9c745e-f2b6-11ef-9170-0242ac120004,2.0,Gleitung rotational/translational,
2024-05-22 00:00:00,46.413875918142,11.494176214619394,461c69ca-df07-11ef-9e26-0242ac12000f,5.0,Schnelles Fliessen (Mure),
2024-02-12 00:00:00,46.661553965502875,11.187660233289547,02257356-0f9a-11f0-b85e-c270514588df,7.0,Komplexe Rutschung,
2024-04-03 18:00:00,46.38311065436588,11.282819980970343,8f58c23c-d96c-11ef-bdf0-0242ac12000f,2.0,Gleitung rotational/translational,
2024-03-02 00:00:00,46.72428011180981,11.880097661211282,b8d53206-bd1c-11ef-8969-0242ac120012,2.0,Gleitung rotational/translational,
2024-03-05 00:00:00,46.480319154985,11.262216920293232,87b91e36-6950-11f0-bd0c-b2374db36148,2.0,Gleitung rotational/translational,
2024-06-02 05:00:00,46.68658413249887,10.607653928695285,faecc6a0-6865-11f0-bda7-b2374db36148,2.0,Gleitung rotational/translational,
2023-10-30 00:00:00,46.57910727148798,11.611715682593298,adb9c158-96a6-11ef-958f-0242ac120010,2.0,Gleitung rotational/translational,280.099853515625
2023-10-30 00:00:00,46.53716167219623,11.777808740454702,f3e3e35c-96a6-11ef-af7f-0242ac120010,2.0,Gleitung rotational/translational,277.063720703125
2023-10-31 00:00:00,46.350618864502486,11.336702328446819,ab0983e0-b2f2-11ef-9067-0242ac120012,2.0,Gleitung rotational/translational,281.946044921875
2023-10-30 00:00:00,46.57215506266891,10.553655035937254,3054da62-96a7-11ef-958f-0242ac120010,2.0,Gleitung rotational/translational,274.289306640625
2023-11-03 00:00:00,46.60912322891836,11.379946604604307,60e16308-96a7-11ef-958f-0242ac120010,2.0,Gleitung rotational/translational,275.989501953125
2023-10-31 12:00:00,46.806483191776536,11.98692750772681,a196bfd8-96a7-11ef-958f-0242ac120010,2.0,Gleitung rotational/translational,280.096435546875
2023-11-03 00:00:00,46.601681612032486,11.585994101332837,d0fbad10-96a7-11ef-958f-0242ac120010,2.0,Gleitung rotational/translational,278.337158203125
2023-11-03 00:00:00,46.56545600844298,11.552435850506996,fad1cade-96a7-11ef-958f-0242ac120010,2.0,Gleitung rotational/translational,278.337158203125
2023-11-03 00:00:00,46.42576986456934,11.349238433020709,26a88c10-96a8-11ef-924e-0242ac120010,5.0,Schnelles Fliessen (Mure),279.812744140625
2023-11-03 11:00:00,46.31443709945472,11.278788704654215,496eccaa-96a8-11ef-99f8-0242ac120010,2.0,Gleitung rotational/translational,278.547607421875
2023-11-03 11:00:00,46.22945353763133,11.212943563568222,0dc32258-b2f2-11ef-a893-0242ac120012,2.0,Gleitung rotational/translational,279.266357421875
2023-11-02 00:00:00,46.69561174491313,10.50051741685961,52fa8a82-96aa-11ef-9d2c-0242ac120010,2.0,Gleitung rotational/translational,275.0830078125
2023-11-03 00:00:00,46.80109409501621,11.662994011523448,991f20c2-96aa-11ef-924e-0242ac120010,2.0,Gleitung rotational/translational,278.706298828125
2023-11-03 00:00:00,46.582572154155315,11.170930925684006,06872b2c-0633-11ef-af62-0242ac120003,2.0,Gleitung rotational/translational,279.093994140625
2023-11-03 00:00:00,46.52411707917843,10.93426944572017,dcf2d8b0-b2f3-11ef-bb54-0242ac120012,2.0,Gleitung rotational/translational,273.075439453125
2024-03-13 11:30:00,46.59762968705877,11.570508785365918,f39c98dc-0f99-11f0-8c4c-c270514588df,7.0,Komplexe Rutschung,
2024-03-12 05:00:00,46.59691874403544,11.094513914729603,b070fca0-f2b2-11ef-a967-0242ac120004,2.0,Gleitung rotational/translational,
2024-04-02 05:00:00,46.43282911967888,11.472422927143345,e5cda810-df09-11ef-9618-0242ac12000f,2.0,Gleitung rotational/translational,
2024-05-21 10:00:00,46.84324955842111,11.968106683310827,a0b0aba2-f4f7-11ef-8272-0242ac120004,2.0,Gleitung rotational/translational,
2024-05-24 06:45:00,46.686406728138344,10.607550741604877,c3296dce-0f99-11f0-8c42-c270514588df,2.0,Gleitung rotational/translational,
2024-06-03 04:00:00,46.754869616944674,11.874286525138874,1e4adb3a-f513-11ef-979e-0242ac120004,7.0,Komplexe Rutschung,
2024-06-02 00:00:00,46.439498128533565,11.47761402508884,42691fd6-f513-11ef-bd00-0242ac120004,2.0,Gleitung rotational/translational,
2023-11-03 00:00:00,46.52901221123396,11.27997003803938,d6e19702-96c1-11ef-9efe-0242ac120010,2.0,Gleitung rotational/translational,281.102783203125
2023-11-03 16:00:00,46.455476878802,11.25440447063902,1053efe6-b2f4-11ef-b57a-0242ac120012,2.0,Gleitung rotational/translational,278.95404052734375
2024-04-01 08:00:00,46.23927659586938,11.225513058209712,7c84bd1c-df09-11ef-b544-0242ac12000f,2.0,Gleitung rotational/translational,
2024-04-01 02:00:00,46.3156339924021,11.299530249305365,5ea758b8-df09-11ef-9716-0242ac12000f,2.0,Gleitung rotational/translational,
2024-04-01 02:00:00,46.322935119263136,11.303619659671785,413c329e-df09-11ef-a08b-0242ac12000f,2.0,Gleitung rotational/translational,
2024-04-01 02:00:00,46.33341453789939,11.307651372181276,f7b6931a-0bd3-11f0-bc6c-c270514588df,5.0,Schnelles Fliessen (Mure),
2024-04-01 02:00:00,46.573562823121115,11.355977499842693,8f3b63ce-0bb5-11f0-b60f-c270514588df,2.0,Gleitung rotational/translational,
2024-04-01 02:00:00,46.542999464422834,11.328247680633824,0e379888-d96f-11ef-9924-0242ac12000f,2.0,Gleitung rotational/translational,
2024-04-01 02:00:00,46.94452006902365,11.378661593727273,6416a3ae-1388-11f0-864d-c270514588df,5.0,Schnelles Fliessen (Mure),
2024-04-01 02:00:00,46.623146051905536,11.51199615031822,8a2e3628-d96e-11ef-bd60-0242ac12000f,7.0,Komplexe Rutschung,
2024-06-13 00:00:00,46.48020777168455,11.50337838596804,d0049c34-f5b4-11ef-9ed6-0242ac120004,2.0,Gleitung rotational/translational,
2024-05-21 00:00:00,46.681938245527014,10.916725614609456,cd92099a-0afa-11f0-96b9-c270514588df,7.0,Komplexe Rutschung,
2023-07-18 00:00:00,46.71520152862446,11.9028489381328,aaa60ae0-acad-11ef-baee-0242ac120012,2.0,Gleitung rotational/translational,288.721923828125
2023-07-27 00:00:00,46.278591685425845,11.28441497185749,ebcbeb1e-acb4-11ef-b860-0242ac120012,5.0,Schnelles Fliessen (Mure),285.62548828125
2023-08-07 00:00:00,46.61926955856876,11.553090970041982,23919444-96a4-11ef-870d-0242ac120010,5.0,Schnelles Fliessen (Mure),283.68212890625
2023-07-03 21:00:00,46.437998417005105,11.47776059362148,6dfbac5c-b087-11ef-b4f7-0242ac120012,5.0,Schnelles Fliessen (Mure),288.232421875
2023-08-28 00:00:00,46.60710453296572,11.139770722003448,a0c467a4-06f6-11ef-a2e5-0242ac120003,2.0,Gleitung rotational/translational,290.029296875
2023-08-31 00:00:00,46.451371049023166,11.466460364625348,c91bb566-b085-11ef-b5c4-0242ac120012,2.0,Gleitung rotational/translational,286.695068359375
2023-09-04 00:00:00,46.5587549670059,10.56120267449884,2d851874-06f6-11ef-b897-0242ac120003,2.0,Gleitung rotational/translational,282.056640625
2019-09-29 14:00:00,46.98609443925796,11.200891000363136,random-0001-no-landslide,99.0,No Rutschung,282.635498046875
2019-12-03 09:00:00,46.35362342124306,11.61998250690712,random-0002-no-landslide,99.0,No Rutschung,267.099609375
2018-02-18 19:00:00,46.59495397592836,10.687466121493449,random-0003-no-landslide,99.0,No Rutschung,258.64288330078125
2024-05-08 20:00:00,46.24583603047749,11.824582059701509,random-0004-no-landslide,99.0,No Rutschung,
2023-08-26 22:00:00,46.37416179141298,10.897582234165078,random-0005-no-landslide,99.0,No Rutschung,287.7314453125
2016-08-30 21:00:00,46.71624730492222,11.655180738311099,random-0006-no-landslide,99.0,No Rutschung,288.678955078125
2019-02-01 11:00:00,46.46123281951834,11.308235643451416,random-0007-no-landslide,99.0,No Rutschung,275.45068359375
2020-06-28 06:00:00,46.46196144119681,10.761364813828123,random-0008-no-landslide,99.0,No Rutschung,282.357177734375
2022-01-09 16:00:00,46.53384191588461,11.656872113061226,random-0009-no-landslide,99.0,No Rutschung,264.24871826171875
2024-07-22 09:00:00,46.77088696922051,12.108568234269761,random-0010-no-landslide,99.0,No Rutschung,
2024-04-25 17:00:00,46.979319592164224,10.52532231202321,random-0011-no-landslide,99.0,No Rutschung,
2023-10-07 03:00:00,46.47188518655179,12.012184976899581,random-0012-no-landslide,99.0,No Rutschung,279.843505859375
2020-05-20 02:00:00,46.77323953248494,10.951224459607786,random-0013-no-landslide,99.0,No Rutschung,272.640380859375
2023-06-29 20:00:00,46.54068525962174,10.824701709863394,random-0014-no-landslide,99.0,No Rutschung,287.932373046875
2018-06-08 05:00:00,46.47753368964874,11.739405010188541,random-0015-no-landslide,99.0,No Rutschung,281.32177734375
2019-12-19 05:00:00,46.681266753230766,10.889359199766256,random-0016-no-landslide,99.0,No Rutschung,266.614013671875
2024-06-24 21:00:00,46.84635516033129,12.31359811525641,random-0017-no-landslide,99.0,No Rutschung,
2022-01-30 18:00:00,46.96694953930842,11.239431014854278,random-0018-no-landslide,99.0,No Rutschung,264.3221435546875
2018-07-16 07:00:00,46.68345032742559,11.11113432249941,random-0019-no-landslide,99.0,No Rutschung,291.094482421875
2017-07-25 13:00:00,46.488372787226666,10.585090462075447,random-0020-no-landslide,99.0,No Rutschung,273.159912109375
2019-11-30 09:00:00,46.658975991325846,11.89797322258725,random-0021-no-landslide,99.0,No Rutschung,269.663330078125
2021-12-31 21:00:00,46.44911181827963,11.635644817016583,random-0022-no-landslide,99.0,No Rutschung,269.34912109375
2022-04-16 16:00:00,46.288785837429906,12.000590562068878,random-0023-no-landslide,99.0,No Rutschung,284.282470703125
2016-06-15 03:00:00,46.38760453149945,11.944581241260146,random-0024-no-landslide,99.0,No Rutschung,282.10546875
2021-03-03 18:00:00,46.38770538563338,10.526846067366812,random-0025-no-landslide,99.0,No Rutschung,268.458984375
2019-04-02 22:00:00,46.2883831357987,11.94275911374598,random-0026-no-landslide,99.0,No Rutschung,278.3759765625
2024-05-09 03:00:00,46.91636794498638,10.717187472624373,random-0027-no-landslide,99.0,No Rutschung,
2021-04-09 21:00:00,46.761761345611525,11.193931273083795,random-0028-no-landslide,99.0,No Rutschung,271.66552734375
2017-05-13 17:00:00,46.73686365727773,11.864848947595283,random-0029-no-landslide,99.0,No Rutschung,285.577392578125
2017-03-03 18:00:00,46.5342119007035,11.550017989958278,random-0030-no-landslide,99.0,No Rutschung,273.16748046875
2016-07-12 07:00:00,46.41726583965022,11.850119944391583,random-0031-no-landslide,99.0,No Rutschung,289.118896484375
2022-11-08 11:00:00,46.64547866386194,11.423893509141278,random-0032-no-landslide,99.0,No Rutschung,277.829345703125
2019-12-24 23:00:00,46.579106387754614,10.70787838472773,random-0033-no-landslide,99.0,No Rutschung,266.802978515625
2024-04-25 02:00:00,46.60778439039109,12.1755560252858,random-0034-no-landslide,99.0,No Rutschung,
2020-07-08 12:00:00,46.95175455959729,11.451522287932038,random-0035-no-landslide,99.0,No Rutschung,294.230224609375
2024-12-08 15:00:00,46.391063000256246,11.509996563715681,random-0036-no-landslide,99.0,No Rutschung,
2020-08-19 05:00:00,46.460056778901766,10.644466469555196,random-0037-no-landslide,99.0,No Rutschung,271.426513671875
2021-11-30 02:00:00,46.726355505687444,12.146953631672767,random-0038-no-landslide,99.0,No Rutschung,255.82223510742188
2023-01-03 16:00:00,46.92301912536469,11.684954641146895,random-0039-no-landslide,99.0,No Rutschung,271.860595703125
2016-10-30 06:00:00,46.56093951650879,10.908991447002103,random-0040-no-landslide,99.0,No Rutschung,274.978759765625
2018-07-29 02:00:00,46.872067457390166,11.509063737258552,random-0041-no-landslide,99.0,No Rutschung,286.20458984375
2018-09-18 20:00:00,46.95116718494444,11.16677873598475,random-0042-no-landslide,99.0,No Rutschung,282.078125
2024-12-16 16:00:00,46.56937397440089,10.92674616663212,random-0043-no-landslide,99.0,No Rutschung,
2021-02-05 22:00:00,46.472018485288864,11.159805703792456,random-0044-no-landslide,99.0,No Rutschung,271.198486328125
2024-11-17 21:00:00,46.56165663549361,11.455592455741598,random-0045-no-landslide,99.0,No Rutschung,
2024-12-11 10:00:00,46.49814987045324,10.724660392826546,random-0046-no-landslide,99.0,No Rutschung,
2023-08-11 21:00:00,46.40356047514705,10.815214279350416,random-0047-no-landslide,99.0,No Rutschung,286.350341796875
2016-03-27 06:00:00,46.51885386362555,11.815132014162584,random-0048-no-landslide,99.0,No Rutschung,267.362548828125
2022-08-17 19:00:00,46.42983842933063,12.30025161613931,random-0049-no-landslide,99.0,No Rutschung,289.467529296875
2017-12-26 20:00:00,47.023520961574484,10.77743347626783,random-0050-no-landslide,99.0,No Rutschung,264.937744140625
2022-09-16 16:00:00,46.62951852750294,11.640375967338219,random-0051-no-landslide,99.0,No Rutschung,289.145263671875
2016-12-22 12:00:00,46.50408390605219,10.562320836771507,random-0052-no-landslide,99.0,No Rutschung,273.16015625
2022-11-25 23:00:00,46.34477039562012,10.94848763792339,random-0053-no-landslide,99.0,No Rutschung,272.37890625
2017-04-14 06:00:00,46.764383161784075,10.953150150667005,random-0054-no-landslide,99.0,No Rutschung,268.87451171875
2022-12-08 05:00:00,46.42218032505918,11.19175502538742,random-0055-no-landslide,99.0,No Rutschung,271.0670166015625
2016-11-11 15:00:00,46.732684056556344,11.188255732870854,random-0056-no-landslide,99.0,No Rutschung,275.74267578125
2022-04-13 21:00:00,46.87922365732392,11.246301619639558,random-0057-no-landslide,99.0,No Rutschung,280.423828125
2024-01-28 17:00:00,46.48475138678288,12.062496421794163,random-0058-no-landslide,99.0,No Rutschung,
2022-11-09 15:00:00,46.912591863850416,11.801656826008939,random-0059-no-landslide,99.0,No Rutschung,274.8564453125
2023-10-20 11:00:00,46.795433054072156,10.91235850932457,random-0060-no-landslide,99.0,No Rutschung,273.160400390625
2022-06-03 15:00:00,46.74292442846475,10.924054575474216,random-0061-no-landslide,99.0,No Rutschung,288.657958984375
2018-02-13 01:00:00,46.545867470259665,12.259254641449076,random-0062-no-landslide,99.0,No Rutschung,259.40472412109375
2022-06-19 22:00:00,46.33890173933568,12.252161382279857,random-0063-no-landslide,99.0,No Rutschung,289.210693359375
2020-06-18 17:00:00,46.783204471753926,11.513001363512275,random-0064-no-landslide,99.0,No Rutschung,285.8740234375
2017-12-19 14:00:00,47.01112762819192,10.82767545167541,random-0065-no-landslide,99.0,No Rutschung,263.607421875
2018-09-22 23:00:00,46.42193547906588,11.490940751773666,random-0066-no-landslide,99.0,No Rutschung,286.29931640625
2024-05-16 13:00:00,46.93191352378753,11.54450167134401,random-0067-no-landslide,99.0,No Rutschung,
2018-09-17 18:00:00,46.5073774582141,11.134488245944539,random-0068-no-landslide,99.0,No Rutschung,289.623291015625
2017-06-10 10:00:00,46.55138767910523,12.101806258197847,random-0069-no-landslide,99.0,No Rutschung,290.649169921875
2020-09-08 11:00:00,46.296417649297105,11.70108841609881,random-0070-no-landslide,99.0,No Rutschung,288.545654296875
2016-12-14 20:00:00,46.76187833950062,11.969069965474091,random-0071-no-landslide,99.0,No Rutschung,272.3900451660156
2016-05-23 06:00:00,46.97767349262156,11.196669850665275,random-0072-no-landslide,99.0,No Rutschung,273.15966796875
2024-10-22 00:00:00,46.47248215838246,11.03143717819426,random-0073-no-landslide,99.0,No Rutschung,
2022-08-20 03:00:00,47.020908116642104,11.339050882698466,random-0074-no-landslide,99.0,No Rutschung,283.74853515625
2023-01-11 04:00:00,46.41827194739267,11.83226130290029,random-0075-no-landslide,99.0,No Rutschung,263.78021240234375
2020-02-21 20:00:00,46.74647407592275,11.896423580573305,random-0076-no-landslide,99.0,No Rutschung,272.444580078125
2016-11-25 19:00:00,46.661242694950246,11.0765775766913,random-0077-no-landslide,99.0,No Rutschung,280.721923828125
2018-03-02 06:00:00,46.4405190041372,11.188129829362122,random-0078-no-landslide,99.0,No Rutschung,268.44537353515625
2023-10-15 03:00:00,46.95058647849459,11.41070387955298,random-0079-no-landslide,99.0,No Rutschung,280.270751953125
2021-09-06 02:00:00,46.62948515675595,11.986779669842534,random-0080-no-landslide,99.0,No Rutschung,280.890869140625
2019-11-22 08:00:00,46.38484073368778,11.421503887468884,random-0081-no-landslide,99.0,No Rutschung,272.828857421875
2021-08-21 04:00:00,46.84111931189471,11.570140163848873,random-0082-no-landslide,99.0,No Rutschung,284.040283203125
2019-09-23 02:00:00,46.97793226190171,10.831706613880213,random-0083-no-landslide,99.0,No Rutschung,279.70654296875
2017-10-21 23:00:00,46.52405014864042,12.211273672745751,random-0084-no-landslide,99.0,No Rutschung,279.434814453125
2022-11-19 14:00:00,46.49268635852387,12.28271994002515,random-0085-no-landslide,99.0,No Rutschung,275.802734375
2021-10-02 05:00:00,46.99636561981459,12.308119501539023,random-0086-no-landslide,99.0,No Rutschung,274.828369140625
2018-03-21 00:00:00,46.38139307800234,11.072157425741446,random-0087-no-landslide,99.0,No Rutschung,271.0078125
2023-06-08 06:00:00,46.3643470001648,11.093147656646774,random-0088-no-landslide,99.0,No Rutschung,288.2861328125
2023-03-11 13:00:00,46.90133381507904,11.238573136600191,random-0089-no-landslide,99.0,No Rutschung,273.160400390625
2021-12-25 10:00:00,46.30679297532348,11.56650678467527,random-0090-no-landslide,99.0,No Rutschung,272.52880859375
2018-03-13 19:00:00,46.34094159968889,12.351874662627912,random-0091-no-landslide,99.0,No Rutschung,273.7091369628906
2017-04-14 08:00:00,46.48616062558444,11.05269785676095,random-0092-no-landslide,99.0,No Rutschung,282.0244140625
2021-08-20 14:00:00,46.51556021231981,11.814131821560407,random-0093-no-landslide,99.0,No Rutschung,287.839599609375
2016-07-19 04:00:00,46.5635427204338,11.05497837151207,random-0094-no-landslide,99.0,No Rutschung,284.90673828125
2017-03-31 11:00:00,46.95627036412641,12.121904596394689,random-0095-no-landslide,99.0,No Rutschung,273.159912109375
2025-02-17 06:00:00,46.72917316218089,10.510212882680912,random-0096-no-landslide,99.0,No Rutschung,
2021-12-08 00:00:00,46.78812489383083,11.715921440193029,random-0097-no-landslide,99.0,No Rutschung,261.16802978515625
2019-06-18 11:00:00,46.93508171052895,10.595452341648704,random-0098-no-landslide,99.0,No Rutschung,273.159912109375
2022-02-07 07:00:00,46.30425053944183,11.2028410537848,random-0099-no-landslide,99.0,No Rutschung,274.161376953125
2021-07-04 12:00:00,46.60000702763364,10.567727891336306,random-0100-no-landslide,99.0,No Rutschung,289.392333984375
2019-11-08 19:00:00,46.89713193179326,12.336516784544369,random-0101-no-landslide,99.0,No Rutschung,270.2774353027344
2022-12-14 11:00:00,46.26036077051401,10.968476477374985,random-0102-no-landslide,99.0,No Rutschung,271.791259765625
2018-09-24 08:00:00,46.33057664076113,11.174058107362908,random-0103-no-landslide,99.0,No Rutschung,288.694580078125
2022-09-26 18:00:00,46.44556522888381,12.048596118384513,random-0104-no-landslide,99.0,No Rutschung,280.398681640625
2017-05-24 12:00:00,46.55683599891462,10.863999548999391,random-0105-no-landslide,99.0,No Rutschung,294.010498046875
2017-12-02 22:00:00,46.33510106528031,10.759231627298945,random-0106-no-landslide,99.0,No Rutschung,257.8797607421875
2018-12-11 18:00:00,46.2621377653802,11.83677889776268,random-0107-no-landslide,99.0,No Rutschung,264.40081787109375
2015-10-27 10:00:00,46.578815832183594,11.006961839765474,random-0108-no-landslide,99.0,No Rutschung,279.01904296875
2022-12-16 22:00:00,46.99559238662147,10.547922194390527,random-0109-no-landslide,99.0,No Rutschung,267.2183837890625
2022-04-11 08:00:00,46.55492515670578,11.801958635621315,random-0110-no-landslide,99.0,No Rutschung,273.11279296875
2022-05-27 17:00:00,46.58150650210621,12.211926918362447,random-0111-no-landslide,99.0,No Rutschung,286.036865234375
2023-10-26 01:00:00,46.374990311397376,10.676056349169006,random-0112-no-landslide,99.0,No Rutschung,275.437744140625
2020-01-27 21:00:00,46.98939805726439,11.023981517718822,random-0113-no-landslide,99.0,No Rutschung,265.48876953125
2021-10-09 17:00:00,46.716301094098945,11.537135164197215,random-0114-no-landslide,99.0,No Rutschung,278.3095703125
2020-04-13 05:00:00,46.67994313520534,10.589744481359826,random-0115-no-landslide,99.0,No Rutschung,275.0263671875
2021-12-18 10:00:00,46.240908821454184,11.917656381207639,random-0116-no-landslide,99.0,No Rutschung,273.11767578125
2022-07-21 13:00:00,46.47729670734878,10.676586852327551,random-0117-no-landslide,99.0,No Rutschung,289.05224609375
2023-06-13 19:00:00,46.30731638983179,11.387201665541712,random-0118-no-landslide,99.0,No Rutschung,287.794189453125
2023-09-18 04:00:00,46.36729896409494,11.385888847321738,random-0119-no-landslide,99.0,No Rutschung,286.97265625
2017-01-28 09:00:00,46.26770198670849,11.715565684530656,random-0120-no-landslide,99.0,No Rutschung,268.47607421875
2017-10-14 10:00:00,46.43708982233114,12.158570824289935,random-0121-no-landslide,99.0,No Rutschung,283.468505859375
2021-01-23 02:00:00,46.62988242543324,11.670847989960727,random-0122-no-landslide,99.0,No Rutschung,271.22265625
2025-04-22 15:00:00,46.359127458578676,11.732245597615382,random-0123-no-landslide,99.0,No Rutschung,
2017-04-03 12:00:00,46.98095099064548,12.26555328954411,random-0124-no-landslide,99.0,No Rutschung,273.159912109375
2017-06-30 07:00:00,46.68745369380349,12.258706701179106,random-0125-no-landslide,99.0,No Rutschung,284.56494140625
2024-01-13 02:00:00,46.33172256048574,11.572688619438422,random-0126-no-landslide,99.0,No Rutschung,
2017-03-19 13:00:00,46.97873308140131,11.520796865504263,random-0127-no-landslide,99.0,No Rutschung,273.159912109375
2025-05-03 16:00:00,46.74794791796303,12.034679605793878,random-0128-no-landslide,99.0,No Rutschung,
2016-01-04 22:00:00,46.40023765639413,11.012812700668082,random-0129-no-landslide,99.0,No Rutschung,272.0162048339844
2023-08-07 04:00:00,46.30461745017252,10.534591431063555,random-0130-no-landslide,99.0,No Rutschung,274.114990234375
2017-02-12 11:00:00,46.75132068815841,11.129859027179583,random-0131-no-landslide,99.0,No Rutschung,272.93115234375
2024-06-23 09:00:00,46.247974872925255,12.080397166399823,random-0132-no-landslide,99.0,No Rutschung,
2024-12-10 11:00:00,46.62423273063036,10.98800474265594,random-0133-no-landslide,99.0,No Rutschung,
2016-01-15 12:00:00,46.730007573108274,11.803385335970422,random-0134-no-landslide,99.0,No Rutschung,270.45587158203125
2020-01-24 02:00:00,46.56208244637544,10.573794127836859,random-0135-no-landslide,99.0,No Rutschung,264.5838623046875
2025-01-10 19:00:00,46.566479533180555,11.525200787791213,random-0136-no-landslide,99.0,No Rutschung,
2020-10-27 15:00:00,47.0177626002553,12.009262966935216,random-0137-no-landslide,99.0,No Rutschung,273.144287109375
2023-04-17 08:00:00,46.42843305259279,10.739291606517657,random-0138-no-landslide,99.0,No Rutschung,272.73291015625
2023-03-02 23:00:00,46.41934459312493,11.551183470576484,random-0139-no-landslide,99.0,No Rutschung,267.8884582519531
2016-01-28 07:00:00,46.829968326053184,11.904613357547255,random-0140-no-landslide,99.0,No Rutschung,269.771484375
2017-09-10 07:00:00,46.631566567865995,12.188251738881073,random-0141-no-landslide,99.0,No Rutschung,281.2744140625
2017-08-20 14:00:00,46.94216975371065,11.098996123660132,random-0142-no-landslide,99.0,No Rutschung,287.968505859375
2025-02-19 05:00:00,46.99232383163901,10.600532574282493,random-0143-no-landslide,99.0,No Rutschung,
2016-08-19 12:00:00,46.768071487550536,12.289693077607604,random-0144-no-landslide,99.0,No Rutschung,290.425048828125
2023-01-05 05:00:00,46.3024377224666,10.656255610402974,random-0145-no-landslide,99.0,No Rutschung,271.85009765625
2021-05-12 13:00:00,46.82824261493504,11.758097412574003,random-0146-no-landslide,99.0,No Rutschung,287.475830078125
2023-04-25 21:00:00,46.31975612190334,11.96150673979158,random-0147-no-landslide,99.0,No Rutschung,274.75152587890625
2022-06-11 17:00:00,46.27526258013955,11.425061686314953,random-0148-no-landslide,99.0,No Rutschung,292.658935546875
2021-12-14 03:00:00,46.81603485281855,10.604994023895138,random-0149-no-landslide,99.0,No Rutschung,264.4208679199219
2018-02-25 00:00:00,46.32262315994932,11.156713088507924,random-0150-no-landslide,99.0,No Rutschung,275.4884338378906
2022-08-28 10:00:00,46.89556437257109,11.787103337927897,random-0151-no-landslide,99.0,No Rutschung,285.386962890625
2025-06-25 19:00:00,46.28736311821645,11.811298926825042,random-0152-no-landslide,99.0,No Rutschung,
2017-07-08 02:00:00,46.34613128584651,12.168325490499589,random-0153-no-landslide,99.0,No Rutschung,285.11181640625
2016-06-07 02:00:00,47.01468613087661,10.659160218631957,random-0154-no-landslide,99.0,No Rutschung,281.292724609375
2016-02-29 13:00:00,46.983336184420104,12.020416933477872,random-0155-no-landslide,99.0,No Rutschung,273.148193359375
2019-05-26 03:00:00,46.793070656600044,11.155410166946503,random-0156-no-landslide,99.0,No Rutschung,277.955322265625
2019-12-21 06:00:00,46.79060599481781,11.207337620336057,random-0157-no-landslide,99.0,No Rutschung,272.096923828125
2016-03-15 16:00:00,46.575218856519065,11.11807515118732,random-0158-no-landslide,99.0,No Rutschung,278.204345703125
2023-05-14 11:00:00,46.60244446489992,10.521748234257903,random-0159-no-landslide,99.0,No Rutschung,273.160400390625
2018-12-31 03:00:00,46.8400376021243,11.886106015073146,random-0160-no-landslide,99.0,No Rutschung,266.16015625
2019-02-19 11:00:00,46.77146945417704,11.89216055154578,random-0161-no-landslide,99.0,No Rutschung,273.16015625
2019-07-25 22:00:00,46.45684198557241,11.201508947323822,random-0162-no-landslide,99.0,No Rutschung,295.843017578125
2017-05-10 20:00:00,46.99604931282438,10.918631821165027,random-0163-no-landslide,99.0,No Rutschung,272.997802734375
2017-11-25 02:00:00,46.671958873788626,12.329148746912242,random-0164-no-landslide,99.0,No Rutschung,269.055908203125
2021-09-15 15:00:00,46.96534544369231,10.581674976746509,random-0165-no-landslide,99.0,No Rutschung,288.75146484375
2018-11-05 20:00:00,46.67024716227097,10.638513753949054,random-0166-no-landslide,99.0,No Rutschung,277.89453125
2021-10-04 10:00:00,46.402004467792395,10.811332979256845,random-0167-no-landslide,99.0,No Rutschung,281.958740234375
2016-12-15 01:00:00,46.72890548480036,11.35048925795536,random-0168-no-landslide,99.0,No Rutschung,270.3148498535156
2019-12-01 20:00:00,46.26562275267878,12.18564334423108,random-0169-no-landslide,99.0,No Rutschung,273.16015625
2018-05-12 01:00:00,46.27550542879972,12.2932488408151,random-0170-no-landslide,99.0,No Rutschung,281.01123046875
2019-06-06 18:00:00,46.722995798187476,11.352575545580839,random-0171-no-landslide,99.0,No Rutschung,284.63818359375
2017-07-05 05:00:00,46.74425795814849,10.817811389813953,random-0172-no-landslide,99.0,No Rutschung,282.53857421875
2017-01-21 06:00:00,46.69396541436786,11.161270574473727,random-0173-no-landslide,99.0,No Rutschung,262.47918701171875
2020-08-13 00:00:00,46.78509649494823,12.344688223785502,random-0174-no-landslide,99.0,No Rutschung,286.63330078125
2023-10-31 21:00:00,46.556718860071435,11.023662896314324,random-0175-no-landslide,99.0,No Rutschung,276.5784912109375
2024-08-15 06:00:00,46.33545100979843,11.007196315905208,random-0176-no-landslide,99.0,No Rutschung,
2021-09-18 16:00:00,46.807028798098955,12.276601567552957,random-0177-no-landslide,99.0,No Rutschung,285.781982421875
2022-09-22 02:00:00,46.9717801397026,11.282613537840533,random-0178-no-landslide,99.0,No Rutschung,272.7005615234375
2015-11-26 09:00:00,46.25043810809825,10.585074345289598,random-0179-no-landslide,99.0,No Rutschung,265.447265625
2019-03-01 03:00:00,46.61176360639462,11.954599558116454,random-0180-no-landslide,99.0,No Rutschung,268.09619140625
2018-02-24 21:00:00,46.82601719183294,11.205002755393915,random-0181-no-landslide,99.0,No Rutschung,268.407958984375
2024-05-06 20:00:00,46.899667099142114,12.314214770776232,random-0182-no-landslide,99.0,No Rutschung,
2018-11-21 05:00:00,46.55959414890109,11.376953054514146,random-0183-no-landslide,99.0,No Rutschung,271.739501953125
2024-10-13 00:00:00,46.289429228526465,10.526083391017163,random-0184-no-landslide,99.0,No Rutschung,
2020-11-23 21:00:00,47.02509453786379,12.020606625327256,random-0185-no-landslide,99.0,No Rutschung,265.5009765625
2025-03-13 17:00:00,46.8414642407824,11.53915032817911,random-0186-no-landslide,99.0,No Rutschung,
2016-04-08 09:00:00,46.53017182740205,11.916226036030851,random-0187-no-landslide,99.0,No Rutschung,273.15966796875
2016-02-21 17:00:00,46.448103150039245,10.970703742820367,random-0188-no-landslide,99.0,No Rutschung,273.15966796875
2018-03-30 20:00:00,46.721400598938395,11.756568215441273,random-0189-no-landslide,99.0,No Rutschung,272.36474609375
2018-06-20 03:00:00,46.76393560526787,10.712865130177068,random-0190-no-landslide,99.0,No Rutschung,277.9599609375
2023-07-26 18:00:00,46.89111358585652,11.391010518744793,random-0191-no-landslide,99.0,No Rutschung,285.65087890625
2023-12-30 21:00:00,46.6686972571049,12.094059419810545,random-0192-no-landslide,99.0,No Rutschung,265.69134521484375
2016-12-05 19:00:00,46.85963419226222,10.665836914275085,random-0193-no-landslide,99.0,No Rutschung,263.48175048828125
2020-06-03 00:00:00,46.56414353712967,11.39818230574208,random-0194-no-landslide,99.0,No Rutschung,285.75341796875
2019-07-15 01:00:00,46.789806471167566,11.660469052214173,random-0195-no-landslide,99.0,No Rutschung,286.850830078125
2017-04-15 11:00:00,46.241029138072605,10.755526090799005,random-0196-no-landslide,99.0,No Rutschung,279.903076171875
2019-09-03 03:00:00,46.57762482022098,11.233996565421462,random-0197-no-landslide,99.0,No Rutschung,287.6455078125
2020-04-13 13:00:00,46.66514727280661,11.858847986009934,random-0198-no-landslide,99.0,No Rutschung,273.159912109375
2018-11-30 22:00:00,46.46658924342944,12.203058746463364,random-0199-no-landslide,99.0,No Rutschung,266.814208984375
2018-09-15 22:00:00,46.98514442810545,12.113099702669397,random-0200-no-landslide,99.0,No Rutschung,280.129150390625
2018-04-12 01:00:00,46.89964520637548,11.35947578677265,random-0201-no-landslide,99.0,No Rutschung,273.159912109375
2016-11-05 06:00:00,46.59486393508395,10.983423088511643,random-0202-no-landslide,99.0,No Rutschung,273.264892578125
2020-10-10 00:00:00,46.50129197929552,11.584437353214952,random-0203-no-landslide,99.0,No Rutschung,278.240966796875
2019-05-13 23:00:00,46.33136082816575,10.741516840241234,random-0204-no-landslide,99.0,No Rutschung,273.8173828125
2023-03-14 01:00:00,46.78470322561709,11.2490617617461,random-0205-no-landslide,99.0,No Rutschung,276.862060546875
2018-09-01 18:00:00,46.50455827009785,10.840625191884016,random-0206-no-landslide,99.0,No Rutschung,279.234130859375
2022-02-21 22:00:00,46.639512238204745,12.13545296372865,random-0207-no-landslide,99.0,No Rutschung,265.10986328125
2025-06-22 09:00:00,46.40760732990487,11.626110187295085,random-0208-no-landslide,99.0,No Rutschung,
2022-10-13 02:00:00,46.45117403125218,10.816418570165604,random-0209-no-landslide,99.0,No Rutschung,276.8546142578125
2020-05-21 20:00:00,46.66615722820987,10.55999077531452,random-0210-no-landslide,99.0,No Rutschung,286.47412109375
2016-03-18 23:00:00,46.393667465704084,11.362153489285106,random-0211-no-landslide,99.0,No Rutschung,271.90283203125
2021-01-19 20:00:00,46.778915097313856,11.441885618138654,random-0212-no-landslide,99.0,No Rutschung,259.3498840332031
2024-03-31 16:00:00,46.61238065076902,10.673096762430358,random-0213-no-landslide,99.0,No Rutschung,
2021-12-11 23:00:00,46.924704795900404,10.653403218161838,random-0214-no-landslide,99.0,No Rutschung,255.51223754882812
2023-05-09 10:00:00,46.231518828514346,11.206025612604762,random-0215-no-landslide,99.0,No Rutschung,296.180419921875
2020-09-06 13:00:00,46.704806673302684,10.658560511731478,random-0216-no-landslide,99.0,No Rutschung,293.264404296875
2017-01-21 12:00:00,46.61506875968279,11.19328398888558,random-0217-no-landslide,99.0,No Rutschung,272.7919921875
2024-03-09 15:00:00,46.59756905066086,11.19036973106285,random-0218-no-landslide,99.0,No Rutschung,
2024-02-29 21:00:00,46.430359441628504,10.569113396222091,random-0219-no-landslide,99.0,No Rutschung,
2020-01-28 00:00:00,46.6366800603986,12.174514912287751,random-0220-no-landslide,99.0,No Rutschung,269.007080078125
2020-02-22 01:00:00,46.91964019071992,10.557499005034392,random-0221-no-landslide,99.0,No Rutschung,261.910888671875
2016-01-06 04:00:00,46.31291530967261,11.243196351935826,random-0222-no-landslide,99.0,No Rutschung,271.5718688964844
2020-07-06 04:00:00,46.67829400719621,10.841380269084945,random-0223-no-landslide,99.0,No Rutschung,282.236083984375
2023-01-25 02:00:00,46.9381936502805,10.724467346945614,random-0224-no-landslide,99.0,No Rutschung,263.53173828125
2020-10-02 05:00:00,46.7458293779487,11.164546878297907,random-0225-no-landslide,99.0,No Rutschung,278.3359375
2023-06-01 04:00:00,46.67334147340629,11.878343106364936,random-0226-no-landslide,99.0,No Rutschung,279.84912109375
2019-01-21 20:00:00,46.53090567659567,11.55603011702744,random-0227-no-landslide,99.0,No Rutschung,261.879638671875
2023-09-10 05:00:00,46.68371640941291,11.708354308539795,random-0228-no-landslide,99.0,No Rutschung,285.0986328125
2019-06-30 12:00:00,46.310458715878944,10.944121105411046,random-0229-no-landslide,99.0,No Rutschung,299.157958984375
2024-01-31 03:00:00,46.61768462347668,11.183718633968354,random-0230-no-landslide,99.0,No Rutschung,
2023-04-12 04:00:00,46.87081375529293,10.66486341732072,random-0231-no-landslide,99.0,No Rutschung,268.18896484375
2019-01-15 02:00:00,46.29330882333493,12.177429401456994,random-0232-no-landslide,99.0,No Rutschung,270.179931640625
2018-08-23 21:00:00,46.78414125583273,10.534630056459601,random-0233-no-landslide,99.0,No Rutschung,284.7275390625
2016-06-04 02:00:00,47.00102179718959,11.244489925006771,random-0234-no-landslide,99.0,No Rutschung,273.159912109375
2021-12-12 17:00:00,46.43470955015966,12.028406327859308,random-0235-no-landslide,99.0,No Rutschung,267.019775390625
2023-06-06 08:00:00,46.88274902395119,11.852301389294448,random-0236-no-landslide,99.0,No Rutschung,288.745849609375
2018-05-10 15:00:00,46.60877863431998,11.50101262277111,random-0237-no-landslide,99.0,No Rutschung,291.337646484375
2022-07-26 20:00:00,46.99984680752412,10.88400345338904,random-0238-no-landslide,99.0,No Rutschung,285.343994140625
2019-10-07 00:00:00,46.81540741371984,10.87358661452989,random-0239-no-landslide,99.0,No Rutschung,270.92431640625
2020-12-16 23:00:00,46.71542508171065,10.715257238879957,random-0240-no-landslide,99.0,No Rutschung,262.561767578125
2023-06-18 20:00:00,46.632244314287036,10.663746221485484,random-0241-no-landslide,99.0,No Rutschung,290.99609375
2022-10-03 19:00:00,46.65332319618772,11.40022828986395,random-0242-no-landslide,99.0,No Rutschung,281.22802734375
2022-04-26 17:00:00,46.590989832775456,11.19096221158454,random-0243-no-landslide,99.0,No Rutschung,284.396728515625
2023-10-23 23:00:00,47.017328925389585,10.619025830086583,random-0244-no-landslide,99.0,No Rutschung,279.5966796875
2023-05-24 09:00:00,46.43211329915192,12.014947084839456,random-0245-no-landslide,99.0,No Rutschung,285.508544921875
2020-09-19 00:00:00,46.3223279317507,10.505586679781763,random-0246-no-landslide,99.0,No Rutschung,281.35498046875
2020-04-06 20:00:00,46.31437181041254,11.985803826561334,random-0247-no-landslide,99.0,No Rutschung,279.425048828125
2024-04-28 07:00:00,46.81112588828304,10.732947769314288,random-0248-no-landslide,99.0,No Rutschung,
2022-09-15 05:00:00,46.53126855873177,10.883861804033812,random-0249-no-landslide,99.0,No Rutschung,280.155517578125
2019-12-29 05:00:00,46.686656980754115,11.886380502899996,random-0250-no-landslide,99.0,No Rutschung,259.16119384765625
2022-06-12 03:00:00,46.86237950900133,10.76188562647577,random-0251-no-landslide,99.0,No Rutschung,268.961181640625
2024-06-28 16:00:00,46.36018705096434,10.806546847082581,random-0252-no-landslide,99.0,No Rutschung,
2020-03-05 10:00:00,46.733840237014896,10.941250637380158,random-0253-no-landslide,99.0,No Rutschung,273.0556640625
2018-01-28 20:00:00,46.92758735515487,11.171514672932735,random-0254-no-landslide,99.0,No Rutschung,271.77490234375
2015-12-20 07:00:00,46.58914392502764,11.777663899047356,random-0255-no-landslide,99.0,No Rutschung,272.06884765625
2021-02-12 04:00:00,46.72615454645438,12.182856052730898,random-0256-no-landslide,99.0,No Rutschung,248.95651245117188
2019-01-18 06:00:00,46.62955144997058,11.898514144863741,random-0257-no-landslide,99.0,No Rutschung,258.5655517578125
2024-10-08 07:00:00,46.652740660013826,11.23257178060345,random-0258-no-landslide,99.0,No Rutschung,
2023-05-25 16:00:00,46.726263143706944,12.195580478878277,random-0259-no-landslide,99.0,No Rutschung,286.243896484375
2025-01-20 14:00:00,46.729024843156076,12.257962238345211,random-0260-no-landslide,99.0,No Rutschung,
2020-04-04 00:00:00,46.86139094624406,10.760950080023719,random-0261-no-landslide,99.0,No Rutschung,257.53558349609375
2019-05-02 15:00:00,46.685604636259264,11.887016777623348,random-0262-no-landslide,99.0,No Rutschung,283.870849609375
2019-08-04 23:00:00,46.79211503333098,11.907478228007264,random-0263-no-landslide,99.0,No Rutschung,288.859130859375
2025-03-19 21:00:00,46.256140852086524,11.891664331819685,random-0264-no-landslide,99.0,No Rutschung,
2016-05-02 01:00:00,46.62259645689692,11.835785910011131,random-0265-no-landslide,99.0,No Rutschung,272.03759765625
2016-03-22 14:00:00,46.883064052677646,11.140195272830367,random-0266-no-landslide,99.0,No Rutschung,273.156982421875
2018-09-26 13:00:00,46.33091739040358,12.083346051216068,random-0267-no-landslide,99.0,No Rutschung,283.845458984375
2020-04-28 13:00:00,46.65911009845483,11.439774580943979,random-0268-no-landslide,99.0,No Rutschung,287.430908203125
2017-11-25 08:00:00,46.802505915767554,11.851098019751518,random-0269-no-landslide,99.0,No Rutschung,273.59912109375
2015-12-13 01:00:00,46.67952223115044,11.619579002183253,random-0270-no-landslide,99.0,No Rutschung,269.3009033203125
2020-04-03 11:00:00,46.88747436083704,11.620676037314139,random-0271-no-landslide,99.0,No Rutschung,273.15869140625
2022-04-26 09:00:00,46.41039438560816,11.141022744233592,random-0272-no-landslide,99.0,No Rutschung,283.998291015625
2019-07-25 00:00:00,46.9833638504848,11.36444799202327,random-0273-no-landslide,99.0,No Rutschung,289.58349609375
2016-07-09 16:00:00,46.34017134408231,12.205641399767128,random-0274-no-landslide,99.0,No Rutschung,293.678466796875
2023-06-24 00:00:00,46.92354703800738,10.534382665740141,random-0275-no-landslide,99.0,No Rutschung,282.770263671875
2021-02-27 06:00:00,46.96065555999111,10.691650612799082,random-0276-no-landslide,99.0,No Rutschung,271.357177734375
2019-06-14 14:00:00,46.79232050442056,12.22555077073173,random-0277-no-landslide,99.0,No Rutschung,292.266357421875
2025-01-30 18:00:00,46.52745380315379,11.942714836614417,random-0278-no-landslide,99.0,No Rutschung,
2023-10-13 19:00:00,46.81556424058794,11.293623156901482,random-0279-no-landslide,99.0,No Rutschung,283.550048828125
2021-03-20 22:00:00,46.95423744116715,12.07210264137436,random-0280-no-landslide,99.0,No Rutschung,256.25811767578125
2021-12-10 11:00:00,46.32866828897027,12.069220018884021,random-0281-no-landslide,99.0,No Rutschung,268.978271484375
2018-12-20 19:00:00,46.47732134309626,11.121616630462903,random-0282-no-landslide,99.0,No Rutschung,271.65753173828125
2022-11-24 00:00:00,46.821776303586645,11.20980242493603,random-0283-no-landslide,99.0,No Rutschung,268.59912109375
2018-11-09 08:00:00,46.709934793693066,11.973649932288934,random-0284-no-landslide,99.0,No Rutschung,277.955322265625
2022-03-25 18:00:00,46.91669800221881,11.27562279652027,random-0285-no-landslide,99.0,No Rutschung,273.1552734375
2021-08-13 19:00:00,46.50558168857536,11.148169225036229,random-0286-no-landslide,99.0,No Rutschung,294.876953125
2020-11-03 04:00:00,46.408208811001245,11.346145118266557,random-0287-no-landslide,99.0,No Rutschung,280.9697265625
2021-03-20 13:00:00,46.36983388912646,10.763913862689312,random-0288-no-landslide,99.0,No Rutschung,273.15966796875
2019-11-08 14:00:00,46.95754800593434,11.283889620599146,random-0289-no-landslide,99.0,No Rutschung,272.2265625
2017-06-26 13:00:00,46.732650994167216,11.586192149585234,random-0290-no-landslide,99.0,No Rutschung,300.660400390625
2018-12-03 22:00:00,46.639462598105624,10.898221148918578,random-0291-no-landslide,99.0,No Rutschung,273.51318359375
2020-06-22 23:00:00,46.91440103615442,11.542653996290628,random-0292-no-landslide,99.0,No Rutschung,283.0400390625
2023-11-11 03:00:00,46.62913331824209,12.364628514534239,random-0293-no-landslide,99.0,No Rutschung,264.48846435546875
2022-06-24 07:00:00,46.8263213481621,10.625947485557996,random-0294-no-landslide,99.0,No Rutschung,285.92919921875
2024-08-23 00:00:00,46.39271714004813,12.179839522090834,random-0295-no-landslide,99.0,No Rutschung,
2024-07-11 21:00:00,46.53007266107563,11.669195082156616,random-0296-no-landslide,99.0,No Rutschung,
2019-06-20 00:00:00,46.46347361043787,11.599029873163804,random-0297-no-landslide,99.0,No Rutschung,284.0390625
2019-03-18 08:00:00,46.58024148727956,11.481104204767933,random-0298-no-landslide,99.0,No Rutschung,275.256103515625
2023-06-14 13:00:00,46.83857434570916,11.429907947068388,random-0299-no-landslide,99.0,No Rutschung,287.968505859375
2016-02-23 00:00:00,46.28954407469303,11.125761198669995,random-0300-no-landslide,99.0,No Rutschung,280.326904296875
2018-04-16 02:00:00,46.44492993492204,11.198589453582207,random-0301-no-landslide,99.0,No Rutschung,281.94580078125
2019-12-11 05:00:00,46.86674281053866,11.485196037737232,random-0302-no-landslide,99.0,No Rutschung,257.40277099609375
2020-03-11 07:00:00,46.919464128464845,12.070885725317467,random-0303-no-landslide,99.0,No Rutschung,273.10791015625
2025-05-19 16:00:00,46.40611356642082,10.551185733585337,random-0304-no-landslide,99.0,No Rutschung,
2022-06-30 23:00:00,46.24514047844778,11.756927357702375,random-0305-no-landslide,99.0,No Rutschung,286.37744140625
2023-06-04 06:00:00,46.935752890780535,11.565351801934952,random-0306-no-landslide,99.0,No Rutschung,280.614990234375
2023-06-10 16:00:00,46.308595530729725,10.945908763463297,random-0307-no-landslide,99.0,No Rutschung,291.584716796875
2021-07-26 10:00:00,46.545558283226875,12.052992124861618,random-0308-no-landslide,99.0,No Rutschung,291.642333984375
2018-08-10 06:00:00,46.552887234245574,10.764334281925588,random-0309-no-landslide,99.0,No Rutschung,284.420654296875
2019-04-25 13:00:00,46.73342814666471,10.66306337963719,random-0310-no-landslide,99.0,No Rutschung,286.9267578125
2018-02-21 17:00:00,46.92698531066186,10.730104811793748,random-0311-no-landslide,99.0,No Rutschung,261.3612365722656
2024-11-18 06:00:00,46.93990032881977,11.288562829946896,random-0312-no-landslide,99.0,No Rutschung,
2016-05-04 21:00:00,46.49675765124996,11.668793572646013,random-0313-no-landslide,99.0,No Rutschung,271.398193359375
2020-05-21 06:00:00,46.25669451681678,11.179422208825752,random-0314-no-landslide,99.0,No Rutschung,288.029541015625
2021-10-03 01:00:00,46.51816010136098,11.947554011286861,random-0315-no-landslide,99.0,No Rutschung,278.80029296875
2019-10-02 23:00:00,47.00506227355363,10.91099246434136,random-0316-no-landslide,99.0,No Rutschung,270.775390625
2018-05-13 14:00:00,46.92063740631493,10.762522905910041,random-0317-no-landslide,99.0,No Rutschung,285.000732421875
2018-10-05 14:00:00,46.37438636212087,11.38138913811394,random-0318-no-landslide,99.0,No Rutschung,290.233154296875
2016-11-09 02:00:00,46.819736732511444,11.458790741352537,random-0319-no-landslide,99.0,No Rutschung,259.3558349609375
2018-06-07 13:00:00,46.4029706494677,11.25326833027622,random-0320-no-landslide,99.0,No Rutschung,298.252685546875
2019-03-14 17:00:00,47.0129054627248,12.06180031419559,random-0321-no-landslide,99.0,No Rutschung,267.771240234375
2023-08-15 23:00:00,46.77957330130753,12.184548093632024,random-0322-no-landslide,99.0,No Rutschung,286.60302734375
2024-07-22 12:00:00,46.95711259218416,10.534907174827975,random-0323-no-landslide,99.0,No Rutschung,
2023-01-28 20:00:00,46.44756468614164,11.578577922493436,random-0324-no-landslide,99.0,No Rutschung,261.57861328125
2017-03-14 06:00:00,46.62536878090763,11.258313554943213,random-0325-no-landslide,99.0,No Rutschung,276.607421875
2017-12-12 18:00:00,46.43931043031153,10.762345938675482,random-0326-no-landslide,99.0,No Rutschung,263.89312744140625
2016-10-21 04:00:00,46.70491413102099,12.134653506457166,random-0327-no-landslide,99.0,No Rutschung,270.14324951171875
2021-01-24 19:00:00,46.36902552206705,11.74410680949033,random-0328-no-landslide,99.0,No Rutschung,255.9151611328125
2018-07-20 03:00:00,46.55128690215552,12.067740653096308,random-0329-no-landslide,99.0,No Rutschung,282.086181640625
2021-04-27 20:00:00,46.26683213939092,11.47087075019766,random-0330-no-landslide,99.0,No Rutschung,279.369384765625
2018-07-23 20:00:00,46.37618802844072,12.293108163840035,random-0331-no-landslide,99.0,No Rutschung,290.159912109375
2020-12-20 02:00:00,46.5392805618194,10.959309483476472,random-0332-no-landslide,99.0,No Rutschung,266.47271728515625
2022-02-12 01:00:00,46.95807946612239,11.318049879424953,random-0333-no-landslide,99.0,No Rutschung,258.8575439453125
2018-08-25 20:00:00,46.984974250850065,11.641947353218082,random-0334-no-landslide,99.0,No Rutschung,272.954833984375
2018-05-31 10:00:00,46.97504418863358,11.741553367249821,random-0335-no-landslide,99.0,No Rutschung,283.616943359375
2022-09-14 00:00:00,46.43818049335856,10.558828510781826,random-0336-no-landslide,99.0,No Rutschung,278.78369140625
2019-09-28 15:00:00,46.989693348952684,12.08326294584134,random-0337-no-landslide,99.0,No Rutschung,283.266357421875
2020-11-05 08:00:00,46.84299611397046,11.125538822566586,random-0338-no-landslide,99.0,No Rutschung,275.287841796875
2023-11-05 16:00:00,46.777329388876204,11.427064430819522,random-0339-no-landslide,99.0,No Rutschung,269.822265625
2022-06-06 02:00:00,46.289886334001686,11.360101670086271,random-0340-no-landslide,99.0,No Rutschung,285.279296875
2016-06-01 19:00:00,46.99961228317654,10.504891974652866,random-0341-no-landslide,99.0,No Rutschung,280.85595703125
2023-07-09 12:00:00,46.51674027877206,11.6042228584047,random-0342-no-landslide,99.0,No Rutschung,295.777587890625
2024-08-16 15:00:00,46.33834279233158,12.215853541652018,random-0343-no-landslide,99.0,No Rutschung,
2021-05-28 13:00:00,46.37679448459383,11.334528636888953,random-0344-no-landslide,99.0,No Rutschung,295.952880859375
2017-08-08 01:00:00,46.8330320427677,12.292254745212583,random-0345-no-landslide,99.0,No Rutschung,284.5634765625
2024-11-09 23:00:00,46.75375661922365,12.008751363014397,random-0346-no-landslide,99.0,No Rutschung,
2019-07-25 14:00:00,47.00986097359815,11.69211250267379,random-0347-no-landslide,99.0,No Rutschung,290.946044921875
2022-09-22 11:00:00,46.405506543648194,11.415720617781655,random-0348-no-landslide,99.0,No Rutschung,291.771240234375
2022-07-17 12:00:00,46.26083198423826,12.265866946867487,random-0349-no-landslide,99.0,No Rutschung,296.37109375
2021-03-19 07:00:00,46.67180092850705,12.369264598955086,random-0350-no-landslide,99.0,No Rutschung,260.893798828125
2022-02-23 09:00:00,46.32537332348552,11.08554226717904,random-0351-no-landslide,99.0,No Rutschung,277.64794921875
2022-01-25 05:00:00,46.32120254352067,10.860669145557303,random-0352-no-landslide,99.0,No Rutschung,269.97418212890625
2023-03-04 21:00:00,46.60686436445564,12.266254307203756,random-0353-no-landslide,99.0,No Rutschung,266.8266906738281
2018-05-13 07:00:00,46.48341465734563,12.079787724451974,random-0354-no-landslide,99.0,No Rutschung,273.160400390625
2023-12-17 22:00:00,46.70400427850651,10.56972006949518,random-0355-no-landslide,99.0,No Rutschung,265.463623046875
2025-05-28 10:00:00,46.29069795088062,10.7259722015261,random-0356-no-landslide,99.0,No Rutschung,
2019-09-19 09:00:00,46.58045590528434,11.492089941302122,random-0357-no-landslide,99.0,No Rutschung,291.667724609375
2021-01-28 18:00:00,46.48038230127976,10.622730905633258,random-0358-no-landslide,99.0,No Rutschung,266.396240234375
2015-10-28 22:00:00,46.75604219298602,11.507304573178383,random-0359-no-landslide,99.0,No Rutschung,275.673828125
2015-12-06 10:00:00,46.5691425907986,11.47320895191114,random-0360-no-landslide,99.0,No Rutschung,277.340576171875
2018-08-06 22:00:00,46.24887328258821,10.93614140994857,random-0361-no-landslide,99.0,No Rutschung,288.772216796875
2016-12-03 05:00:00,46.377065063600035,10.500961575521494,random-0362-no-landslide,99.0,No Rutschung,259.856201171875
2016-12-29 04:00:00,46.86517771222835,12.256532796958103,random-0363-no-landslide,99.0,No Rutschung,265.77105712890625
2019-05-15 09:00:00,46.84003237792066,11.15633311884865,random-0364-no-landslide,99.0,No Rutschung,273.13134765625
2018-08-27 17:00:00,46.61129503647988,10.570821732615352,random-0365-no-landslide,99.0,No Rutschung,293.587646484375
2021-07-10 14:00:00,46.84089599162926,12.340710312378434,random-0366-no-landslide,99.0,No Rutschung,289.542724609375
2016-02-27 23:00:00,46.6453086369077,11.129515420761734,random-0367-no-landslide,99.0,No Rutschung,276.60546875
2020-10-08 19:00:00,46.511685147364155,10.707099159654808,random-0368-no-landslide,99.0,No Rutschung,271.14990234375
2021-06-07 02:00:00,46.798937873725166,12.095256792674725,random-0369-no-landslide,99.0,No Rutschung,283.248046875
2021-11-03 14:00:00,46.95396119921037,11.01899200499367,random-0370-no-landslide,99.0,No Rutschung,272.37353515625
2023-02-21 04:00:00,46.53532593154128,11.300434401782702,random-0371-no-landslide,99.0,No Rutschung,277.70703125
2022-03-27 04:00:00,46.99063198088409,10.733210187382126,random-0372-no-landslide,99.0,No Rutschung,269.650634765625
2021-07-01 08:00:00,46.30061268707166,11.970948080766124,random-0373-no-landslide,99.0,No Rutschung,289.544677734375
2019-08-12 12:00:00,46.93315717133083,12.33743236511348,random-0374-no-landslide,99.0,No Rutschung,288.52783203125
2024-07-19 03:00:00,46.3623901251227,11.647569791770781,random-0375-no-landslide,99.0,No Rutschung,
2019-01-21 20:00:00,46.97974141566618,10.93373333026729,random-0376-no-landslide,99.0,No Rutschung,251.50074768066406
2022-02-03 07:00:00,46.890533421801344,10.931671693225121,random-0377-no-landslide,99.0,No Rutschung,264.895751953125
2024-01-24 18:00:00,46.404930947513876,10.830617088811998,random-0378-no-landslide,99.0,No Rutschung,
2022-08-12 10:00:00,46.88700230741398,12.290570793598736,random-0379-no-landslide,99.0,No Rutschung,284.43505859375
2016-11-24 09:00:00,47.000729075292504,10.608680683291025,random-0380-no-landslide,99.0,No Rutschung,274.482666015625
2019-02-09 23:00:00,46.70480348202046,11.469641555854507,random-0381-no-landslide,99.0,No Rutschung,262.9457092285156
2016-10-28 04:00:00,46.54480896714728,10.825693900556209,random-0382-no-landslide,99.0,No Rutschung,273.868408203125
2018-10-03 22:00:00,47.02240300167802,11.419014315885644,random-0383-no-landslide,99.0,No Rutschung,278.539794921875
2020-09-25 15:00:00,46.40807808918285,12.026089553294529,random-0384-no-landslide,99.0,No Rutschung,282.00341796875
2016-01-14 23:00:00,46.941690811868455,10.565713736248668,random-0385-no-landslide,99.0,No Rutschung,261.66461181640625
2017-07-29 01:00:00,46.446692540038505,11.231987710805882,random-0386-no-landslide,99.0,No Rutschung,291.445556640625
2020-07-10 12:00:00,46.90768513579353,10.583499829954238,random-0387-no-landslide,99.0,No Rutschung,291.116943359375
2022-08-16 18:00:00,46.750938151538634,12.014276946555887,random-0388-no-landslide,99.0,No Rutschung,292.06298828125
2016-01-24 07:00:00,46.45340294986323,11.875332811991097,random-0389-no-landslide,99.0,No Rutschung,264.5824890136719
2022-05-05 16:00:00,46.43618266311122,11.197428586199266,random-0390-no-landslide,99.0,No Rutschung,291.466064453125
2023-08-19 16:00:00,46.29395544053143,11.427783277238907,random-0391-no-landslide,99.0,No Rutschung,296.9267578125
2024-01-28 16:00:00,47.01853474369583,12.173155628627251,random-0392-no-landslide,99.0,No Rutschung,
2019-12-29 04:00:00,46.61193590770445,11.426419690163021,random-0393-no-landslide,99.0,No Rutschung,262.65911865234375
2022-12-02 02:00:00,46.50626295438969,12.042634627506224,random-0394-no-landslide,99.0,No Rutschung,268.7804870605469
2016-03-13 02:00:00,46.917473764102525,11.517360108104072,random-0395-no-landslide,99.0,No Rutschung,268.98846435546875
2020-02-08 07:00:00,46.920392938780125,11.475251322278018,random-0396-no-landslide,99.0,No Rutschung,264.4147644042969
2023-03-15 04:00:00,46.793215329966756,12.122319506706203,random-0397-no-landslide,99.0,No Rutschung,267.9500732421875
2016-01-27 16:00:00,46.72178511170508,11.772350808354702,random-0398-no-landslide,99.0,No Rutschung,272.82275390625
2019-09-07 12:00:00,46.93111828649359,10.854353391235664,random-0399-no-landslide,99.0,No Rutschung,277.692138671875
2025-03-22 17:00:00,46.23354840252673,12.144342502027683,random-0400-no-landslide,99.0,No Rutschung,
2020-07-27 06:00:00,46.821186252301096,11.12717496580091,random-0401-no-landslide,99.0,No Rutschung,282.300537109375
2016-08-09 12:00:00,46.67209950038946,10.502611976165198,random-0402-no-landslide,99.0,No Rutschung,291.443115234375
2020-09-28 19:00:00,46.23453583385946,11.449459805996124,random-0403-no-landslide,99.0,No Rutschung,279.0654296875
2023-11-06 12:00:00,46.48925082266362,10.657777405504325,random-0404-no-landslide,99.0,No Rutschung,271.653564453125
2016-12-05 07:00:00,46.43622229507701,11.68198098178949,random-0405-no-landslide,99.0,No Rutschung,268.8236999511719
2016-03-04 01:00:00,46.88101240310093,10.517482415368121,random-0406-no-landslide,99.0,No Rutschung,257.891845703125
2021-04-27 00:00:00,46.83512953769762,10.700566516035733,random-0407-no-landslide,99.0,No Rutschung,269.626220703125
2018-01-14 05:00:00,46.89807742077289,11.308788711488383,random-0408-no-landslide,99.0,No Rutschung,256.7882080078125
2020-12-25 18:00:00,46.971222733003465,11.683492590949236,random-0409-no-landslide,99.0,No Rutschung,260.5478210449219
2024-12-07 20:00:00,46.77691818566341,12.253093552594994,random-0410-no-landslide,99.0,No Rutschung,
2018-07-23 18:00:00,46.361867751384224,12.27192289055146,random-0411-no-landslide,99.0,No Rutschung,291.94384765625
2023-08-02 21:00:00,46.69278303516625,10.626460085556806,random-0412-no-landslide,99.0,No Rutschung,287.853271484375
2022-08-26 11:00:00,46.26585805313382,11.661602182812228,random-0413-no-landslide,99.0,No Rutschung,290.12890625
2016-05-24 11:00:00,46.826075713243625,12.312276481741502,random-0414-no-landslide,99.0,No Rutschung,281.388427734375
2024-08-19 22:00:00,46.53475737563121,11.612011585304645,random-0415-no-landslide,99.0,No Rutschung,
2025-01-23 23:00:00,46.4870038094028,10.541887487205809,random-0416-no-landslide,99.0,No Rutschung,
2025-05-09 05:00:00,46.773264886999975,11.941145474618187,random-0417-no-landslide,99.0,No Rutschung,
2025-02-18 17:00:00,46.602347985901616,10.797725030711534,random-0418-no-landslide,99.0,No Rutschung,
2020-12-16 15:00:00,46.58869698518297,11.297457746744138,random-0419-no-landslide,99.0,No Rutschung,272.990966796875
2022-04-15 08:00:00,46.886775541406394,11.486029345441645,random-0420-no-landslide,99.0,No Rutschung,280.320556640625
2023-04-04 12:00:00,46.29501778570402,10.913346903093002,random-0421-no-landslide,99.0,No Rutschung,280.44091796875
2019-04-01 23:00:00,46.33397865920743,10.930707706964615,random-0422-no-landslide,99.0,No Rutschung,280.352783203125
2020-05-26 20:00:00,46.811446297261654,10.55905136969427,random-0423-no-landslide,99.0,No Rutschung,279.1708984375
2018-10-11 19:00:00,46.73763443434778,11.285389077483153,random-0424-no-landslide,99.0,No Rutschung,282.146484375
2024-02-19 07:00:00,46.581463949276426,11.921859982654144,random-0425-no-landslide,99.0,No Rutschung,
2019-12-10 07:00:00,46.941036421210804,11.2659540428077,random-0426-no-landslide,99.0,No Rutschung,265.9731140136719
2024-03-29 23:00:00,46.79843705531487,12.123868975770474,random-0427-no-landslide,99.0,No Rutschung,
2020-05-13 00:00:00,46.60606506860725,12.116829406971762,random-0428-no-landslide,99.0,No Rutschung,273.16015625
2019-04-28 18:00:00,46.92076091834969,10.847441988422766,random-0429-no-landslide,99.0,No Rutschung,265.979248046875
2019-11-01 13:00:00,46.59053273717163,10.78785120409771,random-0430-no-landslide,99.0,No Rutschung,280.044921875
2016-07-21 01:00:00,46.727840808740524,11.923598878224016,random-0431-no-landslide,99.0,No Rutschung,286.647705078125
2023-12-07 01:00:00,46.95515255675416,11.05059861584194,random-0432-no-landslide,99.0,No Rutschung,255.78659057617188
2015-09-23 21:00:00,46.612680658276695,11.990007190590706,random-0433-no-landslide,99.0,No Rutschung,270.749755859375
2023-08-27 08:00:00,46.42646209628406,11.636153820146667,random-0434-no-landslide,99.0,No Rutschung,285.871826171875
2024-06-10 11:00:00,46.62069677292645,10.87548985466517,random-0435-no-landslide,99.0,No Rutschung,
2022-03-05 19:00:00,46.488846433315224,11.71883022428564,random-0436-no-landslide,99.0,No Rutschung,262.4634704589844
2019-01-18 13:00:00,47.01286505399663,11.310669822034102,random-0437-no-landslide,99.0,No Rutschung,264.777587890625
2018-01-31 06:00:00,46.28711153029152,10.522247316456825,random-0438-no-landslide,99.0,No Rutschung,263.6959228515625
2021-05-16 16:00:00,47.00518371205115,11.240169363056367,random-0439-no-landslide,99.0,No Rutschung,273.15966796875
2019-10-07 13:00:00,46.83197103733451,11.729048395176338,random-0440-no-landslide,99.0,No Rutschung,286.20947265625
2018-07-20 16:00:00,46.8058873673116,12.198098453355492,random-0441-no-landslide,99.0,No Rutschung,289.63330078125
2018-01-31 08:00:00,47.01470444753931,10.953130973053552,random-0442-no-landslide,99.0,No Rutschung,264.3697509765625
2023-10-27 19:00:00,46.61334443417285,10.534864091774242,random-0443-no-landslide,99.0,No Rutschung,277.8128967285156
2018-02-11 02:00:00,46.97855217751245,11.95123822235963,random-0444-no-landslide,99.0,No Rutschung,259.8707275390625
2020-03-22 04:00:00,46.93183166313554,11.4995268938952,random-0445-no-landslide,99.0,No Rutschung,272.484619140625
2016-10-02 04:00:00,46.51421535823747,12.04232249624943,random-0446-no-landslide,99.0,No Rutschung,281.245361328125
2024-12-25 14:00:00,46.389310396656846,12.328336657811263,random-0447-no-landslide,99.0,No Rutschung,
2021-06-26 11:00:00,46.388746250747275,11.997579406068823,random-0448-no-landslide,99.0,No Rutschung,291.393310546875
2018-08-04 13:00:00,46.9867595187076,11.75410880045096,random-0449-no-landslide,99.0,No Rutschung,288.653564453125
2022-10-11 03:00:00,46.974552747073844,10.559582121352888,random-0450-no-landslide,99.0,No Rutschung,277.787841796875
2023-11-24 07:00:00,46.46728676781643,11.646696121451697,random-0451-no-landslide,99.0,No Rutschung,269.39501953125
2022-09-29 01:00:00,46.79777082971961,12.129191451022473,random-0452-no-landslide,99.0,No Rutschung,277.769287109375
2020-07-30 06:00:00,46.7167286647035,11.96548352958047,random-0453-no-landslide,99.0,No Rutschung,288.304931640625
2024-11-11 00:00:00,46.66526352431537,12.173785289771129,random-0454-no-landslide,99.0,No Rutschung,
2021-04-01 13:00:00,46.61218839937682,11.966249888975403,random-0455-no-landslide,99.0,No Rutschung,273.159912109375
2023-12-01 18:00:00,46.81170054036327,11.48486728875108,random-0456-no-landslide,99.0,No Rutschung,272.3779296875
2023-06-23 23:00:00,46.74700037142189,11.609922449922209,random-0457-no-landslide,99.0,No Rutschung,285.060302734375
2021-08-24 01:00:00,46.57458494111153,12.130806448390798,random-0458-no-landslide,99.0,No Rutschung,280.92626953125
2019-07-20 14:00:00,46.671448335730894,11.432121540583909,random-0459-no-landslide,99.0,No Rutschung,294.078125
2019-02-24 14:00:00,47.02240152156681,10.927717756163661,random-0460-no-landslide,99.0,No Rutschung,273.16015625
2021-08-11 01:00:00,46.55039542081822,10.65296837408688,random-0461-no-landslide,99.0,No Rutschung,281.86328125
2022-05-26 01:00:00,46.434534508625795,10.557836250631805,random-0462-no-landslide,99.0,No Rutschung,276.276123046875
2022-07-29 16:00:00,46.80818245427156,12.124148893086804,random-0463-no-landslide,99.0,No Rutschung,293.216552734375
2018-02-11 16:00:00,46.81469361369049,11.676280030122694,random-0464-no-landslide,99.0,No Rutschung,272.955322265625
2017-08-10 09:00:00,46.26137506710579,12.347378752644621,random-0465-no-landslide,99.0,No Rutschung,295.049560546875
2018-06-30 11:00:00,46.57853250278983,11.582615032555575,random-0466-no-landslide,99.0,No Rutschung,302.048583984375
2019-03-15 07:00:00,46.924581129493625,11.41056697719628,random-0467-no-landslide,99.0,No Rutschung,271.847900390625
2020-04-23 13:00:00,46.75075299990544,11.983310510558171,random-0468-no-landslide,99.0,No Rutschung,287.759521484375
2016-08-05 18:00:00,46.397112346963645,12.206596829108742,random-0469-no-landslide,99.0,No Rutschung,283.263427734375
2019-03-30 02:00:00,46.417112376219166,12.063797103784337,random-0470-no-landslide,99.0,No Rutschung,272.458251953125
2023-02-22 22:00:00,46.952921335903646,11.839078682922523,random-0471-no-landslide,99.0,No Rutschung,271.999755859375
2017-06-02 18:00:00,46.526190977165825,11.683340451492871,random-0472-no-landslide,99.0,No Rutschung,284.436279296875
2024-02-29 21:00:00,46.909429323232665,10.838936375263232,random-0473-no-landslide,99.0,No Rutschung,
2025-04-09 12:00:00,46.922453512437706,10.962828674906032,random-0474-no-landslide,99.0,No Rutschung,
2020-10-27 19:00:00,46.69058997883067,11.609248801079081,random-0475-no-landslide,99.0,No Rutschung,275.63818359375
2017-11-22 01:00:00,46.35959657803369,11.609309484152648,random-0476-no-landslide,99.0,No Rutschung,269.5947265625
2020-01-09 06:00:00,46.54704051664272,11.084220582557721,random-0477-no-landslide,99.0,No Rutschung,272.726318359375
2016-07-02 15:00:00,46.69775096664611,10.517403876233207,random-0478-no-landslide,99.0,No Rutschung,293.972412109375
2016-11-20 14:00:00,46.418095877715935,11.242253789038914,random-0479-no-landslide,99.0,No Rutschung,280.76025390625
2018-05-24 14:00:00,46.36455803064009,10.637953108560108,random-0480-no-landslide,99.0,No Rutschung,273.159912109375
2018-07-12 11:00:00,46.762198394299176,11.339711782866662,random-0481-no-landslide,99.0,No Rutschung,288.493896484375
2016-01-18 07:00:00,46.42739669488616,11.306258174252186,random-0482-no-landslide,99.0,No Rutschung,265.3095397949219
2020-09-10 14:00:00,46.362855921593834,10.812878453086899,random-0483-no-landslide,99.0,No Rutschung,289.19091796875
2020-04-06 12:00:00,46.51336434073112,11.632847194302506,random-0484-no-landslide,99.0,No Rutschung,273.159912109375
2023-04-13 00:00:00,46.901299838174126,11.388056322740573,random-0485-no-landslide,99.0,No Rutschung,277.1904296875
2023-08-13 19:00:00,46.91725354596923,11.335207194509419,random-0486-no-landslide,99.0,No Rutschung,292.098876953125
2018-05-23 09:00:00,46.31852652323789,10.885431445161357,random-0487-no-landslide,99.0,No Rutschung,287.430419921875
2024-02-02 01:00:00,46.32732178555006,12.345589983710978,random-0488-no-landslide,99.0,No Rutschung,
2023-03-11 05:00:00,46.73880994323738,10.597188233502893,random-0489-no-landslide,99.0,No Rutschung,269.693359375
2016-09-08 06:00:00,46.4810713356507,12.246822711425366,random-0490-no-landslide,99.0,No Rutschung,283.28125
2018-10-01 02:00:00,46.77717456867609,11.593825965216675,random-0491-no-landslide,99.0,No Rutschung,281.399658203125
2016-05-17 05:00:00,46.9975583991282,12.34547244313497,random-0492-no-landslide,99.0,No Rutschung,272.431640625
2016-04-11 15:00:00,46.48662214239559,10.533016861699336,random-0493-no-landslide,99.0,No Rutschung,273.15966796875
2021-05-26 17:00:00,46.618509760672126,11.464659360551897,random-0494-no-landslide,99.0,No Rutschung,284.238037109375
2016-10-02 03:00:00,46.32952689323755,11.495792185483223,random-0495-no-landslide,99.0,No Rutschung,282.04345703125
2022-04-18 05:00:00,46.790284782182,11.076332892445938,random-0496-no-landslide,99.0,No Rutschung,271.75421142578125
2022-03-07 23:00:00,46.37935411196802,10.804164432860825,random-0497-no-landslide,99.0,No Rutschung,268.7926025390625
2022-10-20 00:00:00,46.416132824225606,10.792536952516768,random-0498-no-landslide,99.0,No Rutschung,278.8515625
2025-03-06 04:00:00,46.75602402758283,10.977929412578964,random-0499-no-landslide,99.0,No Rutschung,
2025-04-24 16:00:00,46.243393913861496,11.2004359433508,random-0500-no-landslide,99.0,No Rutschung,
