Datum,Latitude,Longitude,UUID,MOVEMENT_C,MOVEMENT_D,Temperature_500hPa_K,Temperature_700hPa_K,Temperature_850hPa_K
2024-02-10 00:00:00,46.70025318766257,12.370473526391768,88312458-fa9c-11ef-b94d-ea6559d31cf8,2.0,Gleitung rotational/translational,,,
2024-02-03 00:00:00,46.72475733759582,11.882005300940516,f1cb0346-bd1d-11ef-84d1-0242ac120012,2.0,Gleitung rotational/translational,,,
2024-11-03 00:00:00,46.566466465786434,11.521634676710686,c307625e-0afa-11f0-84e3-c270514588df,5.0,Schnelles Fliessen (Mure),,,
2024-04-06 00:00:00,46.75969287038833,11.870043963369994,9b9cd8de-0afa-11f0-abb1-c270514588df,5.0,Schnelles Fliessen (Mure),,,
2024-01-04 00:00:00,46.94767585473534,11.378002835421038,b5222930-1388-11f0-9c02-c270514588df,2.0,Gleitung rotational/translational,,,
2024-01-04 00:00:00,46.9473952832723,11.377935236653201,a7a0417a-1388-11f0-9c02-c270514588df,2.0,Gleitung rotational/translational,,,
2024-01-04 00:00:00,46.94709615408428,11.378690394948324,9a30eb98-1388-11f0-895b-c270514588df,5.0,Schnelles Fliessen (Mure),,,
2024-01-04 00:00:00,46.946773040112575,11.379843171799802,868dfa7c-1388-11f0-895b-c270514588df,5.0,Schnelles Fliessen (Mure),,,
2025-08-04 00:00:00,46.526862594226564,11.761390970767248,5f878344-7378-11f0-8574-b2374db36148,2.0,Gleitung rotational/translational,,,
2024-11-07 09:00:00,46.759936912800676,11.847925174873554,37a0dbcc-0afb-11f0-9778-c270514588df,5.0,Schnelles Fliessen (Mure),,,
2024-11-07 23:00:00,46.87445344187565,11.632217912804444,71103b34-dc82-11ef-ad9c-0242ac12000f,5.0,Schnelles Fliessen (Mure),,,
2024-12-07 10:00:00,46.27249442627869,11.257424672285998,773063b4-f2b1-11ef-a786-0242ac120004,5.0,Schnelles Fliessen (Mure),,,
2024-09-10 21:00:00,46.55358509632782,11.758732545912775,f89c5246-81b3-11f0-9d27-b2374db36148,2.0,Gleitung rotational/translational,,,
2025-06-02 00:00:00,46.85197540125251,11.560480684262263,b1a54cec-62f7-11f0-a475-f6c58cc4d7d9,2.0,Gleitung rotational/translational,,,
2025-08-04 09:30:00,46.47662379967731,11.491657574780866,46b884a8-660d-11f0-a7e7-f6c58cc4d7d9,2.0,Gleitung rotational/translational,,,
2025-09-04 12:00:00,46.52636050371843,11.517000035723958,432c3a3c-660d-11f0-894b-f6c58cc4d7d9,7.0,Komplexe Rutschung,,,
2025-09-04 10:00:00,46.488196303597036,11.418447830881261,40d2bbd0-660d-11f0-9fbd-f6c58cc4d7d9,2.0,Gleitung rotational/translational,,,
2025-02-07 08:00:00,46.667431906299925,11.024598813953677,2171af3c-71cd-11f0-9abc-b2374db36148,5.0,Schnelles Fliessen (Mure),,,
2020-01-10 00:00:00,46.65523772300796,11.90360360247025,04e6d318-6897-11f0-bea8-b2374db36148,2.0,Gleitung rotational/translational,257.9628601074219,271.607421875,270.928955078125
2020-07-12 00:00:00,46.42706997495975,11.347703441683286,62ff62ec-f88a-11ec-a2b8-0242ac13000d,5.0,Schnelles Fliessen (Mure),259.1663818359375,274.38134765625,283.940185546875
2020-07-12 00:00:00,46.602179328322414,11.200975361133583,18ad6a22-f88a-11ec-b4f3-0242ac13000d,2.0,Gleitung rotational/translational,259.2039794921875,273.554443359375,283.277099609375
2022-01-07 00:00:00,46.29067917124432,11.209115251713408,cf2d2d2a-b9f8-11ed-aac4-0242ac130003,2.0,Gleitung rotational/translational,248.16905212402344,261.674560546875,265.62646484375
2021-06-07 00:00:00,46.59823943319239,11.547703792171662,bd494554-f88c-11ec-858d-0242ac13000d,2.0,Gleitung rotational/translational,256.8818359375,273.1572265625,283.666748046875
2021-05-08 00:00:00,46.84585337775442,11.977607920007483,c33e0ce4-cafe-11ec-9be2-0242ac13000d,2.0,Gleitung rotational/translational,250.96397399902344,264.848388671875,272.85791015625
2021-04-08 00:00:00,46.83778337652303,11.774752995740137,9d5b59f2-7321-11ed-a180-0242ac13000b,5.0,Schnelles Fliessen (Mure),240.34059143066406,255.1002655029297,265.36279296875
2020-11-08 00:00:00,46.83717751481528,11.746833948494643,fcac6b12-cae3-11ec-8d2f-0242ac13000d,2.0,Gleitung rotational/translational,255.50794982910156,274.1202392578125,274.5556640625
2020-11-08 00:00:00,46.80178212056506,11.795499132326379,02c59a42-cb01-11ec-801d-0242ac13000d,2.0,Gleitung rotational/translational,255.48243713378906,274.0797119140625,273.91748046875
2020-06-12 00:00:00,46.651279591892994,11.056340299887038,5a343280-cb00-11ec-b654-0242ac13000d,2.0,Gleitung rotational/translational,257.16082763671875,272.682373046875,279.973876953125
2016-12-07 17:30:00,46.58106323102008,11.912079676236733,aa117746-0448-11ed-8c62-0242ac13000d,2.0,Gleitung rotational/translational,253.69252014160156,270.0843505859375,274.09423828125
2022-01-08 00:00:00,46.63163640711229,10.715930680815411,348bbee0-a2e6-11ed-acab-0242ac13000f,2.0,Gleitung rotational/translational,242.2646942138672,258.9541015625,267.807861328125
2022-06-09 00:00:00,46.46832642739838,11.2306621940898,f107daa6-c03a-11ed-8172-0242ac130003,2.0,Gleitung rotational/translational,256.9542541503906,272.075439453125,281.74365234375
2022-04-12 00:00:00,46.50540291235454,11.502401596184503,200586a6-c35f-11ed-9244-0242ac130003,2.0,Gleitung rotational/translational,255.63796997070312,273.083251953125,274.65576171875
2019-01-07 00:00:00,46.759081908167865,12.26130706815689,0508ba4a-1efd-11ee-847e-0242ac13000b,2.0,Gleitung rotational/translational,247.4031524658203,261.26507568359375,270.08837890625
2019-01-07 00:00:00,46.7613255142583,12.240269943451406,3631d7ec-1f29-11ee-a347-0242ac13000b,2.0,Gleitung rotational/translational,247.4119415283203,261.16009521484375,269.88720703125
2019-01-11 00:00:00,46.741654780876345,12.22789888865138,07b20b46-1cca-11ee-8395-0242ac13000b,2.0,Gleitung rotational/translational,240.8681640625,256.3484802246094,264.89453125
2019-01-12 00:00:00,46.743625325976645,12.220102462111294,6b0d0c08-5c6d-11ee-baa5-0242ac13000b,2.0,Gleitung rotational/translational,249.53334045410156,262.36328125,267.068603515625
2022-05-08 17:30:00,46.686077656924304,11.892476423846905,3df94fa4-c363-11ed-9a4b-0242ac130003,5.0,Schnelles Fliessen (Mure),253.77357482910156,270.57147216796875,283.4927978515625
2022-05-08 17:30:00,46.68471838140809,11.89388406720843,832947aa-c363-11ed-a9d2-0242ac130003,5.0,Schnelles Fliessen (Mure),253.77357482910156,270.57147216796875,283.4927978515625
2021-05-08 00:00:00,46.9189940225061,11.798804122252683,f2923a9c-47b9-11ec-8af6-0242ac13000d,2.0,Gleitung rotational/translational,251.20811462402344,264.512451171875,272.50537109375
2021-05-08 00:00:00,46.92023130520921,11.790426888456318,33508812-47bb-11ec-b403-0242ac13000d,2.0,Gleitung rotational/translational,251.20811462402344,264.512451171875,272.50537109375
2021-05-08 00:00:00,46.92170271868026,11.790269396827455,744c7fe2-47bb-11ec-a6b8-0242ac13000d,2.0,Gleitung rotational/translational,251.20811462402344,264.512451171875,272.50537109375
2021-05-08 00:00:00,46.835484134011736,11.478829872683807,6f743094-47bd-11ec-a502-0242ac13000d,5.0,Schnelles Fliessen (Mure),251.65538024902344,265.066162109375,273.0849609375
2021-04-05 00:00:00,46.70418478455445,11.872162419463697,8751ee12-5295-11ec-8250-0242ac13000d,2.0,Gleitung rotational/translational,251.51889038085938,265.962890625,270.6142578125
2021-04-06 00:00:00,46.72314481161225,11.954156204614048,5e63b688-5296-11ec-9454-0242ac13000d,2.0,Gleitung rotational/translational,246.6524200439453,261.7718811035156,271.0859375
2021-05-10 00:00:00,46.54268073532477,11.326379904082538,243e2de6-b04a-11ec-a59c-0242ac13000d,2.0,Gleitung rotational/translational,258.608154296875,273.49560546875,281.860595703125
2021-05-08 00:00:00,46.866192728605895,11.513296249032317,e6c36268-47be-11ec-ab1e-0242ac13000d,2.0,Gleitung rotational/translational,251.65538024902344,265.066162109375,273.0849609375
2021-10-06 00:00:00,46.61713294732987,11.866765119131644,c28cea70-585d-11ee-8594-0242ac13000b,2.0,Gleitung rotational/translational,255.4755859375,271.505126953125,280.625
2018-09-01 06:10:00,46.60975414430544,10.781621323699675,acf80e96-c566-11ec-8cc0-0242ac13000d,5.0,Schnelles Fliessen (Mure),257.431640625,271.90966796875,282.005126953125
2021-09-06 00:00:00,46.54774589060285,11.69544092799202,f4dd460c-d361-11ef-b025-0242ac120003,2.0,Gleitung rotational/translational,258.0667724609375,274.2890625,282.067626953125
2021-05-08 00:00:00,46.56569779003112,11.52480224307359,d60a9f16-3e60-11ec-a759-0242ac13000d,2.0,Gleitung rotational/translational,251.97080993652344,265.597412109375,274.68359375
2021-05-08 00:00:00,46.91499097215181,11.69023325235342,2565a18a-25db-11ec-a20e-0242ac130002,2.0,Gleitung rotational/translational,251.31114196777344,264.694091796875,272.56005859375
2021-05-08 00:00:00,46.88300081672436,11.719059773228315,4047b88c-25de-11ec-823f-0242ac130002,2.0,Gleitung rotational/translational,251.41612243652344,264.798095703125,273.029296875
2021-09-08 00:00:00,46.8920815335991,11.407146326332382,ad6bea96-25de-11ec-83a5-0242ac130002,2.0,Gleitung rotational/translational,258.3406066894531,274.489990234375,282.741943359375
2021-05-08 00:00:00,46.439694016427765,11.479957914985631,7bad5f94-3899-11ec-b20a-0242ac130002,2.0,Gleitung rotational/translational,252.03184509277344,266.577392578125,275.353515625
2021-05-08 00:00:00,46.87713260842906,11.492272443680097,fc0d508c-2786-11ec-9924-0242ac130002,2.0,Gleitung rotational/translational,251.65538024902344,265.066162109375,273.0849609375
2021-09-08 00:00:00,46.89012953717707,11.455083352876368,22ceb5e8-389a-11ec-82e3-0242ac130002,2.0,Gleitung rotational/translational,258.3406066894531,274.489990234375,282.741943359375
2021-05-08 00:00:00,46.48512789628533,11.438533921734685,aaa42eb6-389b-11ec-aac5-0242ac130002,2.0,Gleitung rotational/translational,252.13096618652344,266.102783203125,275.2900390625
2021-05-08 00:00:00,46.53931421594158,11.388833833101238,a1bf39c0-389c-11ec-8aad-0242ac130002,2.0,Gleitung rotational/translational,252.13536071777344,265.766845703125,275.173828125
2021-08-08 00:00:00,46.87557337934325,11.49720301415909,e7f7b3e0-389c-11ec-aba8-0242ac130002,2.0,Gleitung rotational/translational,262.32421875,275.582763671875,284.38037109375
2020-08-12 00:00:00,46.48833504854909,11.24696177673015,4a2cd72a-4860-11ec-8b77-0242ac13000d,2.0,Gleitung rotational/translational,263.05712890625,279.655517578125,288.661376953125
2020-05-12 00:00:00,46.48020445847947,11.26211888112004,959df324-4879-11ec-9060-0242ac13000d,2.0,Gleitung rotational/translational,255.02613830566406,270.773193359375,280.25537109375
2021-01-08 00:00:00,46.650196641680076,11.361238427619169,801b88e4-389e-11ec-9225-0242ac130002,2.0,Gleitung rotational/translational,239.63755798339844,257.6212158203125,263.422119140625
2021-08-08 00:00:00,46.87631852966007,11.424746909111175,f74a9b4e-389e-11ec-a2e0-0242ac130002,2.0,Gleitung rotational/translational,262.164794921875,275.492919921875,284.3271484375
2021-08-08 00:00:00,46.86259739826822,11.484053217456223,43c20818-389f-11ec-8478-0242ac130002,2.0,Gleitung rotational/translational,262.32421875,275.582763671875,284.38037109375
2020-05-12 00:00:00,46.56460914288428,11.52396537711623,9b0dbf88-3e60-11ec-855a-0242ac13000d,2.0,Gleitung rotational/translational,254.93116760253906,270.473388671875,280.6337890625
2020-05-12 00:00:00,46.26870126445248,11.241097905787203,81004bd0-487c-11ec-87fd-0242ac13000d,2.0,Gleitung rotational/translational,255.10816955566406,271.308349609375,280.8447265625
2021-05-08 00:00:00,46.9021462855348,11.878095559361153,ecaae614-4175-11ec-8520-0242ac13000d,2.0,Gleitung rotational/translational,251.06748962402344,264.354736328125,272.41259765625
2021-05-08 00:00:00,46.89989438416883,11.852021483227517,6c0edb86-4176-11ec-8167-0242ac13000d,2.0,Gleitung rotational/translational,251.06748962402344,264.354736328125,272.41259765625
2021-05-08 00:00:00,46.89643407515389,11.865901557067136,a9036e6c-4176-11ec-a51f-0242ac13000d,2.0,Gleitung rotational/translational,251.06748962402344,264.354736328125,272.41259765625
2021-05-08 00:00:00,46.89646703882785,11.867395073291538,f647f378-4176-11ec-a2a7-0242ac13000d,2.0,Gleitung rotational/translational,251.06748962402344,264.354736328125,272.41259765625
2021-05-08 00:00:00,46.89637252373677,11.844160396863264,2b9ddec0-4177-11ec-a300-0242ac13000d,2.0,Gleitung rotational/translational,251.06748962402344,264.354736328125,272.41259765625
2021-01-04 17:00:00,46.676032779514564,11.895321555901058,c30a7a68-4887-11ec-a1e7-0242ac13000d,2.0,Gleitung rotational/translational,242.2239227294922,261.173095703125,269.3447265625
2021-08-02 00:00:00,46.24790657535332,11.230960311297313,9b9802f6-4888-11ec-aeb1-0242ac13000d,2.0,Gleitung rotational/translational,257.83758544921875,274.214111328125,283.044677734375
2021-04-02 00:00:00,46.747874092605635,11.197447381450196,08468b20-4889-11ec-ab4f-0242ac13000d,2.0,Gleitung rotational/translational,253.23382568359375,269.937744140625,278.533935546875
2020-07-12 00:00:00,46.56973848954456,11.06542309194517,d0b4fd04-488d-11ec-9dbe-0242ac13000d,2.0,Gleitung rotational/translational,259.3736572265625,273.40087890625,282.704833984375
2021-12-02 00:00:00,46.66144823083201,11.550094220510193,55b78492-488c-11ec-969f-0242ac13000d,2.0,Gleitung rotational/translational,248.96636962890625,264.6162109375,271.93359375
2024-01-04 00:00:00,46.52595188593724,11.254519342555655,d35f0848-0afd-11f0-9666-c270514588df,2.0,Gleitung rotational/translational,,,
2024-01-04 00:00:00,46.53001328128115,11.260522868319415,573a2088-0afb-11f0-8720-c270514588df,2.0,Gleitung rotational/translational,,,
2024-01-04 11:00:00,46.58330328739591,11.167226915109623,3ddf370c-0bad-11ef-b4aa-0242ac120003,2.0,Gleitung rotational/translational,,,
2024-02-04 00:00:00,46.38303068367002,11.272011655078606,1e9c745e-f2b6-11ef-9170-0242ac120004,2.0,Gleitung rotational/translational,,,
2024-12-02 00:00:00,46.661553965502875,11.187660233289547,02257356-0f9a-11f0-b85e-c270514588df,7.0,Komplexe Rutschung,,,
2024-03-04 18:00:00,46.38311065436588,11.282819980970343,8f58c23c-d96c-11ef-bdf0-0242ac12000f,2.0,Gleitung rotational/translational,,,
2024-02-03 00:00:00,46.72428011180981,11.880097661211282,b8d53206-bd1c-11ef-8969-0242ac120012,2.0,Gleitung rotational/translational,,,
2024-05-03 00:00:00,46.480319154985,11.262216920293232,87b91e36-6950-11f0-bd0c-b2374db36148,2.0,Gleitung rotational/translational,,,
2024-02-06 05:00:00,46.68658413249887,10.607653928695285,faecc6a0-6865-11f0-bda7-b2374db36148,2.0,Gleitung rotational/translational,,,
2023-03-11 00:00:00,46.60912322891836,11.379946604604307,60e16308-96a7-11ef-958f-0242ac120010,2.0,Gleitung rotational/translational,253.7681121826172,263.887939453125,276.08349609375
2023-03-11 00:00:00,46.601681612032486,11.585994101332837,d0fbad10-96a7-11ef-958f-0242ac120010,2.0,Gleitung rotational/translational,254.3550262451172,264.297607421875,276.22216796875
2023-03-11 00:00:00,46.56545600844298,11.552435850506996,fad1cade-96a7-11ef-958f-0242ac120010,2.0,Gleitung rotational/translational,254.3550262451172,264.297607421875,276.22216796875
2023-03-11 00:00:00,46.42576986456934,11.349238433020709,26a88c10-96a8-11ef-924e-0242ac120010,5.0,Schnelles Fliessen (Mure),254.2725067138672,265.503662109375,276.623046875
2023-03-11 11:00:00,46.31443709945472,11.278788704654215,496eccaa-96a8-11ef-99f8-0242ac120010,2.0,Gleitung rotational/translational,250.71157836914062,267.675537109375,279.35546875
2023-03-11 11:00:00,46.22945353763133,11.212943563568222,0dc32258-b2f2-11ef-a893-0242ac120012,2.0,Gleitung rotational/translational,250.72964477539062,268.205322265625,279.47607421875
2023-02-11 00:00:00,46.69561174491313,10.50051741685961,52fa8a82-96aa-11ef-9d2c-0242ac120010,2.0,Gleitung rotational/translational,250.81283569335938,266.37109375,269.21826171875
2023-03-11 00:00:00,46.80109409501621,11.662994011523448,991f20c2-96aa-11ef-924e-0242ac120010,2.0,Gleitung rotational/translational,253.4717254638672,263.489013671875,275.421875
2023-03-11 00:00:00,46.582572154155315,11.170930925684006,06872b2c-0633-11ef-af62-0242ac120003,2.0,Gleitung rotational/translational,254.3975067138672,265.685302734375,276.572265625
2023-03-11 00:00:00,46.52411707917843,10.93426944572017,dcf2d8b0-b2f3-11ef-bb54-0242ac120012,2.0,Gleitung rotational/translational,255.7837371826172,268.353271484375,276.80029296875
2024-12-03 05:00:00,46.59691874403544,11.094513914729603,b070fca0-f2b2-11ef-a967-0242ac120004,2.0,Gleitung rotational/translational,,,
2024-02-04 05:00:00,46.43282911967888,11.472422927143345,e5cda810-df09-11ef-9618-0242ac12000f,2.0,Gleitung rotational/translational,,,
2024-03-06 04:00:00,46.754869616944674,11.874286525138874,1e4adb3a-f513-11ef-979e-0242ac120004,7.0,Komplexe Rutschung,,,
2024-02-06 00:00:00,46.439498128533565,11.47761402508884,42691fd6-f513-11ef-bd00-0242ac120004,2.0,Gleitung rotational/translational,,,
2023-03-11 00:00:00,46.52901221123396,11.27997003803938,d6e19702-96c1-11ef-9efe-0242ac120010,2.0,Gleitung rotational/translational,254.0171356201172,264.689697265625,276.48681640625
2023-03-11 16:00:00,46.455476878802,11.25440447063902,1053efe6-b2f4-11ef-b57a-0242ac120012,2.0,Gleitung rotational/translational,249.60354614257812,267.72412109375,280.243408203125
2024-01-04 08:00:00,46.23927659586938,11.225513058209712,7c84bd1c-df09-11ef-b544-0242ac12000f,2.0,Gleitung rotational/translational,,,
2024-01-04 02:00:00,46.3156339924021,11.299530249305365,5ea758b8-df09-11ef-9716-0242ac12000f,2.0,Gleitung rotational/translational,,,
2024-01-04 02:00:00,46.322935119263136,11.303619659671785,413c329e-df09-11ef-a08b-0242ac12000f,2.0,Gleitung rotational/translational,,,
2024-01-04 02:00:00,46.33341453789939,11.307651372181276,f7b6931a-0bd3-11f0-bc6c-c270514588df,5.0,Schnelles Fliessen (Mure),,,
2024-01-04 02:00:00,46.573562823121115,11.355977499842693,8f3b63ce-0bb5-11f0-b60f-c270514588df,2.0,Gleitung rotational/translational,,,
2024-01-04 02:00:00,46.542999464422834,11.328247680633824,0e379888-d96f-11ef-9924-0242ac12000f,2.0,Gleitung rotational/translational,,,
2024-01-04 02:00:00,46.94452006902365,11.378661593727273,6416a3ae-1388-11f0-864d-c270514588df,5.0,Schnelles Fliessen (Mure),,,
2024-01-04 02:00:00,46.623146051905536,11.51199615031822,8a2e3628-d96e-11ef-bd60-0242ac12000f,7.0,Komplexe Rutschung,,,
2023-07-08 00:00:00,46.61926955856876,11.553090970041982,23919444-96a4-11ef-870d-0242ac120010,5.0,Schnelles Fliessen (Mure),260.742431640625,277.472900390625,285.958251953125
2023-03-07 21:00:00,46.437998417005105,11.47776059362148,6dfbac5c-b087-11ef-b4f7-0242ac120012,5.0,Schnelles Fliessen (Mure),249.1077880859375,264.116943359375,274.532470703125
2023-04-09 00:00:00,46.5587549670059,10.56120267449884,2d851874-06f6-11ef-b897-0242ac120003,2.0,Gleitung rotational/translational,245.84706115722656,262.242431640625,273.106201171875
2020-12-22 16:00:00,46.91227776968499,11.200891000363136,random-0001-no-landslide,99.0,No Rutschung,254.6290283203125,271.3931884765625,278.20751953125
2021-02-25 11:00:00,46.34150960708131,11.61998250690712,random-0002-no-landslide,99.0,No Rutschung,254.15199279785156,273.4169921875,280.059814453125
2019-05-14 21:00:00,46.5592963409465,10.687466121493449,random-0003-no-landslide,99.0,No Rutschung,244.07643127441406,260.840087890625,273.0078125
2025-08-01 22:00:00,46.244237780820875,11.824582059701509,random-0004-no-landslide,99.0,No Rutschung,,,
2024-11-19 00:00:00,46.36004428688617,10.897582234165078,random-0005-no-landslide,99.0,No Rutschung,,,
2017-11-23 23:00:00,46.66875648782121,11.655180738311099,random-0006-no-landslide,99.0,No Rutschung,254.1230010986328,270.4364013671875,272.104736328125
2020-04-26 13:00:00,46.43862080551258,11.308235643451416,random-0007-no-landslide,99.0,No Rutschung,253.91685485839844,271.413818359375,284.344482421875
2021-09-21 08:00:00,46.43927834403183,10.761364813828123,random-0008-no-landslide,99.0,No Rutschung,256.51483154296875,271.811279296875,281.140380859375
2023-04-04 18:00:00,46.504146275203446,11.656872113061226,random-0009-no-landslide,99.0,No Rutschung,244.40965270996094,261.343017578125,272.076416015625
2018-09-28 03:00:00,46.718065594339166,12.108568234269761,random-0010-no-landslide,99.0,No Rutschung,261.6243896484375,278.23974609375,281.27880859375
2024-11-18 16:00:00,46.92299201389599,12.274891724493184,random-0011-no-landslide,99.0,No Rutschung,,,
2024-12-30 05:00:00,46.2409208562964,11.221229360498644,random-0012-no-landslide,99.0,No Rutschung,,,
2021-08-13 04:00:00,46.720188645314785,10.951224459607786,random-0013-no-landslide,99.0,No Rutschung,262.0078125,279.874267578125,289.322998046875
2024-09-21 22:00:00,46.510321993330685,10.824701709863394,random-0014-no-landslide,99.0,No Rutschung,,,
2019-09-01 07:00:00,46.45333138896725,11.739405010188541,random-0015-no-landslide,99.0,No Rutschung,261.507568359375,277.520751953125,286.2880859375
2021-03-13 07:00:00,46.63718858249891,10.889359199766256,random-0016-no-landslide,99.0,No Rutschung,249.5125274658203,263.6552734375,271.4990234375
2019-09-05 09:00:00,46.78617123008912,12.31359811525641,random-0017-no-landslide,99.0,No Rutschung,260.0347900390625,275.689697265625,287.023193359375
2023-04-25 20:00:00,46.658878645809466,12.173805287768266,random-0018-no-landslide,99.0,No Rutschung,246.5765380859375,263.781005859375,275.068603515625
2019-10-09 09:00:00,46.639159130706794,11.11113432249941,random-0019-no-landslide,99.0,No Rutschung,260.96435546875,275.423095703125,279.718505859375
2018-10-18 15:00:00,46.46311304161633,10.585090462075447,random-0020-no-landslide,99.0,No Rutschung,259.05291748046875,274.6070556640625,285.7919921875
2021-02-22 11:00:00,46.617072471478615,11.89797322258725,random-0021-no-landslide,99.0,No Rutschung,255.6143341064453,272.0048828125,275.90283203125
2023-03-26 23:00:00,46.42768230966237,11.635644817016583,random-0022-no-landslide,99.0,No Rutschung,245.33676147460938,263.37109375,275.007568359375
2023-07-10 18:00:00,46.28299747367661,12.000590562068878,random-0023-no-landslide,99.0,No Rutschung,263.7415771484375,281.949462890625,293.46533203125
2017-09-08 05:00:00,46.372175574867704,11.944581241260146,random-0024-no-landslide,99.0,No Rutschung,259.02783203125,273.314697265625,281.368408203125
2022-05-27 20:00:00,46.372266589834524,10.526846067366812,random-0025-no-landslide,99.0,No Rutschung,259.7086181640625,276.97265625,289.098388671875
2020-06-26 00:00:00,46.282634058968945,11.94275911374598,random-0026-no-landslide,99.0,No Rutschung,259.8255615234375,276.2412109375,283.376220703125
2025-08-02 05:00:00,46.849353680064105,10.717187472624373,random-0027-no-landslide,99.0,No Rutschung,,,
2022-07-03 23:00:00,46.70983025189413,11.193931273083795,random-0028-no-landslide,99.0,No Rutschung,261.15234375,279.800048828125,289.254638671875
2018-08-06 19:00:00,46.687361541995045,11.864848947595283,random-0029-no-landslide,99.0,No Rutschung,262.93963623046875,280.996337890625,290.6998291015625
2018-05-27 20:00:00,46.50448016489839,11.550017989958278,random-0030-no-landslide,99.0,No Rutschung,258.6180419921875,275.5260009765625,285.608154296875
2017-10-05 09:00:00,46.39894317349503,11.850119944391583,random-0031-no-landslide,99.0,No Rutschung,260.91748046875,277.518310546875,283.394775390625
2024-02-01 13:00:00,46.604891921576396,11.423893509141278,random-0032-no-landslide,99.0,No Rutschung,,,
2021-03-19 01:00:00,46.54499481798973,10.70787838472773,random-0033-no-landslide,99.0,No Rutschung,239.9261932373047,255.60231018066406,266.275390625
2025-07-19 04:00:00,46.57087504080744,12.1755560252858,random-0034-no-landslide,99.0,No Rutschung,,,
2021-10-01 14:00:00,46.88128803346044,11.451522287932038,random-0035-no-landslide,99.0,No Rutschung,257.7984619140625,274.3485107421875,286.6787109375
2022-05-06 18:00:00,46.37529664097431,11.509996563715681,random-0036-no-landslide,99.0,No Rutschung,254.63511657714844,269.8553466796875,280.074951171875
2024-11-04 21:00:00,46.86182518910443,11.799734747208097,random-0037-no-landslide,99.0,No Rutschung,,,
2024-03-28 18:00:00,46.3052218693678,11.053339433875355,random-0038-no-landslide,99.0,No Rutschung,,,
2018-01-23 08:00:00,46.528600277487655,10.908991447002103,random-0039-no-landslide,99.0,No Rutschung,251.86245727539062,267.43896484375,274.217041015625
2019-10-22 04:00:00,46.80937507679608,11.509063737258552,random-0040-no-landslide,99.0,No Rutschung,259.579345703125,276.8681640625,280.252685546875
2019-12-12 22:00:00,46.88075796213414,11.16677873598475,random-0041-no-landslide,99.0,No Rutschung,246.33502197265625,260.02392578125,266.59814453125
2024-05-22 22:00:00,46.53621188323165,10.92674616663212,random-0042-no-landslide,99.0,No Rutschung,,,
2022-09-15 23:00:00,46.59628364874321,10.513517595820675,random-0043-no-landslide,99.0,No Rutschung,259.907958984375,275.656005859375,285.85888671875
2019-07-30 17:00:00,46.726776549620084,11.407128183886641,random-0044-no-landslide,99.0,No Rutschung,264.03271484375,279.51025390625,292.4306640625
2019-06-29 19:00:00,46.90667232999523,11.13184296929657,random-0045-no-landslide,99.0,No Rutschung,265.127197265625,283.092041015625,293.862060546875
2017-06-20 08:00:00,46.51949768813905,11.544143665274067,random-0046-no-landslide,99.0,No Rutschung,262.423583984375,279.283447265625,290.233154296875
2023-11-10 21:00:00,46.41028920154479,12.30025161613931,random-0047-no-landslide,99.0,No Rutschung,246.38856506347656,264.8173828125,273.726318359375
2019-03-21 22:00:00,46.946053020671656,10.77743347626783,random-0048-no-landslide,99.0,No Rutschung,254.18594360351562,272.540283203125,275.019287109375
2023-12-10 18:00:00,46.59048883045434,11.640375967338219,random-0049-no-landslide,99.0,No Rutschung,253.80580139160156,267.83837890625,272.678466796875
2018-03-17 14:00:00,46.477291408955026,10.562320836771507,random-0050-no-landslide,99.0,No Rutschung,247.24493408203125,265.781005859375,275.75390625
2024-02-19 01:00:00,46.33352026840117,10.94848763792339,random-0051-no-landslide,99.0,No Rutschung,,,
2018-07-08 08:00:00,46.71219628789715,10.953150150667005,random-0052-no-landslide,99.0,No Rutschung,261.70977783203125,276.07958984375,286.933837890625
2024-03-02 07:00:00,46.40337820961071,11.19175502538742,random-0053-no-landslide,99.0,No Rutschung,,,
2018-02-04 17:00:00,46.68358969639863,11.188255732870854,random-0054-no-landslide,99.0,No Rutschung,242.87554931640625,256.75634765625,268.24951171875
2023-07-07 23:00:00,46.81583312937252,11.246301619639558,random-0055-no-landslide,99.0,No Rutschung,260.36962890625,277.78515625,286.142333984375
2025-04-22 19:00:00,46.4598449391761,12.062496421794163,random-0056-no-landslide,99.0,No Rutschung,,,
2024-02-02 17:00:00,46.84594598733126,11.801656826008939,random-0057-no-landslide,99.0,No Rutschung,,,
2025-01-12 13:00:00,46.740217002626395,10.91235850932457,random-0058-no-landslide,99.0,No Rutschung,,,
2023-08-27 17:00:00,46.69283103409166,10.924054575474216,random-0059-no-landslide,99.0,No Rutschung,262.6513671875,277.001220703125,286.83984375
2019-05-09 03:00:00,46.514998635832534,12.259254641449076,random-0060-no-landslide,99.0,No Rutschung,253.68524169921875,267.163818359375,275.005859375
2023-09-13 00:00:00,46.3282241487862,12.252161382279857,random-0061-no-landslide,99.0,No Rutschung,261.339111328125,279.956298828125,287.2392578125
2021-09-11 19:00:00,46.729181421133774,11.513001363512275,random-0062-no-landslide,99.0,No Rutschung,258.649169921875,275.3623046875,287.162841796875
2019-03-14 16:00:00,46.9348687609636,10.82767545167541,random-0063-no-landslide,99.0,No Rutschung,249.34422302246094,262.927734375,273.02197265625
2019-12-17 01:00:00,46.40315725039876,11.490940751773666,random-0064-no-landslide,99.0,No Rutschung,256.4769287109375,270.139404296875,275.57958984375
2025-08-09 15:00:00,46.863382657196986,11.54450167134401,random-0065-no-landslide,99.0,No Rutschung,,,
2019-12-11 20:00:00,46.48026364746454,11.134488245944539,random-0066-no-landslide,99.0,No Rutschung,252.0736541748047,267.06640625,271.6533203125
2018-09-03 12:00:00,46.51998030198043,12.101806258197847,random-0067-no-landslide,99.0,No Rutschung,257.0875549316406,273.286376953125,285.935791015625
2021-12-02 13:00:00,46.289884738251125,11.70108841609881,random-0068-no-landslide,99.0,No Rutschung,246.82958984375,263.45751953125,273.536865234375
2018-03-09 22:00:00,46.70993583204755,11.969069965474091,random-0069-no-landslide,99.0,No Rutschung,255.26657104492188,269.14697265625,274.293701171875
2017-08-16 08:00:00,46.90467835706032,11.196669850665275,random-0070-no-landslide,99.0,No Rutschung,260.4959716796875,276.191650390625,287.71044921875
2020-08-08 23:00:00,46.44877267696771,11.03143717819426,random-0071-no-landslide,99.0,No Rutschung,263.010009765625,280.4078369140625,289.3800048828125
2019-05-25 06:00:00,46.35580698024636,12.360109224738562,random-0072-no-landslide,99.0,No Rutschung,254.7960968017578,271.9222412109375,281.7451171875
2020-04-15 05:00:00,46.46316286282822,10.94416279750518,random-0073-no-landslide,99.0,No Rutschung,255.79598999023438,270.445556640625,272.14208984375
2024-11-01 22:00:00,46.74724868052048,11.89208363298297,random-0074-no-landslide,99.0,No Rutschung,,,
2018-06-24 01:00:00,46.296732846435,11.563229561766462,random-0075-no-landslide,99.0,No Rutschung,256.278076171875,271.314453125,282.239501953125
2019-05-26 08:00:00,46.40469234464844,10.996434204568446,random-0076-no-landslide,99.0,No Rutschung,255.8643798828125,270.860107421875,282.235107421875
2025-01-07 05:00:00,46.88023390847168,11.41070387955298,random-0077-no-landslide,99.0,No Rutschung,,,
2022-11-30 04:00:00,46.59045871530376,11.986779669842534,random-0078-no-landslide,99.0,No Rutschung,249.76646423339844,264.9730224609375,270.095458984375
2021-02-14 10:00:00,46.36968140872595,11.421503887468884,random-0079-no-landslide,99.0,No Rutschung,243.3029327392578,253.62413024902344,262.059326171875
2022-11-14 06:00:00,46.78144618260599,11.570140163848873,random-0080-no-landslide,99.0,No Rutschung,250.24842834472656,266.186279296875,274.630859375
2020-12-16 04:00:00,46.90491188122564,10.831706613880213,random-0081-no-landslide,99.0,No Rutschung,251.47109985351562,269.73291015625,274.251953125
2019-01-15 01:00:00,46.495309777025,12.211273672745751,random-0082-no-landslide,99.0,No Rutschung,243.58888244628906,256.62567138671875,268.64111328125
2024-02-12 16:00:00,46.467005787834644,12.28271994002515,random-0083-no-landslide,99.0,No Rutschung,,,
2022-12-26 07:00:00,46.92154691038408,12.308119501539023,random-0084-no-landslide,99.0,No Rutschung,253.929931640625,272.72802734375,274.047607421875
2019-06-14 02:00:00,46.36657010078485,11.072157425741446,random-0085-no-landslide,99.0,No Rutschung,260.9281005859375,278.63134765625,284.158447265625
2024-08-31 08:00:00,46.35118701088854,11.093147656646774,random-0086-no-landslide,99.0,No Rutschung,,,
2024-06-03 15:00:00,46.835786255693435,11.238573136600191,random-0087-no-landslide,99.0,No Rutschung,,,
2023-03-20 12:00:00,46.29924786415541,11.56650678467527,random-0088-no-landslide,99.0,No Rutschung,249.5613555908203,266.836181640625,279.689453125
2019-06-06 21:00:00,46.33006500364374,12.351874662627912,random-0089-no-landslide,99.0,No Rutschung,260.44873046875,275.088623046875,282.751220703125
2018-07-08 10:00:00,46.461116694906444,11.05269785676095,random-0090-no-landslide,99.0,No Rutschung,261.55743408203125,276.304931640625,288.85986328125
2022-11-13 16:00:00,46.48764810523877,11.814131821560407,random-0091-no-landslide,99.0,No Rutschung,254.15403747558594,268.146484375,277.838623046875
2017-10-12 06:00:00,46.53094951702408,11.05497837151207,random-0092-no-landslide,99.0,No Rutschung,256.5889587402344,273.5767822265625,279.8349609375
2018-06-24 13:00:00,46.885363283361784,12.121904596394689,random-0093-no-landslide,99.0,No Rutschung,255.49244689941406,274.073974609375,285.773193359375
2020-05-01 16:00:00,46.6804213192324,10.510212882680912,random-0094-no-landslide,99.0,No Rutschung,251.4653778076172,269.628662109375,280.65087890625
2023-11-05 10:00:00,46.514432537402286,10.633173818019438,random-0095-no-landslide,99.0,No Rutschung,250.96530151367188,268.62255859375,278.685791015625
2017-01-05 16:00:00,46.472209202355174,12.164788343307624,random-0096-no-landslide,99.0,No Rutschung,238.3104705810547,251.2084503173828,264.185302734375
2023-05-03 09:00:00,46.54437543825553,11.582969364807663,random-0097-no-landslide,99.0,No Rutschung,253.3729248046875,268.47705078125,280.691162109375
2022-09-27 14:00:00,46.56385642505346,10.567727891336306,random-0098-no-landslide,99.0,No Rutschung,253.58473205566406,269.372802734375,282.75439453125
2021-01-31 21:00:00,46.831994301383766,12.336516784544369,random-0099-no-landslide,99.0,No Rutschung,250.11073303222656,264.74560546875,271.66015625
2024-03-08 13:00:00,46.257345510577345,10.968476477374985,random-0100-no-landslide,99.0,No Rutschung,,,
2019-12-18 10:00:00,46.32071123344059,11.174058107362908,random-0101-no-landslide,99.0,No Rutschung,253.44374084472656,268.932373046875,277.3935546875
2023-12-20 20:00:00,46.42448171982456,12.048596118384513,random-0102-no-landslide,99.0,No Rutschung,250.65870666503906,265.57861328125,273.69677734375
2018-08-17 14:00:00,46.524897092470916,10.863999548999391,random-0103-no-landslide,99.0,No Rutschung,262.147705078125,278.32421875,292.490966796875
2019-02-26 00:00:00,46.324794262379626,10.759231627298945,random-0104-no-landslide,99.0,No Rutschung,253.5799102783203,272.23681640625,279.447998046875
2020-03-05 20:00:00,46.25894914468206,11.83677889776268,random-0105-no-landslide,99.0,No Rutschung,254.7459716796875,265.878662109375,271.984619140625
2017-01-19 12:00:00,46.54473260855297,11.006961839765474,random-0106-no-landslide,99.0,No Rutschung,245.62197875976562,261.60205078125,268.7900390625
2024-03-11 00:00:00,46.920849112577805,10.547922194390527,random-0107-no-landslide,99.0,No Rutschung,,,
2023-07-05 10:00:00,46.523172668955056,11.801958635621315,random-0108-no-landslide,99.0,No Rutschung,258.92913818359375,276.186767578125,288.546630859375
2023-08-20 19:00:00,46.54716078104493,12.211926918362447,random-0109-no-landslide,99.0,No Rutschung,266.30517578125,281.8359375,293.16357421875
2025-01-18 03:00:00,46.360791977793276,10.676056349169006,random-0110-no-landslide,99.0,No Rutschung,,,
2021-04-21 23:00:00,46.91525909203142,11.023981517718822,random-0111-no-landslide,99.0,No Rutschung,246.50698852539062,265.572021484375,275.051513671875
2023-01-02 19:00:00,46.66880502941236,11.537135164197215,random-0112-no-landslide,99.0,No Rutschung,254.79391479492188,270.495361328125,275.859619140625
2021-07-07 07:00:00,46.635994094519475,10.589744481359826,random-0113-no-landslide,99.0,No Rutschung,263.79443359375,278.088134765625,287.9140625
2023-03-13 12:00:00,46.239791262386206,11.917656381207639,random-0114-no-landslide,99.0,No Rutschung,256.05712890625,273.094482421875,276.72509765625
2023-10-14 15:00:00,46.45311752627937,10.676586852327551,random-0115-no-landslide,99.0,No Rutschung,258.86749267578125,275.3759765625,286.0595703125
2024-09-05 21:00:00,46.299720215186014,11.387201665541712,random-0116-no-landslide,99.0,No Rutschung,,,
2024-12-11 06:00:00,46.35385098596485,11.385888847321738,random-0117-no-landslide,99.0,No Rutschung,,,
2018-04-23 11:00:00,46.26397052952565,11.715565684530656,random-0118-no-landslide,99.0,No Rutschung,255.576416015625,273.70703125,286.741455078125
2019-01-07 12:00:00,46.41683316030547,12.158570824289935,random-0119-no-landslide,99.0,No Rutschung,248.73451232910156,261.69171142578125,273.363525390625
2022-04-18 04:00:00,46.59081722708776,11.670847989960727,random-0120-no-landslide,99.0,No Rutschung,250.9720458984375,266.05126953125,272.337646484375
2019-04-22 15:00:00,46.346476679385766,11.732245597615382,random-0121-no-landslide,99.0,No Rutschung,256.76043701171875,271.458984375,282.92578125
2018-06-27 14:00:00,46.852295165079326,12.266226459839315,random-0122-no-landslide,99.0,No Rutschung,253.92271423339844,272.083251953125,285.3291015625
2018-09-23 09:00:00,46.642771935098864,12.258706701179106,random-0123-no-landslide,99.0,No Rutschung,264.6226806640625,279.505126953125,286.350341796875
2025-04-07 04:00:00,46.32174535907967,11.572688619438422,random-0124-no-landslide,99.0,No Rutschung,,,
2018-06-12 15:00:00,46.90563457406269,11.520796865504263,random-0125-no-landslide,99.0,No Rutschung,260.363525390625,275.86376953125,288.048828125
2020-03-12 20:00:00,46.697364440033006,12.034679605793878,random-0126-no-landslide,99.0,No Rutschung,255.45848083496094,272.818359375,279.150146484375
2019-06-01 12:00:00,46.30183454729374,10.630220005196223,random-0127-no-landslide,99.0,No Rutschung,258.9395751953125,275.704833984375,287.957763671875
2021-02-11 23:00:00,46.67349727499904,10.573376764169641,random-0128-no-landslide,99.0,No Rutschung,247.90919494628906,259.7301025390625,263.3956604003906
2020-02-07 14:00:00,46.83626184113978,11.0969878455193,random-0129-no-landslide,99.0,No Rutschung,253.76837158203125,270.109130859375,276.309326171875
2017-06-21 17:00:00,46.41669016575725,11.137470411586026,random-0130-no-landslide,99.0,No Rutschung,261.42596435546875,280.2254638671875,293.62841796875
2022-10-12 14:00:00,46.25759803197511,12.252008350904195,random-0131-no-landslide,99.0,No Rutschung,254.15530395507812,271.869140625,282.945556640625
2024-01-27 12:00:00,46.432017061846935,12.00299149152534,random-0132-no-landslide,99.0,No Rutschung,,,
2022-01-20 17:00:00,46.63777749314685,11.292389492638016,random-0133-no-landslide,99.0,No Rutschung,250.7446746826172,259.420654296875,270.321044921875
2024-07-10 10:00:00,46.40902093110144,10.739291606517657,random-0134-no-landslide,99.0,No Rutschung,,,
2024-05-26 01:00:00,46.40081912712369,11.551183470576484,random-0135-no-landslide,99.0,No Rutschung,,,
2017-04-22 09:00:00,46.771383069010746,11.904613357547255,random-0136-no-landslide,99.0,No Rutschung,251.3197021484375,267.3447265625,279.537109375
2018-12-04 09:00:00,46.59233706729313,12.188251738881073,random-0137-no-landslide,99.0,No Rutschung,249.9493408203125,266.181640625,276.7451171875
2018-11-13 16:00:00,46.872638305822335,11.098996123660132,random-0138-no-landslide,99.0,No Rutschung,256.15289306640625,271.971923828125,280.6552734375
2023-12-25 05:00:00,46.917899432563125,10.600532574282493,random-0139-no-landslide,99.0,No Rutschung,257.47723388671875,272.58740234375,279.204833984375
2017-11-12 14:00:00,46.64130942635447,12.278111059040427,random-0140-no-landslide,99.0,No Rutschung,252.02716064453125,268.67919921875,275.479248046875
2024-03-30 07:00:00,46.29531750276336,10.656255610402974,random-0141-no-landslide,99.0,No Rutschung,,,
2022-08-05 15:00:00,46.7698257154941,11.758097412574003,random-0142-no-landslide,99.0,No Rutschung,264.8458251953125,281.2740478515625,294.93212890625
2024-07-18 23:00:00,46.31094634700158,11.96150673979158,random-0143-no-landslide,99.0,No Rutschung,,,
2023-09-04 19:00:00,46.270793523620114,11.425061686314953,random-0144-no-landslide,99.0,No Rutschung,267.349365234375,280.304931640625,290.695068359375
2023-03-09 05:00:00,46.75880892301781,10.604994023895138,random-0145-no-landslide,99.0,No Rutschung,248.89756774902344,266.301513671875,276.215576171875
2019-05-21 02:00:00,46.31353368142642,11.156713088507924,random-0146-no-landslide,99.0,No Rutschung,255.0162353515625,269.895263671875,278.84814453125
2023-11-21 12:00:00,46.83057967071844,11.787103337927897,random-0147-no-landslide,99.0,No Rutschung,247.11048889160156,264.81396484375,276.013671875
2019-03-27 16:00:00,46.28171355266167,11.811298926825042,random-0148-no-landslide,99.0,No Rutschung,248.27540588378906,263.121826171875,274.8212890625
2017-08-31 04:00:00,46.28788004735754,11.821159384340499,random-0149-no-landslide,99.0,No Rutschung,263.693603515625,281.908203125,287.65625
2017-05-24 15:00:00,46.90978860575344,12.020416933477872,random-0150-no-landslide,99.0,No Rutschung,256.98712158203125,272.557373046875,286.277099609375
2020-08-18 05:00:00,46.738085076852585,11.155410166946503,random-0151-no-landslide,99.0,No Rutschung,258.49267578125,275.099609375,285.054931640625
2021-03-15 08:00:00,46.73586086351028,11.207337620336057,random-0152-no-landslide,99.0,No Rutschung,241.95074462890625,258.832763671875,269.45751953125
2017-06-08 18:00:00,46.541486548049804,11.11807515118732,random-0153-no-landslide,99.0,No Rutschung,258.7855224609375,276.63671875,288.203125
2024-08-06 13:00:00,46.566056069859805,10.521748234257903,random-0154-no-landslide,99.0,No Rutschung,,,
2020-03-25 05:00:00,46.780470002701236,11.886106015073146,random-0155-no-landslide,99.0,No Rutschung,244.79473876953125,258.84539794921875,263.332763671875
2020-05-14 13:00:00,46.718591253000056,11.89216055154578,random-0156-no-landslide,99.0,No Rutschung,257.3590087890625,274.34521484375,287.839599609375
2020-10-18 00:00:00,46.43465833426531,11.201508947323822,random-0157-no-landslide,99.0,No Rutschung,251.70692443847656,266.07177734375,274.71826171875
2018-08-03 22:00:00,46.92126146179517,10.918631821165027,random-0158-no-landslide,99.0,No Rutschung,264.4493408203125,280.43206787109375,290.60205078125
2019-02-18 04:00:00,46.62878876480671,12.329148746912242,random-0159-no-landslide,99.0,No Rutschung,251.94068908691406,272.7718505859375,272.583740234375
2022-12-09 17:00:00,46.893553012759284,10.581674976746509,random-0160-no-landslide,99.0,No Rutschung,251.40599060058594,266.4853515625,272.033447265625
2020-01-29 22:00:00,46.62724404511203,10.638513753949054,random-0161-no-landslide,99.0,No Rutschung,244.80223083496094,260.16845703125,272.185302734375
2022-12-28 12:00:00,46.38517067653313,10.811332979256845,random-0162-no-landslide,99.0,No Rutschung,254.19017028808594,268.4541015625,273.417724609375
2018-03-10 03:00:00,46.68017975602665,11.35048925795536,random-0163-no-landslide,99.0,No Rutschung,255.6390838623047,269.4189453125,273.28955078125
2021-02-23 22:00:00,46.262094142224164,12.18564334423108,random-0164-no-landslide,99.0,No Rutschung,254.77186584472656,272.239501953125,280.00048828125
2019-08-05 03:00:00,46.27101268035554,12.2932488408151,random-0165-no-landslide,99.0,No Rutschung,260.2781982421875,277.60546875,285.401611328125
2020-08-29 20:00:00,46.67484660893608,11.352575545580839,random-0166-no-landslide,99.0,No Rutschung,261.901611328125,277.09130859375,286.292724609375
2018-09-28 07:00:00,46.69403446676397,10.817811389813953,random-0167-no-landslide,99.0,No Rutschung,261.367919921875,279.08251953125,283.919921875
2018-04-16 08:00:00,46.648648382676775,11.161270574473727,random-0168-no-landslide,99.0,No Rutschung,253.49864196777344,269.928466796875,280.2958984375
2021-11-06 02:00:00,46.73088886158789,12.344688223785502,random-0169-no-landslide,99.0,No Rutschung,248.86119079589844,265.75439453125,269.265869140625
2025-01-23 23:00:00,46.52479138150489,11.023662896314324,random-0170-no-landslide,99.0,No Rutschung,,,
2022-08-08 14:00:00,46.32511006687332,11.007196315905208,random-0171-no-landslide,99.0,No Rutschung,261.46044921875,279.052978515625,294.096923828125
2022-10-27 08:00:00,46.67002202100314,11.857581045377097,random-0172-no-landslide,99.0,No Rutschung,257.57513427734375,274.899658203125,279.748779296875
2023-12-16 04:00:00,46.85909138136879,10.655253330458764,random-0173-no-landslide,99.0,No Rutschung,252.38357543945312,266.070068359375,268.72900390625
2017-02-18 11:00:00,46.24839088714977,10.585074345289598,random-0174-no-landslide,99.0,No Rutschung,247.1757049560547,263.2822265625,272.288330078125
2020-05-24 05:00:00,46.574466050896824,11.954599558116454,random-0175-no-landslide,99.0,No Rutschung,254.19747924804688,268.2265625,277.57470703125
2019-05-20 23:00:00,46.76781740109103,11.205002755393915,random-0176-no-landslide,99.0,No Rutschung,254.54151916503906,269.970458984375,277.87353515625
2025-07-30 22:00:00,46.83428214188299,12.314214770776232,random-0177-no-landslide,99.0,No Rutschung,,,
2020-02-14 07:00:00,46.52738616178022,11.376953054514146,random-0178-no-landslide,99.0,No Rutschung,247.46421813964844,261.235107421875,271.821044921875
2025-06-30 13:00:00,46.283578096572455,10.526083391017163,random-0179-no-landslide,99.0,No Rutschung,,,
2022-02-16 23:00:00,46.76805617373685,11.499721498456706,random-0180-no-landslide,99.0,No Rutschung,256.49285888671875,271.524169921875,272.44970703125
2017-11-24 17:00:00,46.781757460786096,11.53915032817911,random-0181-no-landslide,99.0,No Rutschung,253.20932006835938,271.2845458984375,275.126708984375
2017-07-02 11:00:00,46.4071044643966,12.089320746004892,random-0182-no-landslide,99.0,No Rutschung,257.7078857421875,273.53857421875,286.605712890625
2017-05-16 19:00:00,46.42677204547343,10.970703742820367,random-0183-no-landslide,99.0,No Rutschung,260.32080078125,275.95263671875,286.462890625
2019-06-23 22:00:00,46.67340703476042,11.756568215441273,random-0184-no-landslide,99.0,No Rutschung,262.9957275390625,277.73583984375,287.162353515625
2019-09-13 05:00:00,46.71179239427493,10.712865130177068,random-0185-no-landslide,99.0,No Rutschung,264.239501953125,279.10205078125,282.965576171875
2024-10-18 20:00:00,46.82656309559823,11.391010518744793,random-0186-no-landslide,99.0,No Rutschung,,,
2025-03-24 23:00:00,46.62584534620149,12.094059419810545,random-0187-no-landslide,99.0,No Rutschung,,,
2018-02-28 21:00:00,46.7981547810195,10.665836914275085,random-0188-no-landslide,99.0,No Rutschung,249.71957397460938,257.83660888671875,262.643310546875
2021-08-27 02:00:00,46.531491719009296,11.39818230574208,random-0189-no-landslide,99.0,No Rutschung,258.4194030761719,272.474365234375,283.99462890625
2020-10-07 03:00:00,46.735139340101604,11.660469052214173,random-0190-no-landslide,99.0,No Rutschung,251.19113159179688,269.180419921875,279.061279296875
2018-07-09 13:00:00,46.239899841108816,10.755526090799005,random-0191-no-landslide,99.0,No Rutschung,260.414306640625,277.90185546875,291.14697265625
2020-11-26 05:00:00,46.543657789802104,11.233996565421462,random-0192-no-landslide,99.0,No Rutschung,252.1775665283203,269.0587158203125,273.223388671875
2021-07-07 15:00:00,46.62264169266244,11.858847986009934,random-0193-no-landslide,99.0,No Rutschung,263.5849609375,280.037353515625,292.969482421875
2020-02-24 00:00:00,46.44345466532083,12.203058746463364,random-0194-no-landslide,99.0,No Rutschung,258.6611328125,271.85107421875,281.680908203125
2019-12-10 00:00:00,46.91142044009276,12.113099702669397,random-0195-no-landslide,99.0,No Rutschung,243.4534454345703,262.0390625,271.6865234375
2019-07-06 03:00:00,46.83426238493946,11.35947578677265,random-0196-no-landslide,99.0,No Rutschung,262.9205322265625,279.2373046875,286.66015625
2018-01-29 08:00:00,46.55921508434207,10.983423088511643,random-0197-no-landslide,99.0,No Rutschung,254.14340209960938,271.3857421875,275.512939453125
2022-01-03 02:00:00,46.47477185808291,11.584437353214952,random-0198-no-landslide,99.0,No Rutschung,255.13453674316406,271.244873046875,276.705322265625
2020-08-06 01:00:00,46.32141891678311,10.741516840241234,random-0199-no-landslide,99.0,No Rutschung,264.27783203125,278.210205078125,285.681640625
2024-06-06 03:00:00,46.730533958980274,11.2490617617461,random-0200-no-landslide,99.0,No Rutschung,,,
2019-11-25 20:00:00,46.47771949480724,10.840625191884016,random-0201-no-landslide,99.0,No Rutschung,255.0470428466797,272.0849609375,278.482177734375
2023-05-18 00:00:00,46.59950757081143,12.13545296372865,random-0202-no-landslide,99.0,No Rutschung,253.9119415283203,268.12548828125,276.226318359375
2022-11-30 18:00:00,46.390226932428135,11.626110187295085,random-0203-no-landslide,99.0,No Rutschung,250.08033752441406,263.51904296875,272.6943359375
2021-04-06 17:00:00,46.47912141532696,11.145806785049494,random-0204-no-landslide,99.0,No Rutschung,238.59481811523438,256.654052734375,270.0810546875
2019-07-21 00:00:00,46.31609691249906,10.666387261789598,random-0205-no-landslide,99.0,No Rutschung,262.5594482421875,279.189208984375,288.199951171875
2022-04-14 22:00:00,46.59101905637488,11.18168606904489,random-0206-no-landslide,99.0,No Rutschung,254.15074157714844,272.34912109375,282.16552734375
2025-06-24 18:00:00,46.575022897414364,10.673096762430358,random-0207-no-landslide,99.0,No Rutschung,,,
2023-03-07 01:00:00,46.85687720120983,10.653403218161838,random-0208-no-landslide,99.0,No Rutschung,248.18385314941406,261.9404296875,270.689697265625
2024-08-01 12:00:00,46.231317342057096,11.206025612604762,random-0209-no-landslide,99.0,No Rutschung,,,
2021-11-30 15:00:00,46.658431985824265,10.658560511731478,random-0210-no-landslide,99.0,No Rutschung,251.73399353027344,264.677490234375,270.763427734375
2018-04-16 14:00:00,46.577448758745376,11.19328398888558,random-0211-no-landslide,99.0,No Rutschung,253.38711547851562,270.787841796875,284.343994140625
2025-06-02 17:00:00,46.56165629319352,11.19036973106285,random-0212-no-landslide,99.0,No Rutschung,,,
2025-05-24 23:00:00,46.41075938472075,10.569113396222091,random-0213-no-landslide,99.0,No Rutschung,,,
2021-04-22 02:00:00,46.59695169571749,12.174514912287751,random-0214-no-landslide,99.0,No Rutschung,246.77345275878906,265.3017578125,273.659912109375
2021-05-17 03:00:00,46.85230669076613,10.557499005034392,random-0215-no-landslide,99.0,No Rutschung,249.7946319580078,265.45849609375,276.552490234375
2017-03-31 06:00:00,46.30477291341106,11.243196351935826,random-0216-no-landslide,99.0,No Rutschung,253.22842407226562,271.0706787109375,277.388916015625
2021-09-29 06:00:00,46.63450585278687,10.841380269084945,random-0217-no-landslide,99.0,No Rutschung,256.4193115234375,272.36572265625,281.80078125
2024-04-19 04:00:00,46.869050104648665,10.724467346945614,random-0218-no-landslide,99.0,No Rutschung,,,
2021-12-26 07:00:00,46.69545258137555,11.164546878297907,random-0219-no-landslide,99.0,No Rutschung,248.39523315429688,265.98828125,271.56591796875
2024-08-24 06:00:00,46.630036480229094,11.878343106364936,random-0220-no-landslide,99.0,No Rutschung,,,
2020-04-15 22:00:00,46.50149649069763,11.55603011702744,random-0221-no-landslide,99.0,No Rutschung,257.59716796875,273.55859375,278.333251953125
2024-12-03 07:00:00,46.63939925416333,11.708354308539795,random-0222-no-landslide,99.0,No Rutschung,,,
2020-09-22 14:00:00,46.30255598095733,10.944121105411046,random-0223-no-landslide,99.0,No Rutschung,259.2587890625,274.527587890625,286.299072265625
2025-04-25 05:00:00,46.579809423074224,11.183718633968354,random-0224-no-landslide,99.0,No Rutschung,,,
2024-07-05 06:00:00,46.80824368385931,10.66486341732072,random-0225-no-landslide,99.0,No Rutschung,,,
2020-04-09 04:00:00,46.28707920435037,12.177429401456994,random-0226-no-landslide,99.0,No Rutschung,252.8342742919922,270.0863037109375,277.641357421875
2019-11-16 23:00:00,46.73002681406434,10.534630056459601,random-0227-no-landslide,99.0,No Rutschung,251.00091552734375,265.52734375,272.90869140625
2017-08-28 04:00:00,46.925748838582194,11.244489925006771,random-0228-no-landslide,99.0,No Rutschung,260.728515625,278.25341796875,286.987060546875
2023-03-07 19:00:00,46.41468510365922,12.028406327859308,random-0229-no-landslide,99.0,No Rutschung,248.9303436279297,264.352294921875,273.9658203125
2024-08-29 10:00:00,46.81901456690094,11.852301389294448,random-0230-no-landslide,99.0,No Rutschung,,,
2019-08-03 17:00:00,46.57177228789752,11.50101262277111,random-0231-no-landslide,99.0,No Rutschung,259.8603515625,275.9658203125,289.70458984375
2023-10-19 22:00:00,46.92468847901893,10.88400345338904,random-0232-no-landslide,99.0,No Rutschung,261.943359375,275.886474609375,284.44287109375
2020-12-30 02:00:00,46.75824269586856,10.87358661452989,random-0233-no-landslide,99.0,No Rutschung,241.536865234375,260.447265625,267.86181640625
2022-03-12 01:00:00,46.668014479383906,10.715257238879957,random-0234-no-landslide,99.0,No Rutschung,248.45973205566406,265.031494140625,270.49853515625
2024-09-10 22:00:00,46.59294869386324,10.663746221485484,random-0235-no-landslide,99.0,No Rutschung,,,
2023-12-27 21:00:00,46.611971153943635,11.40022828986395,random-0236-no-landslide,99.0,No Rutschung,258.6552734375,274.1536865234375,274.395751953125
2023-07-20 19:00:00,46.55571893322467,11.19096221158454,random-0237-no-landslide,99.0,No Rutschung,262.399169921875,277.751220703125,289.705810546875
2025-01-16 01:00:00,46.94046506957926,10.619025830086583,random-0238-no-landslide,99.0,No Rutschung,,,
2024-08-16 11:00:00,46.41234213872464,12.014947084839456,random-0239-no-landslide,99.0,No Rutschung,,,
2021-12-13 02:00:00,46.31326725521608,10.505586679781763,random-0240-no-landslide,99.0,No Rutschung,253.4390106201172,270.7998046875,275.798828125
2021-06-30 22:00:00,46.30608732028106,11.985803826561334,random-0241-no-landslide,99.0,No Rutschung,257.01849365234375,274.7412109375,283.237060546875
2025-07-22 09:00:00,46.75437886916804,10.732947769314288,random-0242-no-landslide,99.0,No Rutschung,,,
2023-12-09 07:00:00,46.5018239706361,10.883861804033812,random-0243-no-landslide,99.0,No Rutschung,249.8553009033203,265.330078125,272.590576171875
2021-03-23 07:00:00,46.64205294809336,11.886380502899996,random-0244-no-landslide,99.0,No Rutschung,249.32244873046875,261.31072998046875,266.92626953125
2023-09-05 05:00:00,46.800632269072416,10.76188562647577,random-0245-no-landslide,99.0,No Rutschung,267.193603515625,282.46875,285.641845703125
2022-05-28 22:00:00,46.347432899642264,10.806546847082581,random-0246-no-landslide,99.0,No Rutschung,255.94094848632812,271.4814453125,281.05322265625
2017-03-27 02:00:00,46.88150325347237,11.685618115056482,random-0247-no-landslide,99.0,No Rutschung,253.0030975341797,268.56494140625,273.222412109375
2025-08-30 21:00:00,46.71998649775926,11.600625079541132,random-0248-no-landslide,99.0,No Rutschung,,,
2023-12-05 17:00:00,46.875614774812114,11.835259279193188,random-0249-no-landslide,99.0,No Rutschung,244.7633819580078,262.2841796875,270.7216796875
2020-04-12 08:00:00,46.54456975500579,11.509884311396634,random-0250-no-landslide,99.0,No Rutschung,253.93099975585938,269.6510009765625,280.052734375
2021-03-21 05:00:00,46.61144544906207,11.23257178060345,random-0251-no-landslide,99.0,No Rutschung,248.5357208251953,260.05419921875,264.86767578125
2024-08-17 18:00:00,46.6193400273384,10.928784845857423,random-0252-no-landslide,99.0,No Rutschung,,,
2018-11-17 04:00:00,46.68028746997313,12.257962238345211,random-0253-no-landslide,99.0,No Rutschung,246.03382873535156,263.39208984375,270.706298828125
2021-06-28 02:00:00,46.86050457674988,10.812296620156177,random-0254-no-landslide,99.0,No Rutschung,261.8472900390625,278.301025390625,286.646240234375
2020-07-25 17:00:00,46.6411032686351,11.887016777623348,random-0255-no-landslide,99.0,No Rutschung,262.30615234375,276.96337890625,290.855712890625
2020-10-28 01:00:00,46.73722268265286,11.907478228007264,random-0256-no-landslide,99.0,No Rutschung,255.3209686279297,269.173583984375,271.363037109375
2018-08-19 01:00:00,46.2535372806054,11.891664331819685,random-0257-no-landslide,99.0,No Rutschung,261.349365234375,277.403564453125,288.2838134765625
2021-11-25 05:00:00,46.771449445519565,11.424241116715748,random-0258-no-landslide,99.0,No Rutschung,251.73257446289062,267.63330078125,270.33349609375
2017-04-10 10:00:00,46.83739446391889,10.707393909287156,random-0259-no-landslide,99.0,No Rutschung,251.72372436523438,270.9320068359375,284.402099609375
2022-05-12 05:00:00,46.59020823840021,11.629892129641647,random-0260-no-landslide,99.0,No Rutschung,258.0871887207031,276.40869140625,283.250732421875
2019-11-30 11:00:00,46.39410700591464,10.780856426055793,random-0261-no-landslide,99.0,No Rutschung,247.2363739013672,264.43115234375,272.68505859375
2022-10-01 13:00:00,46.689940076127954,11.846954137460317,random-0262-no-landslide,99.0,No Rutschung,258.66546630859375,272.18896484375,283.132568359375
2024-08-21 05:00:00,46.659689796015044,11.839740853175583,random-0263-no-landslide,99.0,No Rutschung,,,
2020-06-14 19:00:00,46.47546210328643,12.293945188452913,random-0264-no-landslide,99.0,No Rutschung,259.137939453125,274.5947265625,285.991455078125
2020-10-17 02:00:00,46.43625101393939,11.292624957721445,random-0265-no-landslide,99.0,No Rutschung,250.4655303955078,265.83544921875,275.581787109375
2017-10-02 18:00:00,46.32936989293545,12.205641399767128,random-0266-no-landslide,99.0,No Rutschung,260.3370361328125,274.93701171875,280.1468505859375
2024-09-16 02:00:00,46.855832392315,10.534382665740141,random-0267-no-landslide,99.0,No Rutschung,,,
2022-05-23 08:00:00,46.88932066656996,10.691650612799082,random-0268-no-landslide,99.0,No Rutschung,259.1121826171875,278.56640625,289.1455078125
2020-09-06 16:00:00,46.737408108313375,12.22555077073173,random-0269-no-landslide,99.0,No Rutschung,259.9346618652344,275.40478515625,285.78759765625
2023-08-16 00:00:00,46.498381376477624,11.942714836614417,random-0270-no-landslide,99.0,No Rutschung,263.335205078125,278.5084228515625,287.308837890625
2023-10-26 12:00:00,46.30432603514012,10.645104415665903,random-0271-no-landslide,99.0,No Rutschung,258.7172546386719,272.445556640625,282.92724609375
2022-06-14 00:00:00,46.317658981933924,12.203460637154494,random-0272-no-landslide,99.0,No Rutschung,258.6981201171875,275.1708984375,284.3212890625
2023-03-05 13:00:00,46.318989057381536,12.069220018884021,random-0273-no-landslide,99.0,No Rutschung,246.4076690673828,264.4752197265625,274.968017578125
2020-03-14 21:00:00,46.453139758602944,11.121616630462903,random-0274-no-landslide,99.0,No Rutschung,245.6804962158203,262.247802734375,273.759521484375
2024-02-17 02:00:00,46.76399024708207,11.20980242493603,random-0275-no-landslide,99.0,No Rutschung,,,
2020-02-02 10:00:00,46.66305981503613,11.973649932288934,random-0276-no-landslide,99.0,No Rutschung,254.81886291503906,270.042724609375,275.507080078125
2023-06-18 20:00:00,46.84965153744371,11.27562279652027,random-0277-no-landslide,99.0,No Rutschung,261.0775146484375,278.080078125,289.24560546875
2022-11-06 21:00:00,46.478643070223896,11.148169225036229,random-0278-no-landslide,99.0,No Rutschung,257.2115173339844,272.5556640625,275.389892578125
2022-01-27 06:00:00,46.39076973399602,11.346145118266557,random-0279-no-landslide,99.0,No Rutschung,250.70083618164062,268.580810546875,272.708740234375
2022-06-13 15:00:00,46.356138607786825,10.763913862689312,random-0280-no-landslide,99.0,No Rutschung,259.66259765625,277.176025390625,290.05419921875
2021-01-31 16:00:00,46.886516280489566,11.283889620599146,random-0281-no-landslide,99.0,No Rutschung,250.23284912109375,265.385009765625,274.476806640625
2018-09-19 15:00:00,46.68355985952301,11.586192149585234,random-0282-no-landslide,99.0,No Rutschung,260.51611328125,277.1690673828125,292.514404296875
2020-02-27 00:00:00,46.59946277352056,10.898221148918578,random-0283-no-landslide,99.0,No Rutschung,238.12799072265625,256.26971435546875,268.530517578125
2021-09-16 01:00:00,46.84757865969471,11.542653996290628,random-0284-no-landslide,99.0,No Rutschung,261.1986083984375,277.396728515625,285.244384765625
2025-02-03 05:00:00,46.5901412015895,12.364628514534239,random-0285-no-landslide,99.0,No Rutschung,,,
2023-09-17 09:00:00,46.768091884417835,10.625947485557996,random-0286-no-landslide,99.0,No Rutschung,261.894287109375,277.3916015625,288.311279296875
2021-11-28 14:00:00,46.3767894055482,12.179839522090834,random-0287-no-landslide,99.0,No Rutschung,241.5789337158203,261.308837890625,271.78076171875
2022-12-06 04:00:00,46.83029305624183,11.206848360004177,random-0288-no-landslide,99.0,No Rutschung,246.13287353515625,262.859375,268.341552734375
2020-04-03 04:00:00,46.55501569484143,11.950720021809358,random-0289-no-landslide,99.0,No Rutschung,249.6625213623047,264.58203125,271.3349609375
2025-01-19 11:00:00,46.57498163865307,11.499926475991554,random-0290-no-landslide,99.0,No Rutschung,,,
2017-05-18 02:00:00,46.30341713433547,11.931700070608239,random-0291-no-landslide,99.0,No Rutschung,260.23541259765625,274.408203125,283.062744140625
2019-07-10 04:00:00,46.42390840412006,11.198589453582207,random-0292-no-landslide,99.0,No Rutschung,259.7562255859375,274.7763671875,284.75390625
2021-03-05 07:00:00,46.804569893928594,11.485196037737232,random-0293-no-landslide,99.0,No Rutschung,245.2510986328125,262.885009765625,272.321044921875
2021-06-04 09:00:00,46.852147804861524,12.070885725317467,random-0294-no-landslide,99.0,No Rutschung,258.8697509765625,275.359619140625,288.55810546875
2023-04-26 18:00:00,46.3888788981074,10.551185733585337,random-0295-no-landslide,99.0,No Rutschung,251.8019561767578,268.882080078125,279.6328125
2023-09-24 01:00:00,46.65683099462214,11.445794963810581,random-0296-no-landslide,99.0,No Rutschung,255.93711853027344,270.754638671875,278.9423828125
2024-08-27 08:00:00,46.86684746172042,11.565351801934952,random-0297-no-landslide,99.0,No Rutschung,,,
2024-09-02 18:00:00,46.300874565155,10.945908763463297,random-0298-no-landslide,99.0,No Rutschung,,,
2022-10-19 12:00:00,46.514719612589445,12.052992124861618,random-0299-no-landslide,99.0,No Rutschung,259.5431823730469,274.238525390625,287.3837890625
2019-11-03 08:00:00,46.52133356293278,10.764334281925588,random-0300-no-landslide,99.0,No Rutschung,256.48736572265625,271.33349609375,279.5556640625
2020-07-18 15:00:00,46.684261194272615,10.66306337963719,random-0301-no-landslide,99.0,No Rutschung,259.6227722167969,276.28173828125,287.883544921875
2019-05-17 19:00:00,46.85893523261856,10.730104811793748,random-0302-no-landslide,99.0,No Rutschung,254.59852600097656,269.262451171875,280.825927734375
2018-03-21 04:00:00,46.87059028237423,11.288562829946896,random-0303-no-landslide,99.0,No Rutschung,242.35145568847656,256.4757080078125,264.311767578125
2021-08-05 05:00:00,46.49021076626004,12.043431912273189,random-0304-no-landslide,99.0,No Rutschung,259.507568359375,274.53515625,283.55859375
2021-08-14 08:00:00,46.67773121244467,11.001784659759782,random-0305-no-landslide,99.0,No Rutschung,264.5106201171875,281.0777587890625,291.351806640625
2022-12-27 03:00:00,46.48999435328608,11.947554011286861,random-0306-no-landslide,99.0,No Rutschung,251.83143615722656,266.057373046875,273.615234375
2020-12-26 01:00:00,46.92939513256984,10.91099246434136,random-0307-no-landslide,99.0,No Rutschung,242.82345581054688,255.8359832763672,267.06640625
2019-08-06 16:00:00,46.853206619611356,10.762522905910041,random-0308-no-landslide,99.0,No Rutschung,261.8526611328125,279.181884765625,290.998779296875
2019-12-29 16:00:00,46.360246948836945,11.38138913811394,random-0309-no-landslide,99.0,No Rutschung,253.74623107910156,267.70068359375,272.1572265625
2018-02-02 04:00:00,46.762149653281035,11.458790741352537,random-0310-no-landslide,99.0,No Rutschung,244.68353271484375,260.1884765625,269.476318359375
2019-08-31 15:00:00,46.386042599077946,11.25326833027622,random-0311-no-landslide,99.0,No Rutschung,262.12451171875,278.65032958984375,291.2869873046875
2020-06-06 19:00:00,46.93647315281847,12.06180031419559,random-0312-no-landslide,99.0,No Rutschung,258.45404052734375,274.130859375,283.994873046875
2024-11-08 01:00:00,46.72590450183667,12.184548093632024,random-0313-no-landslide,99.0,No Rutschung,,,
2020-03-17 12:00:00,46.88612334500464,10.534907174827975,random-0314-no-landslide,99.0,No Rutschung,251.7442626953125,269.34814453125,279.90771484375
2018-06-07 08:00:00,46.520511758416546,10.62613246634226,random-0315-no-landslide,99.0,No Rutschung,259.7501525878906,275.650390625,286.6005859375
2019-03-07 20:00:00,46.41883712934236,10.762345938675482,random-0316-no-landslide,99.0,No Rutschung,249.28329467773438,265.84912109375,276.019287109375
2018-01-14 06:00:00,46.65852896014038,12.134653506457166,random-0317-no-landslide,99.0,No Rutschung,245.4352264404297,262.656982421875,267.7333984375
2022-04-19 21:00:00,46.355409103717754,11.74410680949033,random-0318-no-landslide,99.0,No Rutschung,252.20925903320312,266.254150390625,277.540283203125
2019-10-13 05:00:00,46.51988935666787,12.067740653096308,random-0319-no-landslide,99.0,No Rutschung,259.55322265625,278.629150390625,278.301025390625
2022-07-21 22:00:00,46.263185543113536,11.47087075019766,random-0320-no-landslide,99.0,No Rutschung,264.32373046875,280.60107421875,290.6591796875
2019-10-16 22:00:00,46.36187284748797,12.293108163840035,random-0321-no-landslide,99.0,No Rutschung,259.1915283203125,273.994384765625,279.65625
2022-03-15 04:00:00,46.50905433558699,10.959309483476472,random-0322-no-landslide,99.0,No Rutschung,253.09938049316406,265.67333984375,273.370361328125
2023-05-08 03:00:00,46.88699589227634,11.318049879424953,random-0323-no-landslide,99.0,No Rutschung,255.55455017089844,271.033447265625,280.349365234375
2019-11-18 22:00:00,46.91126686505674,11.641947353218082,random-0324-no-landslide,99.0,No Rutschung,250.02325439453125,265.334716796875,271.307861328125
2019-08-24 12:00:00,46.9023055637411,11.741553367249821,random-0325-no-landslide,99.0,No Rutschung,260.6395263671875,278.3228759765625,291.752197265625
2023-12-08 02:00:00,46.417817427221415,10.558828510781826,random-0326-no-landslide,99.0,No Rutschung,256.63446044921875,267.86962890625,270.43310546875
2020-12-21 17:00:00,46.91552557553747,12.08326294584134,random-0327-no-landslide,99.0,No Rutschung,254.3415985107422,268.345458984375,273.58154296875
2022-01-29 10:00:00,46.78313988688941,11.125538822566586,random-0328-no-landslide,99.0,No Rutschung,254.2230987548828,266.2548828125,269.7197265625
2025-01-28 18:00:00,46.723879501893606,11.427064430819522,random-0329-no-landslide,99.0,No Rutschung,,,
2023-08-30 04:00:00,46.28399060757261,11.360101670086271,random-0330-no-landslide,99.0,No Rutschung,257.14111328125,272.340576171875,282.092041015625
2017-08-25 21:00:00,46.92447683448955,10.504891974652866,random-0331-no-landslide,99.0,No Rutschung,261.36376953125,280.91650390625,289.675537109375
2024-10-01 14:00:00,46.488713046305655,11.6042228584047,random-0332-no-landslide,99.0,No Rutschung,,,
2019-11-01 14:00:00,46.32771973175294,12.215853541652018,random-0333-no-landslide,99.0,No Rutschung,257.3116455078125,270.203857421875,276.718017578125
2018-01-28 22:00:00,46.61865889169827,10.846707868216969,random-0334-no-landslide,99.0,No Rutschung,254.22991943359375,270.68798828125,275.911865234375
2021-07-14 02:00:00,46.80874375413445,11.86974581675266,random-0335-no-landslide,99.0,No Rutschung,256.5439453125,274.831298828125,283.016845703125
2020-10-17 16:00:00,46.687127479399585,11.854558861366492,random-0336-no-landslide,99.0,No Rutschung,250.1810302734375,265.983642578125,278.070068359375
2023-12-16 13:00:00,46.38833109550029,11.415720617781655,random-0337-no-landslide,99.0,No Rutschung,254.408203125,268.057373046875,273.459228515625
2023-10-10 14:00:00,46.25777075344844,12.265866946867487,random-0338-no-landslide,99.0,No Rutschung,259.625244140625,276.647705078125,290.15673828125
2022-06-12 09:00:00,46.6286462284128,12.369264598955086,random-0339-no-landslide,99.0,No Rutschung,260.3389892578125,276.244140625,289.193359375
2023-05-19 11:00:00,46.316015543430694,11.08554226717904,random-0340-no-landslide,99.0,No Rutschung,254.40257263183594,270.5556640625,281.893798828125
2023-04-20 07:00:00,46.312251658051984,10.860669145557303,random-0341-no-landslide,99.0,No Rutschung,248.6361541748047,266.130859375,275.1396484375
2024-05-27 23:00:00,46.57004477112272,12.266254307203756,random-0342-no-landslide,99.0,No Rutschung,,,
2019-08-06 09:00:00,46.458638618913085,12.079787724451974,random-0343-no-landslide,99.0,No Rutschung,261.4644775390625,279.668701171875,289.53857421875
2025-03-12 00:00:00,46.657707871374036,10.56972006949518,random-0344-no-landslide,99.0,No Rutschung,,,
2021-01-20 05:00:00,46.28472304441403,10.7259722015261,random-0345-no-landslide,99.0,No Rutschung,251.5157470703125,266.6424560546875,267.518310546875
2024-04-12 22:00:00,46.74999720763871,11.136068681834725,random-0346-no-landslide,99.0,No Rutschung,,,
2017-01-21 00:00:00,46.797368561269785,11.509342455076272,random-0347-no-landslide,99.0,No Rutschung,247.6639404296875,263.39111328125,262.92333984375
2017-02-28 12:00:00,46.5360030730415,11.47320895191114,random-0348-no-landslide,99.0,No Rutschung,250.82015991210938,265.8076171875,273.863525390625
2019-10-31 00:00:00,46.246978723500014,10.93614140994857,random-0349-no-landslide,99.0,No Rutschung,253.56187438964844,270.281982421875,278.2236328125
2018-02-26 07:00:00,46.36266432050755,10.500961575521494,random-0350-no-landslide,99.0,No Rutschung,236.13722229003906,250.66455078125,259.43505859375
2018-03-24 06:00:00,46.80315748409253,12.256532796958103,random-0351-no-landslide,99.0,No Rutschung,247.92820739746094,263.292724609375,267.870361328125
2020-08-07 11:00:00,46.7804652881625,11.15633311884865,random-0352-no-landslide,99.0,No Rutschung,263.205810546875,279.96337890625,292.593505859375
2019-11-20 19:00:00,46.574043193909446,10.570821732615352,random-0353-no-landslide,99.0,No Rutschung,251.51043701171875,268.047119140625,275.374755859375
2022-10-03 16:00:00,46.78124464910651,12.340710312378434,random-0354-no-landslide,99.0,No Rutschung,255.58358764648438,272.443603515625,283.396484375
2017-05-23 01:00:00,46.60473848217839,11.129515420761734,random-0355-no-landslide,99.0,No Rutschung,255.5926055908203,272.881103515625,282.24951171875
2022-01-01 21:00:00,46.48415108538851,10.707099159654808,random-0356-no-landslide,99.0,No Rutschung,257.045166015625,276.3592529296875,280.093994140625
2022-08-31 04:00:00,46.74337989771032,12.095256792674725,random-0357-no-landslide,99.0,No Rutschung,260.69921875,275.421630859375,284.080078125
2023-01-27 16:00:00,46.883279396861475,11.01899200499367,random-0358-no-landslide,99.0,No Rutschung,245.9384307861328,260.12109375,267.523193359375
2024-05-16 06:00:00,46.50548551267917,11.300434401782702,random-0359-no-landslide,99.0,No Rutschung,,,
2023-06-20 06:00:00,46.91637263604711,10.733210187382126,random-0360-no-landslide,99.0,No Rutschung,262.428466796875,278.835205078125,287.567138671875
2022-09-24 10:00:00,46.293670514886635,11.970948080766124,random-0361-no-landslide,99.0,No Rutschung,256.6329345703125,271.653076171875,280.313232421875
2020-11-04 14:00:00,46.86450497648593,12.33743236511348,random-0362-no-landslide,99.0,No Rutschung,255.39450073242188,271.365966796875,278.6533203125
2020-07-21 00:00:00,46.349421045428606,11.647569791770781,random-0363-no-landslide,99.0,No Rutschung,261.527587890625,278.41650390625,287.1728515625
2018-08-30 11:00:00,46.69604425916948,12.263384457553679,random-0364-no-landslide,99.0,No Rutschung,259.5498046875,275.751708984375,287.0830078125
2018-03-04 15:00:00,46.263170740819305,10.725545620140487,random-0365-no-landslide,99.0,No Rutschung,251.11680603027344,265.7421875,275.974853515625
2020-12-17 09:00:00,46.36335765826542,10.91281695057797,random-0366-no-landslide,99.0,No Rutschung,253.6739959716797,271.701171875,272.420654296875
2017-08-02 05:00:00,46.8045841977884,12.045485805439805,random-0367-no-landslide,99.0,No Rutschung,264.3963623046875,281.32470703125,290.06689453125
2024-02-12 01:00:00,46.86420828375358,12.312696800855104,random-0368-no-landslide,99.0,No Rutschung,,,
2018-04-30 10:00:00,46.60654287873179,11.617393717665879,random-0369-no-landslide,99.0,No Rutschung,254.1836395263672,270.04443359375,282.8359375
2020-11-13 03:00:00,46.77403733256893,11.241472600959995,random-0370-no-landslide,99.0,No Rutschung,256.0098876953125,270.7989501953125,274.82080078125
2021-12-19 17:00:00,46.56226393231614,12.178683624813615,random-0371-no-landslide,99.0,No Rutschung,253.25914001464844,269.6597900390625,276.55517578125
2017-04-09 01:00:00,46.872206088776046,10.565713736248668,random-0372-no-landslide,99.0,No Rutschung,252.9134979248047,271.5994873046875,278.839599609375
2018-10-22 03:00:00,46.42549905231589,11.231987710805882,random-0373-no-landslide,99.0,No Rutschung,255.59381103515625,269.710205078125,275.529541015625
2021-10-03 14:00:00,46.84151795177287,10.583499829954238,random-0374-no-landslide,99.0,No Rutschung,263.1707763671875,275.076904296875,287.430419921875
2023-11-09 20:00:00,46.700062951229704,12.014276946555887,random-0375-no-landslide,99.0,No Rutschung,252.88331604003906,266.4541015625,274.223876953125
2017-04-18 09:00:00,46.43155480534944,11.875332811991097,random-0376-no-landslide,99.0,No Rutschung,241.72952270507812,259.8321838378906,273.73828125
2023-07-29 18:00:00,46.4160145020802,11.197428586199266,random-0377-no-landslide,99.0,No Rutschung,262.699951171875,278.6796875,289.952880859375
2024-11-11 18:00:00,46.28766273861303,11.427783277238907,random-0378-no-landslide,99.0,No Rutschung,,,
2025-04-22 18:00:00,46.94155325019068,12.173155628627251,random-0379-no-landslide,99.0,No Rutschung,,,
2021-03-23 06:00:00,46.57462154276796,11.426419690163021,random-0380-no-landslide,99.0,No Rutschung,249.36367797851562,261.1932373046875,266.824951171875
2024-02-25 04:00:00,46.479257872840954,12.042634627506224,random-0381-no-landslide,99.0,No Rutschung,,,
2017-06-06 04:00:00,46.85035161724559,11.517360108104072,random-0382-no-landslide,99.0,No Rutschung,258.337646484375,273.635498046875,283.29541015625
2021-05-03 09:00:00,46.85298600193611,11.475251322278018,random-0383-no-landslide,99.0,No Rutschung,246.97488403320312,262.89990234375,276.008544921875
2024-06-07 06:00:00,46.73821563611829,12.122319506706203,random-0384-no-landslide,99.0,No Rutschung,,,
2017-04-21 18:00:00,46.673754035079945,11.772350808354702,random-0385-no-landslide,99.0,No Rutschung,251.5825958251953,266.423583984375,276.53173828125
2020-11-30 14:00:00,46.862665001974584,10.854353391235664,random-0386-no-landslide,99.0,No Rutschung,252.56459045410156,268.860595703125,273.82958984375
2021-07-10 00:00:00,46.23314891409267,12.144342502027683,random-0387-no-landslide,99.0,No Rutschung,261.0054931640625,275.979736328125,287.164306640625
2017-11-02 14:00:00,46.81693570900879,10.801131366642899,random-0388-no-landslide,99.0,No Rutschung,255.5157928466797,271.399169921875,280.7255859375
2021-12-22 21:00:00,46.23404001321252,11.449459805996124,random-0389-no-landslide,99.0,No Rutschung,250.5686492919922,268.85302734375,267.64208984375
2025-01-29 14:00:00,46.46390541732807,10.657777405504325,random-0390-no-landslide,99.0,No Rutschung,,,
2018-02-28 09:00:00,46.41605026761515,11.68198098178949,random-0391-no-landslide,99.0,No Rutschung,240.6203155517578,252.26422119140625,258.92291259765625
2017-05-28 03:00:00,46.817447367988095,10.517482415368121,random-0392-no-landslide,99.0,No Rutschung,259.39666748046875,277.083984375,284.816162109375
2022-07-21 02:00:00,46.77604076114714,10.700566516035733,random-0393-no-landslide,99.0,No Rutschung,263.3345947265625,280.607421875,288.06640625
2019-04-09 07:00:00,46.83284754997903,11.308788711488383,random-0394-no-landslide,99.0,No Rutschung,250.2069091796875,267.46484375,276.334716796875
2022-03-20 20:00:00,46.898856923176794,11.683492590949236,random-0395-no-landslide,99.0,No Rutschung,248.83010864257812,263.984619140625,272.237548828125
2023-11-15 03:00:00,46.723508415004986,12.253093552594994,random-0396-no-landslide,99.0,No Rutschung,255.10780334472656,267.46484375,277.27490234375
2024-10-25 23:00:00,46.78319166266456,10.811636202032831,random-0397-no-landslide,99.0,No Rutschung,,,
2023-11-19 13:00:00,46.2623064871452,11.661602182812228,random-0398-no-landslide,99.0,No Rutschung,255.65145874023438,271.76904296875,280.183349609375
2017-08-17 13:00:00,46.767870213246994,12.312276481741502,random-0399-no-landslide,99.0,No Rutschung,263.0977783203125,279.364990234375,292.96630859375
2019-12-12 11:00:00,46.50497242416936,11.612011585304645,random-0400-no-landslide,99.0,No Rutschung,246.12545776367188,260.20556640625,268.9951171875
2019-09-18 04:00:00,46.49651267657813,12.036710571923924,random-0401-no-landslide,99.0,No Rutschung,260.3651123046875,275.954833984375,284.790771484375
2021-07-21 19:00:00,46.230192933031475,10.972697696049726,random-0402-no-landslide,99.0,No Rutschung,262.072021484375,279.673828125,290.067138671875
2023-11-25 23:00:00,46.94561060657578,11.012187273203928,random-0403-no-landslide,99.0,No Rutschung,240.7299346923828,258.0028381347656,267.638916015625
2020-08-12 02:00:00,46.84296606113801,10.691615000361086,random-0404-no-landslide,99.0,No Rutschung,262.740478515625,279.828369140625,287.99951171875
2020-01-16 06:00:00,46.72767159316597,11.986776388459038,random-0405-no-landslide,99.0,No Rutschung,254.90745544433594,269.120849609375,268.77783203125
2020-02-06 23:00:00,46.699538098522886,11.77302124430659,random-0406-no-landslide,99.0,No Rutschung,253.58221435546875,267.856201171875,268.275390625
2021-03-12 18:00:00,46.921271598784614,12.12374090068467,random-0407-no-landslide,99.0,No Rutschung,243.77662658691406,263.111083984375,273.9072265625
2023-01-09 03:00:00,46.907179550270335,11.308964519432594,random-0408-no-landslide,99.0,No Rutschung,249.30076599121094,266.193359375,274.208740234375
2018-04-23 12:00:00,46.92219366611949,12.103743159137032,random-0409-no-landslide,99.0,No Rutschung,255.41629028320312,273.6318359375,288.937255859375
2021-08-10 11:00:00,46.93616824392759,11.013287809818102,random-0410-no-landslide,99.0,No Rutschung,259.934814453125,279.490478515625,291.248291015625
2021-03-04 09:00:00,46.74975006811892,11.100292263929974,random-0411-no-landslide,99.0,No Rutschung,250.12167358398438,267.241455078125,274.515380859375
2025-06-23 01:00:00,46.742927938338745,12.123868975770474,random-0412-no-landslide,99.0,No Rutschung,,,
2021-08-06 02:00:00,46.56932345329191,12.116829406971762,random-0413-no-landslide,99.0,No Rutschung,259.400634765625,275.45947265625,283.668701171875
2020-07-21 20:00:00,46.85331808201063,10.847441988422766,random-0414-no-landslide,99.0,No Rutschung,261.250244140625,277.5771484375,288.75439453125
2021-01-24 15:00:00,46.55530643113288,10.78785120409771,random-0415-no-landslide,99.0,No Rutschung,242.20228576660156,257.1047058105469,269.97412109375
2017-10-14 03:00:00,46.67921894805106,11.923598878224016,random-0416-no-landslide,99.0,No Rutschung,260.9154052734375,276.6055908203125,279.20849609375
2025-03-01 03:00:00,46.88435452747917,11.05059861584194,random-0417-no-landslide,99.0,No Rutschung,,,
2016-12-16 23:00:00,46.57529363667204,11.990007190590706,random-0418-no-landslide,99.0,No Rutschung,249.6578826904297,267.22265625,269.226318359375
2024-11-19 10:00:00,46.40724225812061,11.636153820146667,random-0419-no-landslide,99.0,No Rutschung,,,
2025-09-03 13:00:00,46.58252771206766,10.87548985466517,random-0420-no-landslide,99.0,No Rutschung,,,
2023-05-29 21:00:00,46.46354047955419,11.71883022428564,random-0421-no-landslide,99.0,No Rutschung,256.52337646484375,272.56494140625,284.4097900390625
2020-04-12 15:00:00,46.93643668630084,11.310669822034102,random-0422-no-landslide,99.0,No Rutschung,252.1538848876953,271.2945556640625,285.739990234375
2019-04-26 08:00:00,46.28148650925011,10.522247316456825,random-0423-no-landslide,99.0,No Rutschung,252.9247589111328,270.1123046875,279.02783203125
2022-08-09 18:00:00,46.92950472372283,11.240169363056367,random-0424-no-landslide,99.0,No Rutschung,262.5548095703125,279.009765625,290.060546875
2020-12-30 15:00:00,46.77319039900013,11.729048395176338,random-0425-no-landslide,99.0,No Rutschung,241.36322021484375,260.3896484375,269.471923828125
2019-10-13 18:00:00,46.74965140987827,12.198098453355492,random-0426-no-landslide,99.0,No Rutschung,258.418701171875,279.2001953125,284.24169921875
2019-04-26 10:00:00,46.93809663156751,10.953130973053552,random-0427-no-landslide,99.0,No Rutschung,253.3011474609375,270.4267578125,277.93310546875
2025-01-19 21:00:00,46.57589265565922,10.534864091774242,random-0428-no-landslide,99.0,No Rutschung,,,
2019-05-07 04:00:00,46.905471318866304,11.95123822235963,random-0429-no-landslide,99.0,No Rutschung,251.06051635742188,266.028076171875,268.985595703125
2021-06-15 06:00:00,46.86330878273856,11.4995268938952,random-0430-no-landslide,99.0,No Rutschung,262.42266845703125,279.064453125,285.680908203125
2017-12-26 06:00:00,46.48643445295798,12.04232249624943,random-0431-no-landslide,99.0,No Rutschung,250.92381286621094,267.31201171875,270.12890625
2023-10-27 09:00:00,46.37371501856363,12.328336657811263,random-0432-no-landslide,99.0,No Rutschung,254.928466796875,273.099365234375,282.0947265625
2023-02-10 20:00:00,46.25903244303725,12.036575524820204,random-0433-no-landslide,99.0,No Rutschung,249.89956665039062,266.2967529296875,270.1044921875
2019-10-28 15:00:00,46.68655194613364,10.696054688753506,random-0434-no-landslide,99.0,No Rutschung,258.6707763671875,273.0531005859375,282.865234375
2024-01-04 05:00:00,46.90186206642962,10.559582121352888,random-0435-no-landslide,99.0,No Rutschung,,,
2025-02-16 09:00:00,46.44408414035034,11.646696121451697,random-0436-no-landslide,99.0,No Rutschung,,,
2023-12-23 03:00:00,46.74232670864117,12.129191451022473,random-0437-no-landslide,99.0,No Rutschung,253.3772430419922,265.323974609375,274.83349609375
2021-10-23 08:00:00,46.669190886916326,11.96548352958047,random-0438-no-landslide,99.0,No Rutschung,253.4260711669922,268.755859375,276.10888671875
2021-07-16 13:00:00,46.62274660286096,12.173785289771129,random-0439-no-landslide,99.0,No Rutschung,259.083251953125,274.7587890625,287.6103515625
2020-07-12 05:00:00,46.69168540111183,11.34633275644771,random-0440-no-landslide,99.0,No Rutschung,258.78643798828125,273.077392578125,281.485595703125
2025-02-23 20:00:00,46.544471028956984,10.807189248296023,random-0441-no-landslide,99.0,No Rutschung,,,
2024-09-16 01:00:00,46.69650933460863,11.609922449922209,random-0442-no-landslide,99.0,No Rutschung,,,
2022-11-17 03:00:00,46.54091447641,12.130806448390798,random-0443-no-landslide,99.0,No Rutschung,254.7030487060547,269.3369140625,275.2724609375
2020-10-12 16:00:00,46.62832803402087,11.432121540583909,random-0444-no-landslide,99.0,No Rutschung,249.61143493652344,264.309814453125,275.26513671875
2020-05-19 16:00:00,46.945042791430915,10.927717756163661,random-0445-no-landslide,99.0,No Rutschung,256.26171875,273.30859375,285.96923828125
2022-11-04 03:00:00,46.519084846816206,10.65296837408688,random-0446-no-landslide,99.0,No Rutschung,254.1846160888672,269.950439453125,278.11181640625
2023-08-19 03:00:00,46.414527138895906,10.557836250631805,random-0447-no-landslide,99.0,No Rutschung,264.382568359375,281.17578125,288.918701171875
2023-10-22 18:00:00,46.75172259184525,12.124148893086804,random-0448-no-landslide,99.0,No Rutschung,257.14373779296875,270.384521484375,279.490234375
2019-05-07 18:00:00,46.75759853302217,11.676280030122694,random-0449-no-landslide,99.0,No Rutschung,252.11248779296875,267.620361328125,278.796142578125
2018-11-03 11:00:00,46.25826085402477,12.347378752644621,random-0450-no-landslide,99.0,No Rutschung,258.381103515625,272.656494140625,281.937255859375
2019-09-23 13:00:00,46.54447692031922,11.582615032555575,random-0451-no-landslide,99.0,No Rutschung,258.44158935546875,273.402099609375,282.375
2020-06-07 09:00:00,46.85676559949882,11.41056697719628,random-0452-no-landslide,99.0,No Rutschung,257.59136962890625,274.09130859375,284.37060546875
2021-07-17 15:00:00,46.69989586269209,11.983310510558171,random-0453-no-landslide,99.0,No Rutschung,262.21875,277.21533203125,290.3095703125
2017-10-29 20:00:00,46.38075582314518,12.206596829108742,random-0454-no-landslide,99.0,No Rutschung,262.5118103027344,266.9033203125,278.423583984375
2020-06-22 04:00:00,46.39880468170952,12.063797103784337,random-0455-no-landslide,99.0,No Rutschung,261.041259765625,277.282958984375,283.061767578125
2024-05-18 00:00:00,46.8823409809467,11.839078682922523,random-0456-no-landslide,99.0,No Rutschung,,,
2018-08-26 20:00:00,46.49724174976224,11.683340451492871,random-0457-no-landslide,99.0,No Rutschung,263.30078125,273.54931640625,280.722412109375
2025-05-24 23:00:00,46.84309197909035,10.838936375263232,random-0458-no-landslide,99.0,No Rutschung,,,
2018-12-14 07:00:00,46.854845549341356,10.962828674906032,random-0459-no-landslide,99.0,No Rutschung,246.01449584960938,257.872802734375,260.769287109375
2022-03-06 18:00:00,46.705362928003105,11.58399784784095,random-0460-no-landslide,99.0,No Rutschung,241.5538787841797,259.06884765625,269.572509765625
2020-03-17 01:00:00,46.45364523819136,11.719959264007192,random-0461-no-landslide,99.0,No Rutschung,252.10025024414062,271.3818359375,273.7158203125
2020-02-17 14:00:00,46.70113646656533,10.983215606413593,random-0462-no-landslide,99.0,No Rutschung,257.8443603515625,272.333251953125,278.347900390625
2018-02-13 16:00:00,46.51434344129876,11.62008628181012,random-0463-no-landslide,99.0,No Rutschung,239.64935302734375,255.871826171875,267.476806640625
2019-08-17 16:00:00,46.351377453570024,10.637953108560108,random-0464-no-landslide,99.0,No Rutschung,264.9495849609375,279.20361328125,290.344970703125
2019-10-05 13:00:00,46.71022466281465,11.339711782866662,random-0465-no-landslide,99.0,No Rutschung,257.9310302734375,270.2822265625,283.66796875
2017-04-12 09:00:00,46.40808567878605,11.306258174252186,random-0466-no-landslide,99.0,No Rutschung,253.8161163330078,270.859130859375,279.709228515625
2021-12-04 16:00:00,46.349841399545085,10.812878453086899,random-0467-no-landslide,99.0,No Rutschung,251.64395141601562,266.353759765625,272.115478515625
2021-06-30 14:00:00,46.48566645935099,11.632847194302506,random-0468-no-landslide,99.0,No Rutschung,257.13330078125,273.916259765625,286.573486328125
2024-07-06 02:00:00,46.835755593520716,11.388056322740573,random-0469-no-landslide,99.0,No Rutschung,,,
2024-11-05 21:00:00,46.85015288323924,11.335207194509419,random-0470-no-landslide,99.0,No Rutschung,,,
2019-08-16 11:00:00,46.30983670600456,10.885431445161357,random-0471-no-landslide,99.0,No Rutschung,260.6421813964844,275.19970703125,287.6767578125
2025-04-27 03:00:00,46.31777391666963,12.345589983710978,random-0472-no-landslide,99.0,No Rutschung,,,
2024-06-03 07:00:00,46.689117951426375,10.597188233502893,random-0473-no-landslide,99.0,No Rutschung,,,
2017-12-02 08:00:00,46.45652390791431,12.246822711425366,random-0474-no-landslide,99.0,No Rutschung,241.87942504882812,260.364013671875,265.539794921875
2019-12-25 04:00:00,46.72373978570324,11.593825965216675,random-0475-no-landslide,99.0,No Rutschung,245.81381225585938,262.597412109375,270.374755859375
2017-08-10 07:00:00,46.92262332406602,12.34547244313497,random-0476-no-landslide,99.0,No Rutschung,261.59600830078125,278.164794921875,287.43896484375
2017-07-05 17:00:00,46.461533186879684,10.533016861699336,random-0477-no-landslide,99.0,No Rutschung,260.9981689453125,279.2001953125,291.078857421875
2022-08-19 19:00:00,46.58055406121183,11.464659360551897,random-0478-no-landslide,99.0,No Rutschung,261.251953125,275.212158203125,287.635498046875
2017-12-26 05:00:00,46.31976389759726,11.495792185483223,random-0479-no-landslide,99.0,No Rutschung,251.10546875,266.350341796875,270.89111328125
2023-07-12 07:00:00,46.735570987862666,11.076332892445938,random-0480-no-landslide,99.0,No Rutschung,262.7701416015625,280.622314453125,288.143310546875
2023-06-01 01:00:00,46.36473005299788,10.804164432860825,random-0481-no-landslide,99.0,No Rutschung,256.16400146484375,272.230224609375,283.426025390625
2024-01-13 02:00:00,46.39792069323318,10.792536952516768,random-0482-no-landslide,99.0,No Rutschung,,,
2024-11-11 06:00:00,46.704652657385864,10.977929412578964,random-0483-no-landslide,99.0,No Rutschung,,,
2019-06-16 07:00:00,46.404805570273155,10.533271550986633,random-0484-no-landslide,99.0,No Rutschung,258.667236328125,274.16650390625,286.21142578125
2022-11-17 23:00:00,46.8980816668233,10.557339884790428,random-0485-no-landslide,99.0,No Rutschung,250.17481994628906,267.645263671875,276.888671875
2021-07-19 04:00:00,46.38435624532818,11.765567755774057,random-0486-no-landslide,99.0,No Rutschung,262.578369140625,277.584716796875,286.04052734375
2021-05-28 11:00:00,46.70848736600691,12.046669839055385,random-0487-no-landslide,99.0,No Rutschung,257.63653564453125,271.59814453125,284.36865234375
2021-04-11 21:00:00,46.66394494572729,10.798377948263163,random-0488-no-landslide,99.0,No Rutschung,251.13490295410156,267.87744140625,276.367431640625
2022-03-14 19:00:00,46.76986394875047,12.35801389169734,random-0489-no-landslide,99.0,No Rutschung,248.9223175048828,267.8779296875,275.2568359375
2020-11-25 07:00:00,46.860423019681114,11.88138502727832,random-0490-no-landslide,99.0,No Rutschung,251.96595764160156,271.374267578125,271.1953125
2025-07-14 01:00:00,46.89429385955133,11.931390748993893,random-0491-no-landslide,99.0,No Rutschung,,,
2023-06-11 13:00:00,46.77694373342453,12.011153871553427,random-0492-no-landslide,99.0,No Rutschung,258.58984375,275.3798828125,289.5478515625
2017-01-10 03:00:00,46.8535173582402,11.0936594853425,random-0493-no-landslide,99.0,No Rutschung,245.86793518066406,262.12518310546875,264.4840087890625
2017-09-19 23:00:00,46.62051775920664,10.725303074370968,random-0494-no-landslide,99.0,No Rutschung,250.26402282714844,266.70166015625,276.711181640625
2019-10-26 05:00:00,46.6820835251155,11.11457590019899,random-0495-no-landslide,99.0,No Rutschung,261.2122802734375,277.168701171875,279.705322265625
2023-07-15 15:00:00,46.50267945907743,11.554123481403106,random-0496-no-landslide,99.0,No Rutschung,266.2574462890625,282.401123046875,295.28369140625
2018-12-06 19:00:00,46.40006303372235,11.339554797790727,random-0497-no-landslide,99.0,No Rutschung,256.19757080078125,270.03662109375,275.50927734375
2022-10-25 20:00:00,46.66286378462286,10.637390581703261,random-0498-no-landslide,99.0,No Rutschung,258.1775817871094,273.57275390625,282.28857421875
2016-12-29 20:00:00,46.774831580311876,11.702106275830953,random-0499-no-landslide,99.0,No Rutschung,252.8037567138672,267.84307861328125,269.048583984375
2019-07-14 06:00:00,46.849519031860666,11.210700156819199,random-0500-no-landslide,99.0,No Rutschung,256.6557922363281,272.6162109375,281.9541015625
